token_idx,layer_id,expert_id,source
1,0,238,SSD
1,0,41,SSD
1,0,43,SSD
1,0,30,SSD
1,0,95,SSD
1,0,206,SSD
1,0,86,SSD
1,0,200,SSD
1,1,233,SSD
1,1,128,SSD
1,1,182,SSD
1,1,211,SSD
1,1,224,SSD
1,1,155,SSD
1,1,11,SSD
1,1,19,SSD
1,2,49,SSD
1,2,11,SSD
1,2,217,SSD
1,2,60,SSD
1,2,188,SSD
1,2,8,SSD
1,2,133,SSD
1,2,119,SSD
1,3,214,SSD
1,3,199,SSD
1,3,117,SSD
1,3,225,SSD
1,3,6,SSD
1,3,39,SSD
1,3,38,SSD
1,3,106,SSD
1,4,154,SSD
1,4,58,SSD
1,4,88,SSD
1,4,165,SSD
1,4,235,SSD
1,4,192,SSD
1,4,233,SSD
1,4,160,SSD
1,5,158,SSD
1,5,188,SSD
1,5,43,SSD
1,5,88,SSD
1,5,153,SSD
1,5,218,SSD
1,5,65,SSD
1,5,79,SSD
1,6,138,SSD
1,6,65,SSD
1,6,169,SSD
1,6,68,SSD
1,6,79,SSD
1,6,143,SSD
1,6,22,SSD
1,6,196,SSD
1,7,78,SSD
1,7,229,SSD
1,7,184,SSD
1,7,14,SSD
1,7,117,SSD
1,7,35,SSD
1,7,208,SSD
1,7,36,SSD
1,8,224,SSD
1,8,180,SSD
1,8,164,SSD
1,8,151,SSD
1,8,23,SSD
1,8,220,SSD
1,8,239,SSD
1,8,61,SSD
1,9,255,SSD
1,9,243,SSD
1,9,197,SSD
1,9,2,SSD
1,9,8,SSD
1,9,9,SSD
1,9,59,SSD
1,9,161,SSD
1,10,196,SSD
1,10,65,SSD
1,10,157,SSD
1,10,247,SSD
1,10,185,SSD
1,10,125,SSD
1,10,243,SSD
1,10,27,SSD
1,11,160,SSD
1,11,39,SSD
1,11,108,SSD
1,11,128,SSD
1,11,206,SSD
1,11,150,SSD
1,11,107,SSD
1,11,47,SSD
1,12,145,SSD
1,12,60,SSD
1,12,223,SSD
1,12,199,SSD
1,12,220,SSD
1,12,128,SSD
1,12,221,SSD
1,12,39,SSD
1,13,89,SSD
1,13,182,SSD
1,13,134,SSD
1,13,202,SSD
1,13,66,SSD
1,13,138,SSD
1,13,154,SSD
1,13,93,SSD
1,14,137,SSD
1,14,189,SSD
1,14,32,SSD
1,14,51,SSD
1,14,103,SSD
1,14,88,SSD
1,14,28,SSD
1,14,159,SSD
1,15,46,SSD
1,15,58,SSD
1,15,165,SSD
1,15,87,SSD
1,15,148,SSD
1,15,162,SSD
1,15,242,SSD
1,15,174,SSD
1,16,28,SSD
1,16,205,SSD
1,16,238,SSD
1,16,60,SSD
1,16,51,SSD
1,16,43,SSD
1,16,252,SSD
1,16,9,SSD
1,17,248,SSD
1,17,87,SSD
1,17,5,SSD
1,17,15,SSD
1,17,64,SSD
1,17,0,SSD
1,17,89,SSD
1,17,20,SSD
1,18,134,SSD
1,18,43,SSD
1,18,170,SSD
1,18,13,SSD
1,18,15,SSD
1,18,161,SSD
1,18,197,SSD
1,18,34,SSD
1,19,167,SSD
1,19,20,SSD
1,19,109,SSD
1,19,195,SSD
1,19,36,SSD
1,19,19,SSD
1,19,26,SSD
1,19,121,SSD
1,20,23,SSD
1,20,56,SSD
1,20,239,SSD
1,20,104,SSD
1,20,116,SSD
1,20,180,SSD
1,20,4,SSD
1,20,115,SSD
1,21,197,SSD
1,21,255,SSD
1,21,2,SSD
1,21,191,SSD
1,21,95,SSD
1,21,161,SSD
1,21,180,SSD
1,21,170,SSD
1,22,243,SSD
1,22,157,SSD
1,22,65,SSD
1,22,125,SSD
1,22,196,SSD
1,22,150,SSD
1,22,247,SSD
1,22,27,SSD
1,23,128,SSD
1,23,160,SSD
1,23,206,SSD
1,23,39,SSD
1,23,14,SSD
1,23,9,SSD
1,23,111,SSD
1,23,204,SSD
1,24,145,SSD
1,24,93,SSD
1,24,151,SSD
1,24,220,SSD
1,24,199,SSD
1,24,1,SSD
1,24,192,SSD
1,24,123,SSD
1,25,202,SSD
1,25,134,SSD
1,25,182,SSD
1,25,185,SSD
1,25,66,SSD
1,25,138,SSD
1,25,103,SSD
1,25,32,SSD
1,26,137,SSD
1,26,51,SSD
1,26,88,SSD
1,26,159,SSD
1,26,103,SSD
1,26,106,SSD
1,26,167,SSD
1,26,105,SSD
1,27,46,SSD
1,27,165,SSD
1,27,58,SSD
1,27,162,SSD
1,27,172,SSD
1,27,242,RAM
1,27,174,SSD
1,27,181,SSD
1,28,80,RAM
1,28,111,RAM
1,28,170,RAM
1,28,229,RAM
1,28,205,RAM
1,28,35,RAM
1,28,43,RAM
1,28,51,RAM
1,29,242,RAM
1,29,248,RAM
1,29,5,RAM
1,29,35,RAM
1,29,87,RAM
1,29,0,RAM
1,29,158,SSD
1,29,124,RAM
1,30,13,RAM
1,30,163,RAM
1,30,192,RAM
1,30,170,RAM
1,30,226,RAM
1,30,52,RAM
1,30,134,RAM
1,30,177,RAM
1,31,167,RAM
1,31,20,RAM
1,31,14,RAM
1,31,116,RAM
1,31,109,RAM
1,31,30,RAM
1,31,77,RAM
1,31,35,RAM
1,32,119,RAM
1,32,178,RAM
1,32,2,RAM
1,32,90,RAM
1,32,112,RAM
1,32,60,SSD
1,32,223,SSD
1,32,149,SSD
1,33,74,SSD
1,33,39,RAM
1,33,220,RAM
1,33,81,RAM
1,33,49,RAM
1,33,93,RAM
1,33,129,RAM
1,33,127,RAM
1,34,116,SSD
1,34,21,SSD
1,34,1,RAM
1,34,85,RAM
1,34,141,RAM
1,34,40,RAM
1,34,186,RAM
1,34,107,RAM
1,35,97,RAM
1,35,167,RAM
1,35,22,RAM
1,35,104,RAM
1,35,42,RAM
1,35,202,RAM
1,35,72,RAM
1,35,89,RAM
1,36,158,RAM
1,36,70,RAM
1,36,120,RAM
1,36,118,RAM
1,36,98,RAM
1,36,74,RAM
1,36,83,RAM
1,36,28,RAM
1,37,145,RAM
1,37,58,RAM
1,37,64,RAM
1,37,182,RAM
1,37,21,RAM
1,37,124,RAM
1,37,88,RAM
1,37,32,RAM
1,38,92,RAM
1,38,148,RAM
1,38,94,RAM
1,38,212,RAM
1,38,127,RAM
1,38,209,RAM
1,38,59,RAM
1,38,84,SSD
1,39,2,RAM
1,39,189,RAM
1,39,38,RAM
1,39,78,RAM
1,39,213,RAM
1,39,69,RAM
1,39,242,SSD
1,39,89,SSD
2,0,233,SSD
2,0,127,SSD
2,0,236,SSD
2,0,40,SSD
2,0,106,SSD
2,0,157,SSD
2,0,147,SSD
2,0,43,RAM
2,1,19,RAM
2,1,124,SSD
2,1,242,SSD
2,1,211,RAM
2,1,167,SSD
2,1,128,RAM
2,1,118,SSD
2,1,224,RAM
2,2,11,RAM
2,2,188,RAM
2,2,60,RAM
2,2,49,RAM
2,2,158,SSD
2,2,79,SSD
2,2,217,RAM
2,2,253,SSD
2,3,202,SSD
2,3,236,SSD
2,3,131,SSD
2,3,214,RAM
2,3,199,RAM
2,3,117,RAM
2,3,219,SSD
2,3,39,RAM
2,4,154,RAM
2,4,88,RAM
2,4,122,SSD
2,4,160,RAM
2,4,172,SSD
2,4,98,SSD
2,4,30,SSD
2,4,58,RAM
2,5,198,SSD
2,5,158,RAM
2,5,31,SSD
2,5,153,RAM
2,5,151,SSD
2,5,61,SSD
2,5,205,SSD
2,5,120,SSD
2,6,156,SSD
2,6,79,RAM
2,6,65,RAM
2,6,49,SSD
2,6,138,RAM
2,6,14,SSD
2,6,143,RAM
2,6,171,SSD
2,7,199,SSD
2,7,35,RAM
2,7,191,SSD
2,7,76,SSD
2,7,32,SSD
2,7,147,SSD
2,7,101,SSD
2,7,185,SSD
2,8,56,SSD
2,8,224,RAM
2,8,180,RAM
2,8,164,RAM
2,8,107,SSD
2,8,220,RAM
2,8,151,RAM
2,8,52,SSD
2,9,217,SSD
2,9,197,RAM
2,9,44,SSD
2,9,156,SSD
2,9,255,RAM
2,9,8,RAM
2,9,61,SSD
2,9,243,RAM
2,10,122,SSD
2,10,171,SSD
2,10,157,RAM
2,10,234,SSD
2,10,194,SSD
2,10,196,RAM
2,10,62,SSD
2,10,63,SSD
2,11,14,SSD
2,11,27,SSD
2,11,111,SSD
2,11,107,RAM
2,11,204,SSD
2,11,101,SSD
2,11,160,RAM
2,11,3,SSD
2,12,208,SSD
2,12,1,SSD
2,12,220,RAM
2,12,43,SSD
2,12,39,RAM
2,12,3,SSD
2,12,65,SSD
2,12,128,RAM
2,13,13,SSD
2,13,199,SSD
2,13,203,SSD
2,13,138,RAM
2,13,202,RAM
2,13,66,RAM
2,13,210,SSD
2,13,20,SSD
2,14,52,SSD
2,14,167,SSD
2,14,137,RAM
2,14,51,RAM
2,14,138,SSD
2,14,106,SSD
2,14,252,SSD
2,14,105,SSD
2,15,233,SSD
2,15,165,RAM
2,15,213,SSD
2,15,162,RAM
2,15,181,SSD
2,15,4,SSD
2,15,206,SSD
2,15,174,RAM
2,16,243,SSD
2,16,170,SSD
2,16,205,RAM
2,16,231,SSD
2,16,229,SSD
2,16,51,RAM
2,16,130,SSD
2,16,28,RAM
2,17,242,SSD
2,17,248,RAM
2,17,115,SSD
2,17,64,RAM
2,17,35,SSD
2,17,158,SSD
2,17,60,SSD
2,17,15,RAM
2,18,192,SSD
2,18,13,RAM
2,18,52,SSD
2,18,226,SSD
2,18,205,SSD
2,18,17,SSD
2,18,155,SSD
2,18,191,SSD
2,19,229,SSD
2,19,4,SSD
2,19,14,SSD
2,19,35,SSD
2,19,51,SSD
2,19,137,SSD
2,19,26,RAM
2,19,197,SSD
2,20,224,SSD
2,20,115,RAM
2,20,56,RAM
2,20,107,SSD
2,20,41,SSD
2,20,151,SSD
2,20,186,SSD
2,20,238,SSD
2,21,217,SSD
2,21,156,SSD
2,21,61,SSD
2,21,197,RAM
2,21,207,SSD
2,21,166,SSD
2,21,0,SSD
2,21,5,SSD
2,22,122,SSD
2,22,196,RAM
2,22,157,RAM
2,22,62,SSD
2,22,63,SSD
2,22,194,SSD
2,22,234,SSD
2,22,150,RAM
2,23,14,RAM
2,23,111,RAM
2,23,107,SSD
2,23,27,SSD
2,23,204,RAM
2,23,56,SSD
2,23,66,SSD
2,23,145,SSD
2,24,106,SSD
2,24,1,RAM
2,24,155,SSD
2,24,199,RAM
2,24,39,SSD
2,24,192,RAM
2,24,16,SSD
2,24,251,SSD
2,25,13,SSD
2,25,202,RAM
2,25,203,SSD
2,25,199,SSD
2,25,20,SSD
2,25,137,SSD
2,25,174,SSD
2,25,210,SSD
2,26,52,SSD
2,26,137,RAM
2,26,138,SSD
2,26,167,RAM
2,26,67,SSD
2,26,252,SSD
2,26,119,SSD
2,26,105,RAM
2,27,233,SSD
2,27,100,SSD
2,27,206,SSD
2,27,80,SSD
2,27,110,SSD
2,27,150,SSD
2,27,85,SSD
2,27,230,SSD
2,28,111,RAM
2,28,80,RAM
2,28,54,SSD
2,28,51,RAM
2,28,233,SSD
2,28,165,SSD
2,28,243,SSD
2,28,215,SSD
2,29,158,RAM
2,29,35,RAM
2,29,242,RAM
2,29,115,SSD
2,29,236,SSD
2,29,89,SSD
2,29,60,SSD
2,29,248,RAM
2,30,13,RAM
2,30,192,RAM
2,30,52,RAM
2,30,117,SSD
2,30,94,SSD
2,30,226,RAM
2,30,106,SSD
2,30,17,SSD
2,31,137,RAM
2,31,229,SSD
2,31,14,RAM
2,31,35,RAM
2,31,67,RAM
2,31,233,SSD
2,31,196,SSD
2,31,33,RAM
2,32,75,RAM
2,32,96,RAM
2,32,116,RAM
2,32,101,RAM
2,32,151,RAM
2,32,18,RAM
2,32,42,RAM
2,32,19,SSD
2,33,49,RAM
2,33,11,RAM
2,33,81,RAM
2,33,74,RAM
2,33,253,RAM
2,33,182,RAM
2,33,136,SSD
2,33,58,RAM
2,34,205,RAM
2,34,196,RAM
2,34,63,RAM
2,34,180,RAM
2,34,101,RAM
2,34,247,RAM
2,34,181,RAM
2,34,19,SSD
2,35,153,RAM
2,35,167,RAM
2,35,132,RAM
2,35,97,RAM
2,35,253,RAM
2,35,14,RAM
2,35,165,RAM
2,35,89,RAM
2,36,158,RAM
2,36,8,SSD
2,36,118,RAM
2,36,0,RAM
2,36,28,RAM
2,36,203,RAM
2,36,50,RAM
2,36,155,SSD
2,37,64,RAM
2,37,58,RAM
2,37,145,RAM
2,37,89,RAM
2,37,75,RAM
2,37,103,RAM
2,37,21,RAM
2,37,11,SSD
2,38,92,RAM
2,38,94,RAM
2,38,127,RAM
2,38,128,RAM
2,38,22,RAM
2,38,59,RAM
2,38,209,RAM
2,38,205,SSD
2,39,189,RAM
2,39,2,RAM
2,39,16,RAM
2,39,9,RAM
2,39,213,RAM
2,39,70,RAM
2,39,146,RAM
2,39,89,RAM
3,0,222,SSD
3,0,163,SSD
3,0,208,SSD
3,0,75,SSD
3,0,211,SSD
3,0,81,SSD
3,0,231,SSD
3,0,70,SSD
3,1,75,SSD
3,1,153,SSD
3,1,59,SSD
3,1,64,SSD
3,1,114,SSD
3,1,11,RAM
3,1,167,RAM
3,1,132,SSD
3,2,158,RAM
3,2,223,SSD
3,2,216,SSD
3,2,58,SSD
3,2,89,SSD
3,2,71,SSD
3,2,254,SSD
3,2,42,SSD
3,3,243,SSD
3,3,36,SSD
3,3,163,SSD
3,3,56,SSD
3,3,228,SSD
3,3,167,SSD
3,3,94,SSD
3,3,16,SSD
3,4,175,SSD
3,4,121,SSD
3,4,233,RAM
3,4,162,SSD
3,4,8,SSD
3,4,206,SSD
3,4,110,SSD
3,4,1,SSD
3,5,77,SSD
3,5,64,SSD
3,5,153,RAM
3,5,60,SSD
3,5,242,SSD
3,5,52,SSD
3,5,177,SSD
3,5,198,RAM
3,6,102,SSD
3,6,57,SSD
3,6,195,SSD
3,6,220,SSD
3,6,156,RAM
3,6,201,SSD
3,6,185,SSD
3,6,171,RAM
3,7,199,RAM
3,7,223,SSD
3,7,96,SSD
3,7,24,SSD
3,7,166,SSD
3,7,132,SSD
3,7,212,SSD
3,7,30,SSD
3,8,224,RAM
3,8,63,SSD
3,8,41,SSD
3,8,151,RAM
3,8,123,SSD
3,8,72,SSD
3,8,206,SSD
3,8,16,SSD
3,9,166,SSD
3,9,243,RAM
3,9,44,RAM
3,9,134,SSD
3,9,61,RAM
3,9,32,SSD
3,9,251,SSD
3,9,3,SSD
3,10,146,SSD
3,10,116,SSD
3,10,122,RAM
3,10,19,SSD
3,10,20,SSD
3,10,205,SSD
3,10,242,SSD
3,10,156,SSD
3,11,141,SSD
3,11,37,SSD
3,11,14,RAM
3,11,237,SSD
3,11,71,SSD
3,11,204,RAM
3,11,56,SSD
3,11,134,SSD
3,12,50,SSD
3,12,208,RAM
3,12,2,SSD
3,12,9,SSD
3,12,42,SSD
3,12,116,SSD
3,12,97,SSD
3,12,163,SSD
3,13,174,SSD
3,13,0,SSD
3,13,126,SSD
3,13,13,RAM
3,13,185,SSD
3,13,47,SSD
3,13,228,SSD
3,13,40,SSD
3,14,138,RAM
3,14,189,RAM
3,14,44,SSD
3,14,252,RAM
3,14,17,SSD
3,14,67,SSD
3,14,58,SSD
3,14,78,SSD
3,15,206,RAM
3,15,18,SSD
3,15,12,SSD
3,15,3,SSD
3,15,238,SSD
3,15,245,SSD
3,15,134,SSD
3,15,33,SSD
3,16,59,SSD
3,16,234,SSD
3,16,169,SSD
3,16,53,SSD
3,16,130,RAM
3,16,82,SSD
3,16,224,SSD
3,16,102,SSD
3,17,60,RAM
3,17,220,SSD
3,17,69,SSD
3,17,4,SSD
3,17,164,SSD
3,17,8,SSD
3,17,89,RAM
3,17,115,RAM
3,18,209,SSD
3,18,116,SSD
3,18,117,SSD
3,18,66,SSD
3,18,17,RAM
3,18,229,SSD
3,18,94,SSD
3,18,108,SSD
3,19,137,RAM
3,19,48,SSD
3,19,124,SSD
3,19,47,SSD
3,19,248,SSD
3,19,14,RAM
3,19,197,RAM
3,19,35,RAM
3,20,41,RAM
3,20,224,RAM
3,20,151,RAM
3,20,56,RAM
3,20,172,SSD
3,20,1,SSD
3,20,117,SSD
3,20,238,RAM
3,21,166,RAM
3,21,32,SSD
3,21,243,SSD
3,21,251,SSD
3,21,95,RAM
3,21,61,RAM
3,21,103,SSD
3,21,207,RAM
3,22,122,RAM
3,22,116,SSD
3,22,205,SSD
3,22,20,SSD
3,22,19,SSD
3,22,146,SSD
3,22,137,SSD
3,22,194,RAM
3,23,141,SSD
3,23,14,RAM
3,23,56,RAM
3,23,71,SSD
3,23,134,SSD
3,23,37,SSD
3,23,107,RAM
3,23,174,SSD
3,24,50,SSD
3,24,9,SSD
3,24,1,RAM
3,24,2,SSD
3,24,97,SSD
3,24,42,SSD
3,24,11,SSD
3,24,20,SSD
3,25,174,RAM
3,25,0,SSD
3,25,126,SSD
3,25,13,RAM
3,25,219,SSD
3,25,137,RAM
3,25,203,RAM
3,25,228,SSD
3,26,138,RAM
3,26,67,RAM
3,26,252,RAM
3,26,196,SSD
3,26,78,SSD
3,26,213,SSD
3,26,17,SSD
3,26,189,SSD
3,27,12,SSD
3,27,206,RAM
3,27,26,SSD
3,27,245,SSD
3,27,33,SSD
3,27,35,SSD
3,27,55,SSD
3,27,80,RAM
3,28,59,SSD
3,28,224,SSD
3,28,53,SSD
3,28,130,SSD
3,28,234,SSD
3,28,114,SSD
3,28,102,SSD
3,28,165,RAM
3,29,158,RAM
3,29,164,SSD
3,29,170,SSD
3,29,214,SSD
3,29,115,RAM
3,29,69,SSD
3,29,60,RAM
3,29,35,RAM
3,30,192,RAM
3,30,116,SSD
3,30,94,RAM
3,30,52,RAM
3,30,117,RAM
3,30,13,RAM
3,30,165,SSD
3,30,191,SSD
3,31,137,RAM
3,31,229,RAM
3,31,14,RAM
3,31,35,RAM
3,31,47,SSD
3,31,247,SSD
3,31,146,SSD
3,31,33,RAM
3,32,123,SSD
3,32,19,RAM
3,32,18,RAM
3,32,120,SSD
3,32,48,SSD
3,32,101,RAM
3,32,151,RAM
3,32,22,SSD
3,33,234,SSD
3,33,181,SSD
3,33,49,RAM
3,33,74,RAM
3,33,81,RAM
3,33,107,SSD
3,33,47,SSD
3,33,253,RAM
3,34,175,RAM
3,34,48,SSD
3,34,240,RAM
3,34,64,SSD
3,34,166,SSD
3,34,5,SSD
3,34,56,SSD
3,34,220,SSD
3,35,94,RAM
3,35,167,RAM
3,35,97,RAM
3,35,85,RAM
3,35,2,RAM
3,35,5,RAM
3,35,114,RAM
3,35,9,SSD
3,36,158,RAM
3,36,246,RAM
3,36,152,SSD
3,36,195,RAM
3,36,67,RAM
3,36,142,RAM
3,36,202,SSD
3,36,118,RAM
3,37,64,RAM
3,37,58,RAM
3,37,43,RAM
3,37,161,RAM
3,37,60,RAM
3,37,135,RAM
3,37,55,RAM
3,37,67,RAM
3,38,92,RAM
3,38,201,RAM
3,38,242,SSD
3,38,163,RAM
3,38,88,RAM
3,38,30,RAM
3,38,234,RAM
3,38,209,RAM
3,39,189,RAM
3,39,248,RAM
3,39,1,RAM
3,39,92,RAM
3,39,246,RAM
3,39,2,RAM
3,39,219,SSD
3,39,215,RAM
4,0,124,SSD
4,0,144,SSD
4,0,234,SSD
4,0,188,SSD
4,0,62,SSD
4,0,92,SSD
4,0,231,RAM
4,0,76,SSD
4,1,123,SSD
4,1,43,SSD
4,1,198,SSD
4,1,232,SSD
4,1,141,SSD
4,1,29,SSD
4,1,133,SSD
4,1,66,SSD
4,2,249,SSD
4,2,110,SSD
4,2,92,SSD
4,2,158,RAM
4,2,150,SSD
4,2,164,SSD
4,2,40,SSD
4,2,23,SSD
4,3,188,SSD
4,3,228,RAM
4,3,116,SSD
4,3,191,SSD
4,3,202,RAM
4,3,39,RAM
4,3,173,SSD
4,3,155,SSD
4,4,154,RAM
4,4,94,SSD
4,4,71,SSD
4,4,164,SSD
4,4,12,SSD
4,4,121,RAM
4,4,160,RAM
4,4,152,SSD
4,5,81,SSD
4,5,153,RAM
4,5,198,RAM
4,5,151,RAM
4,5,120,RAM
4,5,98,SSD
4,5,52,RAM
4,5,170,SSD
4,6,156,RAM
4,6,49,RAM
4,6,57,RAM
4,6,102,RAM
4,6,79,RAM
4,6,196,RAM
4,6,8,SSD
4,6,143,RAM
4,7,199,RAM
4,7,132,RAM
4,7,24,RAM
4,7,76,RAM
4,7,185,RAM
4,7,108,SSD
4,7,223,RAM
4,7,35,RAM
4,8,56,RAM
4,8,224,RAM
4,8,41,RAM
4,8,151,RAM
4,8,6,SSD
4,8,182,SSD
4,8,107,RAM
4,8,206,RAM
4,9,44,RAM
4,9,166,RAM
4,9,243,RAM
4,9,61,RAM
4,9,96,SSD
4,9,108,SSD
4,9,8,RAM
4,9,207,SSD
4,10,122,RAM
4,10,234,RAM
4,10,9,SSD
4,10,171,RAM
4,10,8,SSD
4,10,63,RAM
4,10,205,RAM
4,10,232,SSD
4,11,14,RAM
4,11,111,RAM
4,11,116,SSD
4,11,114,SSD
4,11,134,RAM
4,11,174,SSD
4,11,204,RAM
4,11,153,SSD
4,12,208,RAM
4,12,9,RAM
4,12,3,RAM
4,12,42,RAM
4,12,116,RAM
4,12,39,RAM
4,12,2,RAM
4,12,139,SSD
4,13,174,RAM
4,13,13,RAM
4,13,219,SSD
4,13,199,RAM
4,13,47,RAM
4,13,228,RAM
4,13,40,RAM
4,13,95,SSD
4,14,52,RAM
4,14,138,RAM
4,14,189,RAM
4,14,67,RAM
4,14,167,RAM
4,14,137,RAM
4,14,58,RAM
4,14,252,RAM
4,15,206,RAM
4,15,181,RAM
4,15,233,RAM
4,15,165,RAM
4,15,134,RAM
4,15,238,RAM
4,15,174,RAM
4,15,220,SSD
4,16,170,RAM
4,16,51,RAM
4,16,193,SSD
4,16,130,RAM
4,16,102,RAM
4,16,150,SSD
4,16,169,RAM
4,16,205,RAM
4,17,60,RAM
4,17,89,RAM
4,17,158,RAM
4,17,69,RAM
4,17,15,RAM
4,17,115,RAM
4,17,35,RAM
4,17,124,SSD
4,18,117,RAM
4,18,192,RAM
4,18,226,RAM
4,18,197,RAM
4,18,77,SSD
4,18,205,RAM
4,18,13,RAM
4,18,191,RAM
4,19,137,RAM
4,19,4,RAM
4,19,124,RAM
4,19,35,RAM
4,19,117,SSD
4,19,14,RAM
4,19,26,RAM
4,19,59,SSD
4,20,41,RAM
4,20,224,RAM
4,20,151,RAM
4,20,56,RAM
4,20,107,RAM
4,20,115,RAM
4,20,1,RAM
4,20,238,RAM
4,21,166,RAM
4,21,243,RAM
4,21,207,RAM
4,21,131,SSD
4,21,103,RAM
4,21,95,RAM
4,21,61,RAM
4,21,197,RAM
4,22,122,RAM
4,22,234,RAM
4,22,205,RAM
4,22,116,RAM
4,22,9,SSD
4,22,0,SSD
4,22,63,RAM
4,22,196,RAM
4,23,111,RAM
4,23,14,RAM
4,23,116,SSD
4,23,107,RAM
4,23,56,RAM
4,23,114,SSD
4,23,239,SSD
4,23,59,SSD
4,24,1,RAM
4,24,9,RAM
4,24,39,RAM
4,24,220,RAM
4,24,50,RAM
4,24,128,SSD
4,24,3,SSD
4,24,2,RAM
4,25,174,RAM
4,25,28,SSD
4,25,13,RAM
4,25,202,RAM
4,25,219,RAM
4,25,71,SSD
4,25,154,SSD
4,25,20,RAM
4,26,137,RAM
4,26,52,RAM
4,26,138,RAM
4,26,67,RAM
4,26,252,RAM
4,26,167,RAM
4,26,106,RAM
4,26,51,RAM
4,27,165,RAM
4,27,181,RAM
4,27,162,RAM
4,27,100,RAM
4,27,26,RAM
4,27,177,SSD
4,27,206,RAM
4,27,58,RAM
4,28,80,RAM
4,28,170,RAM
4,28,111,RAM
4,28,193,SSD
4,28,205,RAM
4,28,130,RAM
4,28,26,SSD
4,28,0,SSD
4,29,35,RAM
4,29,158,RAM
4,29,49,SSD
4,29,21,SSD
4,29,242,RAM
4,29,166,SSD
4,29,60,RAM
4,29,88,SSD
4,30,197,SSD
4,30,13,RAM
4,30,192,RAM
4,30,52,RAM
4,30,134,RAM
4,30,226,RAM
4,30,162,SSD
4,30,250,SSD
4,31,4,SSD
4,31,20,RAM
4,31,14,RAM
4,31,205,SSD
4,31,39,SSD
4,31,252,SSD
4,31,30,RAM
4,31,253,SSD
4,32,146,SSD
4,32,19,RAM
4,32,90,RAM
4,32,254,SSD
4,32,77,SSD
4,32,178,RAM
4,32,13,SSD
4,32,192,SSD
4,33,74,RAM
4,33,97,SSD
4,33,39,RAM
4,33,36,SSD
4,33,189,SSD
4,33,49,RAM
4,33,37,SSD
4,33,238,SSD
4,34,1,RAM
4,34,212,SSD
4,34,191,SSD
4,34,255,SSD
4,34,44,SSD
4,34,238,SSD
4,34,26,SSD
4,34,96,SSD
4,35,97,RAM
4,35,190,SSD
4,35,57,SSD
4,35,114,RAM
4,35,148,SSD
4,35,160,SSD
4,35,167,RAM
4,35,42,RAM
4,36,158,RAM
4,36,14,SSD
4,36,83,RAM
4,36,227,SSD
4,36,98,RAM
4,36,120,RAM
4,36,234,SSD
4,36,39,SSD
4,37,65,RAM
4,37,58,RAM
4,37,64,RAM
4,37,190,RAM
4,37,78,RAM
4,37,233,RAM
4,37,229,SSD
4,37,88,RAM
4,38,92,RAM
4,38,148,RAM
4,38,94,RAM
4,38,209,RAM
4,38,35,SSD
4,38,251,RAM
4,38,95,RAM
4,38,215,RAM
4,39,129,SSD
4,39,189,RAM
4,39,117,SSD
4,39,78,RAM
4,39,243,RAM
4,39,141,RAM
4,39,224,RAM
4,39,38,RAM
5,0,79,SSD
5,0,237,SSD
5,0,208,RAM
5,0,81,RAM
5,0,182,SSD
5,0,132,SSD
5,0,187,SSD
5,0,158,SSD
5,1,155,RAM
5,1,182,RAM
5,1,62,SSD
5,1,11,RAM
5,1,75,RAM
5,1,118,RAM
5,1,211,RAM
5,1,146,SSD
5,2,158,RAM
5,2,109,SSD
5,2,210,SSD
5,2,164,RAM
5,2,88,SSD
5,2,43,SSD
5,2,179,SSD
5,2,40,RAM
5,3,37,SSD
5,3,117,RAM
5,3,199,RAM
5,3,187,SSD
5,3,119,SSD
5,3,39,RAM
5,3,230,SSD
5,3,235,SSD
5,4,154,RAM
5,4,102,SSD
5,4,54,SSD
5,4,142,SSD
5,4,15,SSD
5,4,214,SSD
5,4,160,RAM
5,4,129,SSD
5,5,158,RAM
5,5,198,RAM
5,5,153,RAM
5,5,43,RAM
5,5,65,RAM
5,5,188,RAM
5,5,90,SSD
5,5,186,SSD
5,6,79,RAM
5,6,138,RAM
5,6,156,RAM
5,6,196,RAM
5,6,8,RAM
5,6,157,SSD
5,6,14,RAM
5,6,177,SSD
5,7,23,SSD
5,7,117,RAM
5,7,199,RAM
5,7,78,RAM
5,7,184,RAM
5,7,229,RAM
5,7,14,RAM
5,7,76,RAM
5,8,56,RAM
5,8,224,RAM
5,8,180,RAM
5,8,239,RAM
5,8,164,RAM
5,8,137,SSD
5,8,116,SSD
5,8,4,SSD
5,9,255,RAM
5,9,203,SSD
5,9,239,SSD
5,9,197,RAM
5,9,2,RAM
5,9,191,SSD
5,9,8,RAM
5,9,243,RAM
5,10,185,RAM
5,10,196,RAM
5,10,198,SSD
5,10,157,RAM
5,10,247,RAM
5,10,65,RAM
5,10,122,RAM
5,10,243,RAM
5,11,128,RAM
5,11,107,RAM
5,11,14,RAM
5,11,160,RAM
5,11,108,RAM
5,11,111,RAM
5,11,206,RAM
5,11,42,SSD
5,12,128,RAM
5,12,93,SSD
5,12,220,RAM
5,12,1,RAM
5,12,15,SSD
5,12,199,RAM
5,12,74,SSD
5,12,3,RAM
5,13,134,RAM
5,13,154,RAM
5,13,66,RAM
5,13,202,RAM
5,13,182,RAM
5,13,32,SSD
5,13,212,SSD
5,13,93,RAM
5,14,137,RAM
5,14,51,RAM
5,14,88,RAM
5,14,52,RAM
5,14,32,RAM
5,14,189,RAM
5,14,64,SSD
5,14,106,RAM
5,15,162,RAM
5,15,148,RAM
5,15,58,RAM
5,15,165,RAM
5,15,87,RAM
5,15,172,SSD
5,15,242,RAM
5,15,4,RAM
5,16,28,RAM
5,16,43,RAM
5,16,205,RAM
5,16,238,RAM
5,16,51,RAM
5,16,35,SSD
5,16,80,SSD
5,16,229,RAM
5,17,87,RAM
5,17,250,SSD
5,17,0,RAM
5,17,248,RAM
5,17,15,RAM
5,17,64,RAM
5,17,89,RAM
5,17,5,RAM
5,18,43,RAM
5,18,134,RAM
5,18,197,RAM
5,18,13,RAM
5,18,204,SSD
5,18,163,SSD
5,18,226,RAM
5,18,161,RAM
5,19,20,RAM
5,19,116,SSD
5,19,109,RAM
5,19,205,SSD
5,19,19,RAM
5,19,195,RAM
5,19,36,RAM
5,19,4,RAM
5,20,23,RAM
5,20,137,SSD
5,20,4,RAM
5,20,239,RAM
5,20,116,RAM
5,20,56,RAM
5,20,133,SSD
5,20,191,SSD
5,21,197,RAM
5,21,255,RAM
5,21,2,RAM
5,21,191,RAM
5,21,239,SSD
5,21,161,RAM
5,21,203,SSD
5,21,26,SSD
5,22,65,RAM
5,22,125,RAM
5,22,243,RAM
5,22,150,RAM
5,22,198,SSD
5,22,196,RAM
5,22,176,SSD
5,22,169,SSD
5,23,128,RAM
5,23,206,RAM
5,23,160,RAM
5,23,9,RAM
5,23,189,SSD
5,23,107,RAM
5,23,111,RAM
5,23,86,SSD
5,24,145,RAM
5,24,52,SSD
5,24,93,RAM
5,24,151,RAM
5,24,235,SSD
5,24,199,RAM
5,24,220,RAM
5,24,74,SSD
5,25,182,RAM
5,25,134,RAM
5,25,154,RAM
5,25,147,SSD
5,25,89,SSD
5,25,185,RAM
5,25,202,RAM
5,25,66,RAM
5,26,137,RAM
5,26,51,RAM
5,26,88,RAM
5,26,86,SSD
5,26,52,RAM
5,26,103,RAM
5,26,32,SSD
5,26,105,RAM
5,27,165,RAM
5,27,87,SSD
5,27,181,RAM
5,27,58,RAM
5,27,162,RAM
5,27,242,RAM
5,27,172,RAM
5,27,31,SSD
5,28,205,RAM
5,28,43,RAM
5,28,238,SSD
5,28,111,RAM
5,28,150,SSD
5,28,80,RAM
5,28,35,RAM
5,28,5,SSD
5,29,0,RAM
5,29,87,RAM
5,29,250,SSD
5,29,124,RAM
5,29,248,RAM
5,29,16,SSD
5,29,5,RAM
5,29,60,RAM
5,30,163,RAM
5,30,197,RAM
5,30,226,RAM
5,30,43,SSD
5,30,134,RAM
5,30,179,SSD
5,30,205,SSD
5,30,13,RAM
5,31,4,RAM
5,31,20,RAM
5,31,116,RAM
5,31,205,RAM
5,31,109,RAM
5,31,39,RAM
5,31,26,SSD
5,31,75,SSD
5,32,252,SSD
5,32,119,RAM
5,32,90,RAM
5,32,112,RAM
5,32,134,SSD
5,32,77,RAM
5,32,192,RAM
5,32,178,RAM
5,33,93,RAM
5,33,238,RAM
5,33,129,RAM
5,33,39,RAM
5,33,183,SSD
5,33,86,SSD
5,33,83,SSD
5,33,184,SSD
5,34,85,RAM
5,34,1,RAM
5,34,26,RAM
5,34,82,SSD
5,34,207,SSD
5,34,96,RAM
5,34,180,RAM
5,34,186,RAM
5,35,42,RAM
5,35,57,RAM
5,35,72,RAM
5,35,84,SSD
5,35,160,RAM
5,35,145,SSD
5,35,108,SSD
5,35,22,RAM
5,36,83,RAM
5,36,120,RAM
5,36,70,RAM
5,36,181,SSD
5,36,98,RAM
5,36,20,SSD
5,36,14,RAM
5,36,158,RAM
5,37,104,SSD
5,37,182,RAM
5,37,31,SSD
5,37,190,RAM
5,37,64,RAM
5,37,229,RAM
5,37,58,RAM
5,37,39,SSD
5,38,148,RAM
5,38,27,SSD
5,38,94,RAM
5,38,92,RAM
5,38,71,SSD
5,38,212,RAM
5,38,84,RAM
5,38,95,RAM
5,39,110,RAM
5,39,69,RAM
5,39,243,RAM
5,39,38,RAM
5,39,154,RAM
5,39,78,RAM
5,39,12,RAM
5,39,70,RAM
6,0,107,SSD
6,0,181,SSD
6,0,82,SSD
6,0,106,RAM
6,0,83,SSD
6,0,99,SSD
6,0,57,SSD
6,0,43,RAM
6,1,242,RAM
6,1,19,RAM
6,1,132,RAM
6,1,86,SSD
6,1,118,RAM
6,1,128,RAM
6,1,124,RAM
6,1,211,RAM
6,2,49,RAM
6,2,60,RAM
6,2,217,RAM
6,2,11,RAM
6,2,255,SSD
6,2,188,RAM
6,2,80,SSD
6,2,133,RAM
6,3,119,RAM
6,3,39,RAM
6,3,92,SSD
6,3,219,RAM
6,3,202,RAM
6,3,169,SSD
6,3,131,RAM
6,3,246,SSD
6,4,154,RAM
6,4,88,RAM
6,4,54,RAM
6,4,79,SSD
6,4,74,SSD
6,4,242,SSD
6,4,160,RAM
6,4,254,SSD
6,5,147,SSD
6,5,174,SSD
6,5,158,RAM
6,5,153,RAM
6,5,120,RAM
6,5,79,RAM
6,5,159,SSD
6,5,205,RAM
6,6,68,RAM
6,6,65,RAM
6,6,183,SSD
6,6,138,RAM
6,6,149,SSD
6,6,196,RAM
6,6,143,RAM
6,6,208,SSD
6,7,199,RAM
6,7,221,SSD
6,7,32,RAM
6,7,184,RAM
6,7,195,SSD
6,7,35,RAM
6,7,191,RAM
6,7,147,RAM
6,8,56,RAM
6,8,224,RAM
6,8,41,RAM
6,8,151,RAM
6,8,164,RAM
6,8,239,RAM
6,8,180,RAM
6,8,137,RAM
6,9,151,SSD
6,9,197,RAM
6,9,217,RAM
6,9,166,RAM
6,9,243,RAM
6,9,9,RAM
6,9,61,RAM
6,9,2,RAM
6,10,68,SSD
6,10,228,SSD
6,10,196,RAM
6,10,171,RAM
6,10,157,RAM
6,10,62,RAM
6,10,185,RAM
6,10,243,RAM
6,11,107,RAM
6,11,64,SSD
6,11,27,RAM
6,11,111,RAM
6,11,69,SSD
6,11,128,RAM
6,11,56,RAM
6,11,181,SSD
6,12,1,RAM
6,12,3,RAM
6,12,191,SSD
6,12,128,RAM
6,12,220,RAM
6,12,15,RAM
6,12,9,RAM
6,12,42,RAM
6,13,164,SSD
6,13,174,RAM
6,13,212,RAM
6,13,95,RAM
6,13,230,SSD
6,13,134,RAM
6,13,154,RAM
6,13,29,SSD
6,14,138,RAM
6,14,51,RAM
6,14,52,RAM
6,14,213,SSD
6,14,238,SSD
6,14,137,RAM
6,14,252,RAM
6,14,105,RAM
6,15,110,SSD
6,15,165,RAM
6,15,162,RAM
6,15,181,RAM
6,15,206,RAM
6,15,100,SSD
6,15,87,RAM
6,15,4,RAM
6,16,181,SSD
6,16,20,SSD
6,16,170,RAM
6,16,231,RAM
6,16,73,SSD
6,16,130,RAM
6,16,205,RAM
6,16,224,RAM
6,17,60,RAM
6,17,26,SSD
6,17,220,RAM
6,17,229,SSD
6,17,101,SSD
6,17,89,RAM
6,17,166,SSD
6,17,69,RAM
6,18,55,SSD
6,18,17,RAM
6,18,159,SSD
6,18,220,SSD
6,18,191,RAM
6,18,192,RAM
6,18,117,RAM
6,18,106,SSD
6,19,4,RAM
6,19,237,SSD
6,19,14,RAM
6,19,137,RAM
6,19,197,RAM
6,19,124,RAM
6,19,252,SSD
6,19,205,RAM
6,20,224,RAM
6,20,41,RAM
6,20,151,RAM
6,20,238,RAM
6,20,115,RAM
6,20,56,RAM
6,20,171,SSD
6,20,157,SSD
6,21,166,RAM
6,21,61,RAM
6,21,151,SSD
6,21,243,RAM
6,21,251,RAM
6,21,0,RAM
6,21,217,RAM
6,21,103,RAM
6,22,68,SSD
6,22,228,SSD
6,22,116,RAM
6,22,196,RAM
6,22,157,RAM
6,22,205,RAM
6,22,63,RAM
6,22,225,SSD
6,23,107,RAM
6,23,64,SSD
6,23,56,RAM
6,23,27,RAM
6,23,69,SSD
6,23,195,SSD
6,23,141,RAM
6,23,250,SSD
6,24,1,RAM
6,24,155,RAM
6,24,191,SSD
6,24,251,RAM
6,24,125,SSD
6,24,9,RAM
6,24,138,SSD
6,24,2,RAM
6,25,164,SSD
6,25,219,RAM
6,25,174,RAM
6,25,110,SSD
6,25,28,RAM
6,25,22,SSD
6,25,113,SSD
6,25,124,SSD
6,26,138,RAM
6,26,238,SSD
6,26,52,RAM
6,26,180,SSD
6,26,67,RAM
6,26,27,SSD
6,26,213,RAM
6,26,137,RAM
6,27,110,RAM
6,27,26,RAM
6,27,155,SSD
6,27,100,RAM
6,27,206,RAM
6,27,245,RAM
6,27,80,RAM
6,27,162,RAM
6,28,188,SSD
6,28,224,RAM
6,28,20,SSD
6,28,121,SSD
6,28,14,SSD
6,28,31,SSD
6,28,0,RAM
6,28,119,SSD
6,29,26,SSD
6,29,60,RAM
6,29,220,SSD
6,29,101,SSD
6,29,188,SSD
6,29,229,SSD
6,29,248,RAM
6,29,166,RAM
6,30,55,SSD
6,30,159,SSD
6,30,220,SSD
6,30,117,RAM
6,30,106,RAM
6,30,191,RAM
6,30,17,RAM
6,30,13,RAM
6,31,237,SSD
6,31,14,RAM
6,31,253,RAM
6,31,137,RAM
6,31,248,SSD
6,31,252,RAM
6,31,197,SSD
6,31,190,SSD
6,32,42,RAM
6,32,224,SSD
6,32,151,RAM
6,32,50,SSD
6,32,206,SSD
6,32,178,RAM
6,32,199,SSD
6,32,59,SSD
6,33,179,SSD
6,33,201,SSD
6,33,81,RAM
6,33,156,SSD
6,33,40,SSD
6,33,217,SSD
6,33,12,SSD
6,33,220,RAM
6,34,196,RAM
6,34,49,SSD
6,34,217,SSD
6,34,141,RAM
6,34,173,SSD
6,34,213,SSD
6,34,247,RAM
6,34,181,RAM
6,35,224,SSD
6,35,210,SSD
6,35,167,RAM
6,35,165,RAM
6,35,253,RAM
6,35,202,RAM
6,35,233,SSD
6,35,214,SSD
6,36,158,RAM
6,36,255,SSD
6,36,24,SSD
6,36,118,RAM
6,36,12,SSD
6,36,239,SSD
6,36,203,RAM
6,36,235,SSD
6,37,64,RAM
6,37,50,SSD
6,37,89,RAM
6,37,4,SSD
6,37,103,RAM
6,37,229,RAM
6,37,14,SSD
6,37,75,RAM
6,38,146,SSD
6,38,94,RAM
6,38,128,RAM
6,38,127,RAM
6,38,79,SSD
6,38,59,RAM
6,38,212,RAM
6,38,34,SSD
6,39,85,SSD
6,39,177,SSD
6,39,13,SSD
6,39,10,SSD
6,39,34,SSD
6,39,213,RAM
6,39,62,SSD
6,39,30,SSD
7,0,109,SSD
7,0,24,SSD
7,0,177,SSD
7,0,254,SSD
7,0,208,RAM
7,0,139,SSD
7,0,191,SSD
7,0,81,RAM
7,1,75,RAM
7,1,236,SSD
7,1,59,RAM
7,1,226,SSD
7,1,64,RAM
7,1,11,RAM
7,1,167,RAM
7,1,85,SSD
7,2,223,RAM
7,2,221,SSD
7,2,187,SSD
7,2,216,RAM
7,2,170,SSD
7,2,42,RAM
7,2,58,RAM
7,2,3,SSD
7,3,167,RAM
7,3,163,RAM
7,3,243,RAM
7,3,56,RAM
7,3,36,RAM
7,3,94,RAM
7,3,196,SSD
7,3,197,SSD
7,4,175,RAM
7,4,233,RAM
7,4,121,RAM
7,4,243,SSD
7,4,206,RAM
7,4,8,RAM
7,4,216,SSD
7,4,132,SSD
7,5,77,RAM
7,5,64,RAM
7,5,60,RAM
7,5,46,SSD
7,5,153,RAM
7,5,52,RAM
7,5,139,SSD
7,5,242,RAM
7,6,195,RAM
7,6,102,RAM
7,6,185,RAM
7,6,168,SSD
7,6,32,SSD
7,6,209,SSD
7,6,86,SSD
7,6,220,RAM
7,7,166,RAM
7,7,24,RAM
7,7,30,RAM
7,7,96,RAM
7,7,199,RAM
7,7,132,RAM
7,7,182,SSD
7,7,203,SSD
7,8,224,RAM
7,8,41,RAM
7,8,63,RAM
7,8,151,RAM
7,8,121,SSD
7,8,172,SSD
7,8,123,RAM
7,8,1,SSD
7,9,166,RAM
7,9,243,RAM
7,9,134,RAM
7,9,44,RAM
7,9,32,RAM
7,9,251,RAM
7,9,3,RAM
7,9,61,RAM
7,10,146,RAM
7,10,116,RAM
7,10,20,RAM
7,10,205,RAM
7,10,176,SSD
7,10,228,RAM
7,10,242,RAM
7,10,194,RAM
7,11,141,RAM
7,11,237,RAM
7,11,37,RAM
7,11,71,RAM
7,11,56,RAM
7,11,164,SSD
7,11,204,RAM
7,11,242,SSD
7,12,50,RAM
7,12,2,RAM
7,12,208,RAM
7,12,23,SSD
7,12,13,SSD
7,12,9,RAM
7,12,42,RAM
7,12,201,SSD
7,13,174,RAM
7,13,185,RAM
7,13,126,RAM
7,13,0,RAM
7,13,20,RAM
7,13,13,RAM
7,13,228,RAM
7,13,40,RAM
7,14,138,RAM
7,14,189,RAM
7,14,44,RAM
7,14,17,RAM
7,14,252,RAM
7,14,67,RAM
7,14,78,RAM
7,14,213,RAM
7,15,206,RAM
7,15,12,RAM
7,15,6,SSD
7,15,238,RAM
7,15,151,SSD
7,15,245,RAM
7,15,122,SSD
7,15,3,RAM
7,16,234,RAM
7,16,169,RAM
7,16,59,RAM
7,16,53,RAM
7,16,14,SSD
7,16,82,RAM
7,16,102,RAM
7,16,67,SSD
7,17,60,RAM
7,17,220,RAM
7,17,4,RAM
7,17,69,RAM
7,17,8,RAM
7,17,10,SSD
7,17,103,SSD
7,17,62,SSD
7,18,209,RAM
7,18,55,RAM
7,18,116,RAM
7,18,117,RAM
7,18,17,RAM
7,18,66,RAM
7,18,229,RAM
7,18,199,SSD
7,19,248,RAM
7,19,137,RAM
7,19,48,RAM
7,19,124,RAM
7,19,47,RAM
7,19,14,RAM
7,19,197,RAM
7,19,247,SSD
7,20,41,RAM
7,20,224,RAM
7,20,151,RAM
7,20,172,RAM
7,20,56,RAM
7,20,1,RAM
7,20,117,RAM
7,20,171,RAM
7,21,32,RAM
7,21,166,RAM
7,21,251,RAM
7,21,243,RAM
7,21,61,RAM
7,21,103,RAM
7,21,207,RAM
7,21,95,RAM
7,22,20,RAM
7,22,116,RAM
7,22,205,RAM
7,22,228,RAM
7,22,146,RAM
7,22,137,RAM
7,22,194,RAM
7,22,106,SSD
7,23,141,RAM
7,23,56,RAM
7,23,107,RAM
7,23,71,RAM
7,23,134,RAM
7,23,146,SSD
7,23,174,RAM
7,23,37,RAM
7,24,50,RAM
7,24,2,RAM
7,24,9,RAM
7,24,97,RAM
7,24,60,SSD
7,24,42,RAM
7,24,158,SSD
7,24,166,SSD
7,25,174,RAM
7,25,126,RAM
7,25,0,RAM
7,25,230,SSD
7,25,20,RAM
7,25,219,RAM
7,25,13,RAM
7,25,158,SSD
7,26,138,RAM
7,26,213,RAM
7,26,17,RAM
7,26,189,RAM
7,26,238,RAM
7,26,78,RAM
7,26,252,RAM
7,26,67,RAM
7,27,12,RAM
7,27,206,RAM
7,27,245,RAM
7,27,26,RAM
7,27,100,RAM
7,27,62,SSD
7,27,80,RAM
7,27,55,RAM
7,28,14,RAM
7,28,224,RAM
7,28,181,SSD
7,28,53,RAM
7,28,114,RAM
7,28,234,RAM
7,28,169,SSD
7,28,59,RAM
7,29,220,RAM
7,29,60,RAM
7,29,69,RAM
7,29,170,RAM
7,29,4,SSD
7,29,229,RAM
7,29,214,RAM
7,29,9,SSD
7,30,116,RAM
7,30,90,SSD
7,30,117,RAM
7,30,55,RAM
7,30,143,SSD
7,30,191,RAM
7,30,209,SSD
7,30,66,SSD
7,31,248,RAM
7,31,247,RAM
7,31,47,RAM
7,31,14,RAM
7,31,137,RAM
7,31,253,RAM
7,31,197,RAM
7,31,252,RAM
7,32,151,RAM
7,32,22,RAM
7,32,254,RAM
7,32,19,RAM
7,32,120,RAM
7,32,123,RAM
7,32,14,SSD
7,32,13,RAM
7,33,81,RAM
7,33,47,RAM
7,33,181,RAM
7,33,143,SSD
7,33,166,SSD
7,33,139,SSD
7,33,133,SSD
7,33,84,SSD
7,34,94,SSD
7,34,175,RAM
7,34,48,RAM
7,34,18,SSD
7,34,141,RAM
7,34,67,SSD
7,34,166,RAM
7,34,5,RAM
7,35,167,RAM
7,35,94,RAM
7,35,2,RAM
7,35,5,RAM
7,35,85,RAM
7,35,253,RAM
7,35,9,RAM
7,35,89,RAM
7,36,158,RAM
7,36,67,RAM
7,36,44,SSD
7,36,26,SSD
7,36,118,RAM
7,36,142,RAM
7,36,12,RAM
7,36,203,RAM
7,37,64,RAM
7,37,43,RAM
7,37,103,RAM
7,37,75,RAM
7,37,162,SSD
7,37,60,RAM
7,37,21,RAM
7,37,55,RAM
7,38,242,RAM
7,38,94,RAM
7,38,163,RAM
7,38,127,RAM
7,38,119,SSD
7,38,185,SSD
7,38,201,RAM
7,38,79,RAM
7,39,219,RAM
7,39,44,SSD
7,39,99,SSD
7,39,77,SSD
7,39,215,RAM
7,39,75,SSD
7,39,138,SSD
7,39,70,RAM
8,0,124,RAM
8,0,174,SSD
8,0,211,RAM
8,0,62,RAM
8,0,192,SSD
8,0,76,RAM
8,0,13,SSD
8,0,231,RAM
8,1,141,RAM
8,1,123,RAM
8,1,236,RAM
8,1,80,SSD
8,1,174,SSD
8,1,228,SSD
8,1,23,SSD
8,1,14,SSD
8,2,40,RAM
8,2,207,SSD
8,2,31,SSD
8,2,82,SSD
8,2,111,SSD
8,2,35,SSD
8,2,164,RAM
8,2,102,SSD
8,3,191,RAM
8,3,39,RAM
8,3,251,SSD
8,3,174,SSD
8,3,86,SSD
8,3,78,SSD
8,3,237,SSD
8,3,49,SSD
8,4,121,RAM
8,4,148,SSD
8,4,221,SSD
8,4,44,SSD
8,4,243,RAM
8,4,154,RAM
8,4,53,SSD
8,4,87,SSD
8,5,164,SSD
8,5,132,SSD
8,5,77,RAM
8,5,153,RAM
8,5,210,SSD
8,5,62,SSD
8,5,120,RAM
8,5,177,RAM
8,6,102,RAM
8,6,161,SSD
8,6,209,RAM
8,6,151,SSD
8,6,185,RAM
8,6,70,SSD
8,6,159,SSD
8,6,100,SSD
8,7,24,RAM
8,7,199,RAM
8,7,246,SSD
8,7,132,RAM
8,7,96,RAM
8,7,30,RAM
8,7,182,RAM
8,7,81,SSD
8,8,41,RAM
8,8,224,RAM
8,8,151,RAM
8,8,63,RAM
8,8,121,RAM
8,8,150,SSD
8,8,1,RAM
8,8,171,SSD
8,9,166,RAM
8,9,243,RAM
8,9,61,RAM
8,9,134,RAM
8,9,44,RAM
8,9,3,RAM
8,9,1,SSD
8,9,58,SSD
8,10,137,SSD
8,10,116,RAM
8,10,242,RAM
8,10,205,RAM
8,10,228,RAM
8,10,146,RAM
8,10,8,RAM
8,10,234,RAM
8,11,174,RAM
8,11,220,SSD
8,11,85,SSD
8,11,107,RAM
8,11,111,RAM
8,11,141,RAM
8,11,222,SSD
8,11,59,SSD
8,12,3,RAM
8,12,2,RAM
8,12,50,RAM
8,12,208,RAM
8,12,9,RAM
8,12,210,SSD
8,12,1,RAM
8,12,116,RAM
8,13,174,RAM
8,13,219,RAM
8,13,19,SSD
8,13,126,RAM
8,13,74,SSD
8,13,95,RAM
8,13,0,RAM
8,13,40,RAM
8,14,189,RAM
8,14,138,RAM
8,14,44,RAM
8,14,67,RAM
8,14,58,RAM
8,14,238,RAM
8,14,252,RAM
8,14,161,SSD
8,15,206,RAM
8,15,12,RAM
8,15,134,RAM
8,15,245,RAM
8,15,238,RAM
8,15,26,SSD
8,15,80,SSD
8,15,158,SSD
8,16,190,SSD
8,16,53,RAM
8,16,59,RAM
8,16,224,RAM
8,16,169,RAM
8,16,102,RAM
8,16,82,RAM
8,16,173,SSD
8,17,60,RAM
8,17,220,RAM
8,17,21,SSD
8,17,124,RAM
8,17,69,RAM
8,17,8,RAM
8,17,229,RAM
8,17,89,RAM
8,18,108,RAM
8,18,17,RAM
8,18,90,SSD
8,18,250,SSD
8,18,117,RAM
8,18,191,RAM
8,18,199,RAM
8,18,192,RAM
8,19,137,RAM
8,19,14,RAM
8,19,248,RAM
8,19,197,RAM
8,19,124,RAM
8,19,85,SSD
8,19,4,RAM
8,19,48,RAM
8,20,41,RAM
8,20,224,RAM
8,20,151,RAM
8,20,56,RAM
8,20,238,RAM
8,20,171,RAM
8,20,59,SSD
8,20,115,RAM
8,21,166,RAM
8,21,243,RAM
8,21,251,RAM
8,21,61,RAM
8,21,131,RAM
8,21,42,SSD
8,21,207,RAM
8,21,95,RAM
8,22,242,SSD
8,22,137,RAM
8,22,228,RAM
8,22,116,RAM
8,22,205,RAM
8,22,8,SSD
8,22,138,SSD
8,22,43,SSD
8,23,107,RAM
8,23,174,RAM
8,23,56,RAM
8,23,220,SSD
8,23,85,SSD
8,23,59,RAM
8,23,250,RAM
8,23,134,RAM
8,24,11,RAM
8,24,3,RAM
8,24,1,RAM
8,24,9,RAM
8,24,2,RAM
8,24,128,RAM
8,24,50,RAM
8,24,18,SSD
8,25,174,RAM
8,25,219,RAM
8,25,28,RAM
8,25,230,RAM
8,25,126,RAM
8,25,101,SSD
8,25,124,RAM
8,25,19,SSD
8,26,138,RAM
8,26,213,RAM
8,26,67,RAM
8,26,168,SSD
8,26,252,RAM
8,26,52,RAM
8,26,78,RAM
8,26,27,RAM
8,27,26,RAM
8,27,245,RAM
8,27,206,RAM
8,27,100,RAM
8,27,110,RAM
8,27,80,RAM
8,27,220,SSD
8,27,249,SSD
8,28,224,RAM
8,28,181,RAM
8,28,190,SSD
8,28,188,RAM
8,28,169,RAM
8,28,102,RAM
8,28,248,SSD
8,28,73,SSD
8,29,220,RAM
8,29,60,RAM
8,29,21,RAM
8,29,229,RAM
8,29,69,RAM
8,29,166,RAM
8,29,132,SSD
8,29,89,SSD
8,30,90,RAM
8,30,191,RAM
8,30,117,RAM
8,30,17,RAM
8,30,63,SSD
8,30,250,RAM
8,30,106,RAM
8,30,188,SSD
8,31,253,RAM
8,31,248,RAM
8,31,252,RAM
8,31,197,RAM
8,31,14,RAM
8,31,137,RAM
8,31,190,RAM
8,31,124,SSD
8,32,123,RAM
8,32,254,RAM
8,32,22,RAM
8,32,50,RAM
8,32,77,RAM
8,32,48,RAM
8,32,85,SSD
8,32,102,SSD
8,33,81,RAM
8,33,166,RAM
8,33,143,RAM
8,33,139,RAM
8,33,95,SSD
8,33,107,RAM
8,33,28,SSD
8,33,56,SSD
8,34,240,RAM
8,34,175,RAM
8,34,67,RAM
8,34,220,RAM
8,34,173,RAM
8,34,64,RAM
8,34,48,RAM
8,34,94,RAM
8,35,167,RAM
8,35,94,RAM
8,35,2,RAM
8,35,5,RAM
8,35,85,RAM
8,35,59,SSD
8,35,61,SSD
8,35,202,RAM
8,36,158,RAM
8,36,67,RAM
8,36,248,SSD
8,36,246,RAM
8,36,142,RAM
8,36,152,RAM
8,36,202,RAM
8,36,195,RAM
8,37,43,RAM
8,37,60,RAM
8,37,64,RAM
8,37,135,RAM
8,37,161,RAM
8,37,174,SSD
8,37,184,SSD
8,37,111,SSD
8,38,163,RAM
8,38,201,RAM
8,38,30,RAM
8,38,234,RAM
8,38,119,RAM
8,38,110,SSD
8,38,94,RAM
8,38,127,RAM
8,39,75,RAM
8,39,138,RAM
8,39,92,RAM
8,39,215,RAM
8,39,1,RAM
8,39,246,RAM
8,39,250,SSD
8,39,183,SSD
9,0,142,SSD
9,0,166,SSD
9,0,97,SSD
9,0,113,SSD
9,0,205,SSD
9,0,150,SSD
9,0,123,SSD
9,0,210,SSD
9,1,34,SSD
9,1,123,RAM
9,1,26,SSD
9,1,11,RAM
9,1,132,RAM
9,1,155,RAM
9,1,59,RAM
9,1,87,SSD
9,2,90,SSD
9,2,164,RAM
9,2,210,RAM
9,2,130,SSD
9,2,38,SSD
9,2,122,SSD
9,2,149,SSD
9,2,146,SSD
9,3,37,RAM
9,3,211,SSD
9,3,146,SSD
9,3,46,SSD
9,3,31,SSD
9,3,39,RAM
9,3,199,RAM
9,3,84,SSD
9,4,161,SSD
9,4,154,RAM
9,4,14,SSD
9,4,65,SSD
9,4,167,SSD
9,4,160,RAM
9,4,25,SSD
9,4,240,SSD
9,5,161,SSD
9,5,120,RAM
9,5,170,RAM
9,5,235,SSD
9,5,153,RAM
9,5,142,SSD
9,5,207,SSD
9,5,89,SSD
9,6,246,SSD
9,6,100,RAM
9,6,196,RAM
9,6,149,RAM
9,6,209,RAM
9,6,161,RAM
9,6,102,RAM
9,6,162,SSD
9,7,199,RAM
9,7,91,SSD
9,7,2,SSD
9,7,23,RAM
9,7,192,SSD
9,7,129,SSD
9,7,185,SSD
9,7,132,RAM
9,8,56,RAM
9,8,224,RAM
9,8,164,RAM
9,8,151,RAM
9,8,180,RAM
9,8,41,RAM
9,8,52,SSD
9,8,212,SSD
9,9,39,SSD
9,9,0,SSD
9,9,197,RAM
9,9,61,RAM
9,9,42,SSD
9,9,131,SSD
9,9,13,SSD
9,9,29,SSD
9,10,228,RAM
9,10,137,RAM
9,10,196,RAM
9,10,171,RAM
9,10,142,SSD
9,10,116,RAM
9,10,178,SSD
9,10,187,SSD
9,11,107,RAM
9,11,69,RAM
9,11,174,RAM
9,11,20,SSD
9,11,56,RAM
9,11,111,RAM
9,11,85,RAM
9,11,250,SSD
9,12,1,RAM
9,12,3,RAM
9,12,128,RAM
9,12,15,RAM
9,12,160,SSD
9,12,97,SSD
9,12,163,SSD
9,12,56,SSD
9,13,219,RAM
9,13,29,RAM
9,13,74,RAM
9,13,174,RAM
9,13,124,SSD
9,13,95,RAM
9,13,28,SSD
9,13,157,SSD
9,14,138,RAM
9,14,51,RAM
9,14,238,RAM
9,14,105,RAM
9,14,235,SSD
9,14,213,RAM
9,14,137,RAM
9,14,189,RAM
9,15,65,SSD
9,15,110,RAM
9,15,181,RAM
9,15,26,RAM
9,15,220,SSD
9,15,217,SSD
9,15,245,RAM
9,15,206,RAM
9,16,96,SSD
9,16,137,SSD
9,16,224,RAM
9,16,231,RAM
9,16,130,RAM
9,16,150,SSD
9,16,147,SSD
9,16,67,RAM
9,17,220,RAM
9,17,60,RAM
9,17,229,RAM
9,17,94,SSD
9,17,166,RAM
9,17,188,SSD
9,17,124,RAM
9,17,211,SSD
9,18,148,SSD
9,18,191,RAM
9,18,17,RAM
9,18,220,RAM
9,18,115,SSD
9,18,158,SSD
9,18,127,SSD
9,18,117,RAM
9,19,197,RAM
9,19,130,SSD
9,19,14,RAM
9,19,4,RAM
9,19,124,RAM
9,19,253,SSD
9,19,137,RAM
9,19,118,SSD
9,20,41,RAM
9,20,224,RAM
9,20,151,RAM
9,20,238,RAM
9,20,115,RAM
9,20,212,SSD
9,20,120,SSD
9,20,59,RAM
9,21,39,SSD
9,21,61,RAM
9,21,166,RAM
9,21,243,RAM
9,21,251,RAM
9,21,42,RAM
9,21,65,SSD
9,21,73,SSD
9,22,42,SSD
9,22,187,SSD
9,22,225,RAM
9,22,142,SSD
9,22,228,RAM
9,22,83,SSD
9,22,116,RAM
9,22,246,SSD
9,23,20,SSD
9,23,69,RAM
9,23,56,RAM
9,23,107,RAM
9,23,141,RAM
9,23,174,RAM
9,23,242,SSD
9,23,250,RAM
9,24,67,SSD
9,24,9,RAM
9,24,2,RAM
9,24,3,RAM
9,24,251,RAM
9,24,18,RAM
9,24,192,SSD
9,24,97,RAM
9,25,174,RAM
9,25,219,RAM
9,25,110,RAM
9,25,126,RAM
9,25,100,SSD
9,25,124,RAM
9,25,29,SSD
9,25,118,SSD
9,26,138,RAM
9,26,45,SSD
9,26,27,RAM
9,26,213,RAM
9,26,189,RAM
9,26,168,RAM
9,26,78,RAM
9,26,238,RAM
9,27,65,SSD
9,27,245,RAM
9,27,206,RAM
9,27,26,RAM
9,27,100,RAM
9,27,44,SSD
9,27,110,RAM
9,27,62,RAM
9,28,96,SSD
9,28,224,RAM
9,28,73,RAM
9,28,67,SSD
9,28,200,SSD
9,28,137,SSD
9,28,169,RAM
9,28,121,RAM
9,29,220,RAM
9,29,188,RAM
9,29,60,RAM
9,29,201,SSD
9,29,69,RAM
9,29,229,RAM
9,29,124,RAM
9,29,89,RAM
9,30,191,RAM
9,30,148,SSD
9,30,117,RAM
9,30,27,SSD
9,30,17,RAM
9,30,220,RAM
9,30,115,SSD
9,30,25,SSD
9,31,253,RAM
9,31,241,SSD
9,31,130,SSD
9,31,197,RAM
9,31,248,RAM
9,31,77,SSD
9,31,14,RAM
9,31,124,RAM
9,32,50,RAM
9,32,99,SSD
9,32,254,RAM
9,32,77,RAM
9,32,113,SSD
9,32,13,RAM
9,32,30,SSD
9,32,18,SSD
9,33,190,SSD
9,33,28,RAM
9,33,81,RAM
9,33,232,SSD
9,33,166,RAM
9,33,39,RAM
9,33,224,SSD
9,33,205,SSD
9,34,88,SSD
9,34,161,SSD
9,34,97,SSD
9,34,55,SSD
9,34,64,RAM
9,34,220,RAM
9,34,173,RAM
9,34,67,RAM
9,35,167,RAM
9,35,39,SSD
9,35,74,SSD
9,35,99,SSD
9,35,97,SSD
9,35,233,RAM
9,35,223,SSD
9,35,146,SSD
9,36,158,RAM
9,36,207,SSD
9,36,49,SSD
9,36,152,RAM
9,36,248,RAM
9,36,202,RAM
9,36,235,RAM
9,36,196,SSD
9,37,64,RAM
9,37,15,SSD
9,37,48,SSD
9,37,153,SSD
9,37,161,RAM
9,37,135,RAM
9,37,174,RAM
9,37,75,RAM
9,38,30,RAM
9,38,80,SSD
9,38,71,RAM
9,38,9,SSD
9,38,234,RAM
9,38,110,RAM
9,38,101,SSD
9,38,94,RAM
9,39,244,SSD
9,39,250,RAM
9,39,92,RAM
9,39,183,RAM
9,39,72,SSD
9,39,69,RAM
9,39,203,SSD
9,39,9,SSD
10,0,188,SSD
10,0,234,SSD
10,0,92,SSD
10,0,66,SSD
10,0,144,SSD
10,0,172,SSD
10,0,186,SSD
10,0,111,SSD
10,1,191,SSD
10,1,123,RAM
10,1,202,SSD
10,1,198,SSD
10,1,182,SSD
10,1,239,SSD
10,1,14,RAM
10,1,211,RAM
10,2,87,SSD
10,2,110,SSD
10,2,198,SSD
10,2,40,RAM
10,2,217,RAM
10,2,23,SSD
10,2,230,SSD
10,2,150,SSD
10,3,202,RAM
10,3,251,RAM
10,3,39,RAM
10,3,19,SSD
10,3,92,RAM
10,3,94,RAM
10,3,11,SSD
10,3,177,SSD
10,4,239,SSD
10,4,164,SSD
10,4,25,RAM
10,4,121,RAM
10,4,154,RAM
10,4,228,SSD
10,4,118,SSD
10,4,8,RAM
10,5,62,RAM
10,5,153,RAM
10,5,170,RAM
10,5,115,SSD
10,5,141,SSD
10,5,120,RAM
10,5,183,SSD
10,5,210,RAM
10,6,100,RAM
10,6,56,SSD
10,6,126,SSD
10,6,162,RAM
10,6,209,RAM
10,6,92,SSD
10,6,3,SSD
10,6,246,RAM
10,7,199,RAM
10,7,161,SSD
10,7,91,RAM
10,7,131,SSD
10,7,192,RAM
10,7,219,SSD
10,7,30,RAM
10,7,132,RAM
10,8,224,RAM
10,8,151,RAM
10,8,80,SSD
10,8,41,RAM
10,8,52,RAM
10,8,212,RAM
10,8,19,SSD
10,8,171,RAM
10,9,42,RAM
10,9,61,RAM
10,9,212,SSD
10,9,73,SSD
10,9,166,RAM
10,9,0,RAM
10,9,243,RAM
10,9,131,RAM
10,10,9,SSD
10,10,253,SSD
10,10,159,SSD
10,10,246,SSD
10,10,187,RAM
10,10,8,RAM
10,10,218,SSD
10,10,31,SSD
10,11,250,RAM
10,11,116,SSD
10,11,142,SSD
10,11,107,RAM
10,11,69,RAM
10,11,56,RAM
10,11,115,SSD
10,11,101,SSD
10,12,3,RAM
10,12,97,RAM
10,12,192,SSD
10,12,18,SSD
10,12,189,SSD
10,12,67,SSD
10,12,9,RAM
10,12,2,RAM
10,13,174,RAM
10,13,219,RAM
10,13,124,RAM
10,13,100,SSD
10,13,95,RAM
10,13,98,SSD
10,13,29,RAM
10,13,110,SSD
10,14,138,RAM
10,14,189,RAM
10,14,235,RAM
10,14,238,RAM
10,14,45,SSD
10,14,175,SSD
10,14,168,SSD
10,14,40,SSD
10,15,206,RAM
10,15,245,RAM
10,15,103,SSD
10,15,44,SSD
10,15,26,RAM
10,15,110,RAM
10,15,49,SSD
10,15,100,RAM
10,16,224,RAM
10,16,96,RAM
10,16,67,RAM
10,16,192,SSD
10,16,73,RAM
10,16,150,RAM
10,16,179,SSD
10,16,22,SSD
10,17,220,RAM
10,17,49,SSD
10,17,211,RAM
10,17,201,SSD
10,17,69,RAM
10,17,124,RAM
10,17,60,RAM
10,17,218,SSD
10,18,191,RAM
10,18,115,RAM
10,18,17,RAM
10,18,148,RAM
10,18,40,SSD
10,18,127,RAM
10,18,117,RAM
10,18,27,SSD
10,19,197,RAM
10,19,77,SSD
10,19,241,SSD
10,19,124,RAM
10,19,253,RAM
10,19,14,RAM
10,19,248,RAM
10,19,38,SSD
10,20,41,RAM
10,20,224,RAM
10,20,151,RAM
10,20,238,RAM
10,20,159,SSD
10,20,59,RAM
10,20,80,SSD
10,20,171,RAM
10,21,166,RAM
10,21,61,RAM
10,21,243,RAM
10,21,42,RAM
10,21,252,SSD
10,21,251,RAM
10,21,73,RAM
10,21,117,SSD
10,22,187,RAM
10,22,9,SSD
10,22,42,RAM
10,22,218,SSD
10,22,225,RAM
10,22,0,SSD
10,22,246,RAM
10,22,127,SSD
10,23,56,RAM
10,23,116,SSD
10,23,142,SSD
10,23,242,RAM
10,23,141,RAM
10,23,115,SSD
10,23,15,SSD
10,23,40,SSD
10,24,9,RAM
10,24,18,RAM
10,24,192,RAM
10,24,2,RAM
10,24,3,RAM
10,24,42,RAM
10,24,97,RAM
10,24,251,RAM
10,25,174,RAM
10,25,100,RAM
10,25,126,RAM
10,25,124,RAM
10,25,110,RAM
10,25,219,RAM
10,25,118,RAM
10,25,95,SSD
10,26,45,RAM
10,26,138,RAM
10,26,189,RAM
10,26,27,RAM
10,26,168,RAM
10,26,78,RAM
10,26,182,SSD
10,26,159,SSD
10,27,245,RAM
10,27,206,RAM
10,27,100,RAM
10,27,103,SSD
10,27,44,RAM
10,27,62,RAM
10,27,217,SSD
10,27,26,RAM
10,28,224,RAM
10,28,200,RAM
10,28,73,RAM
10,28,67,RAM
10,28,230,SSD
10,28,108,SSD
10,28,215,SSD
10,28,87,SSD
10,29,220,RAM
10,29,201,RAM
10,29,49,SSD
10,29,211,SSD
10,29,69,RAM
10,29,32,SSD
10,29,130,SSD
10,29,89,RAM
10,30,191,RAM
10,30,25,RAM
10,30,27,RAM
10,30,122,SSD
10,30,127,SSD
10,30,117,RAM
10,30,158,SSD
10,30,148,RAM
10,31,253,RAM
10,31,77,RAM
10,31,241,RAM
10,31,38,SSD
10,31,248,RAM
10,31,197,RAM
10,31,14,RAM
10,31,132,SSD
10,32,146,SSD
10,32,13,RAM
10,32,50,RAM
10,32,86,SSD
10,32,142,SSD
10,32,8,SSD
10,32,30,RAM
10,32,151,RAM
10,33,75,SSD
10,33,97,SSD
10,33,166,RAM
10,33,36,SSD
10,33,81,RAM
10,33,29,SSD
10,33,39,RAM
10,33,181,RAM
10,34,238,SSD
10,34,61,SSD
10,34,255,SSD
10,34,173,RAM
10,34,212,SSD
10,34,98,SSD
10,34,114,SSD
10,34,120,SSD
10,35,59,RAM
10,35,104,SSD
10,35,49,SSD
10,35,194,SSD
10,35,148,SSD
10,35,34,SSD
10,35,97,RAM
10,35,146,RAM
10,36,158,RAM
10,36,235,RAM
10,36,227,SSD
10,36,234,SSD
10,36,196,RAM
10,36,63,SSD
10,36,50,SSD
10,36,136,SSD
10,37,4,RAM
10,37,64,RAM
10,37,111,RAM
10,37,184,RAM
10,37,78,SSD
10,37,120,SSD
10,37,229,RAM
10,37,144,SSD
10,38,95,RAM
10,38,131,SSD
10,38,128,RAM
10,38,94,RAM
10,38,241,SSD
10,38,75,SSD
10,38,31,SSD
10,38,215,SSD
10,39,158,SSD
10,39,84,SSD
10,39,237,SSD
10,39,254,SSD
10,39,165,SSD
10,39,222,SSD
10,39,146,SSD
10,39,198,SSD
11,0,226,SSD
11,0,117,SSD
11,0,185,SSD
11,0,68,SSD
11,0,187,SSD
11,0,171,SSD
11,0,96,SSD
11,0,11,SSD
11,1,183,SSD
11,1,230,SSD
11,1,13,SSD
11,1,96,SSD
11,1,209,SSD
11,1,166,SSD
11,1,16,SSD
11,1,202,RAM
11,2,125,SSD
11,2,95,SSD
11,2,217,RAM
11,2,252,SSD
11,2,94,SSD
11,2,106,SSD
11,2,20,SSD
11,2,236,SSD
11,3,255,SSD
11,3,170,SSD
11,3,221,SSD
11,3,229,SSD
11,3,153,SSD
11,3,202,RAM
11,3,39,RAM
11,3,216,SSD
11,4,239,RAM
11,4,8,RAM
11,4,139,SSD
11,4,182,SSD
11,4,25,RAM
11,4,55,SSD
11,4,228,RAM
11,4,105,SSD
11,5,62,RAM
11,5,153,RAM
11,5,223,SSD
11,5,170,RAM
11,5,114,SSD
11,5,120,RAM
11,5,141,RAM
11,5,183,RAM
11,6,3,RAM
11,6,56,RAM
11,6,100,RAM
11,6,126,RAM
11,6,114,SSD
11,6,162,RAM
11,6,209,RAM
11,6,28,SSD
11,7,199,RAM
11,7,161,RAM
11,7,219,RAM
11,7,192,RAM
11,7,131,RAM
11,7,132,RAM
11,7,182,RAM
11,7,30,RAM
11,8,224,RAM
11,8,41,RAM
11,8,151,RAM
11,8,80,RAM
11,8,206,SSD
11,8,112,SSD
11,8,119,SSD
11,8,68,SSD
11,9,206,SSD
11,9,19,SSD
11,9,42,RAM
11,9,61,RAM
11,9,166,RAM
11,9,243,RAM
11,9,212,RAM
11,9,73,RAM
11,10,163,SSD
11,10,159,RAM
11,10,47,SSD
11,10,229,SSD
11,10,246,RAM
11,10,61,SSD
11,10,187,RAM
11,10,218,RAM
11,11,18,SSD
11,11,56,RAM
11,11,250,RAM
11,11,116,RAM
11,11,109,SSD
11,11,142,RAM
11,11,228,SSD
11,11,115,RAM
11,12,97,RAM
11,12,3,RAM
11,12,67,RAM
11,12,2,RAM
11,12,192,RAM
11,12,9,RAM
11,12,42,RAM
11,12,18,RAM
11,13,174,RAM
11,13,200,SSD
11,13,124,RAM
11,13,219,RAM
11,13,126,RAM
11,13,228,RAM
11,13,98,RAM
11,13,95,RAM
11,14,138,RAM
11,14,189,RAM
11,14,235,RAM
11,14,38,SSD
11,14,45,RAM
11,14,175,RAM
11,14,41,SSD
11,14,27,SSD
11,15,206,RAM
11,15,103,RAM
11,15,245,RAM
11,15,241,SSD
11,15,238,RAM
11,15,26,RAM
11,15,12,RAM
11,15,49,RAM
11,16,232,SSD
11,16,224,RAM
11,16,149,SSD
11,16,22,RAM
11,16,215,SSD
11,16,73,RAM
11,16,67,RAM
11,16,248,SSD
11,17,220,RAM
11,17,155,SSD
11,17,124,RAM
11,17,201,RAM
11,17,211,RAM
11,17,69,RAM
11,17,212,SSD
11,17,60,RAM
11,18,191,RAM
11,18,115,RAM
11,18,33,SSD
11,18,117,RAM
11,18,141,SSD
11,18,6,SSD
11,18,122,SSD
11,18,127,RAM
11,19,77,RAM
11,19,241,RAM
11,19,124,RAM
11,19,14,RAM
11,19,137,RAM
11,19,253,RAM
11,19,197,RAM
11,19,248,RAM
11,20,224,RAM
11,20,41,RAM
11,20,151,RAM
11,20,238,RAM
11,20,80,RAM
11,20,59,RAM
11,20,112,SSD
11,20,6,SSD
11,21,166,RAM
11,21,206,SSD
11,21,243,RAM
11,21,61,RAM
11,21,42,RAM
11,21,19,SSD
11,21,251,RAM
11,21,103,RAM
11,22,187,RAM
11,22,163,SSD
11,22,47,SSD
11,22,42,RAM
11,22,116,RAM
11,22,225,RAM
11,22,210,SSD
11,22,246,RAM
11,23,56,RAM
11,23,18,SSD
11,23,141,RAM
11,23,115,RAM
11,23,228,SSD
11,23,242,RAM
11,23,142,RAM
11,23,226,SSD
11,24,9,RAM
11,24,42,RAM
11,24,97,RAM
11,24,2,RAM
11,24,192,RAM
11,24,124,SSD
11,24,18,RAM
11,24,125,RAM
11,25,174,RAM
11,25,126,RAM
11,25,95,RAM
11,25,124,RAM
11,25,200,SSD
11,25,219,RAM
11,25,110,RAM
11,25,151,SSD
11,26,45,RAM
11,26,189,RAM
11,26,78,RAM
11,26,138,RAM
11,26,159,RAM
11,26,38,SSD
11,26,168,RAM
11,26,27,RAM
11,27,206,RAM
11,27,103,RAM
11,27,245,RAM
11,27,62,RAM
11,27,100,RAM
11,27,217,RAM
11,27,70,SSD
11,27,241,SSD
11,28,232,SSD
11,28,224,RAM
11,28,73,RAM
11,28,149,SSD
11,28,215,RAM
11,28,67,RAM
11,28,108,RAM
11,28,87,RAM
11,29,201,RAM
11,29,220,RAM
11,29,155,SSD
11,29,242,SSD
11,29,69,RAM
11,29,124,RAM
11,29,235,SSD
11,29,211,RAM
11,30,191,RAM
11,30,6,SSD
11,30,122,RAM
11,30,27,RAM
11,30,117,RAM
11,30,2,SSD
11,30,38,SSD
11,30,166,SSD
11,31,253,RAM
11,31,77,RAM
11,31,38,RAM
11,31,248,RAM
11,31,233,SSD
11,31,14,RAM
11,31,241,RAM
11,31,132,RAM
11,32,175,SSD
11,32,17,SSD
11,32,13,RAM
11,32,142,RAM
11,32,37,SSD
11,32,50,RAM
11,32,101,SSD
11,32,64,SSD
11,33,214,SSD
11,33,23,SSD
11,33,81,RAM
11,33,117,SSD
11,33,39,RAM
11,33,94,SSD
11,33,166,RAM
11,33,220,RAM
11,34,58,SSD
11,34,40,SSD
11,34,187,SSD
11,34,61,RAM
11,34,173,RAM
11,34,182,SSD
11,34,98,RAM
11,34,141,RAM
11,35,59,RAM
11,35,7,SSD
11,35,104,RAM
11,35,97,RAM
11,35,34,RAM
11,35,194,RAM
11,35,167,RAM
11,35,146,RAM
11,36,158,RAM
11,36,235,RAM
11,36,245,SSD
11,36,8,SSD
11,36,145,SSD
11,36,196,RAM
11,36,253,SSD
11,36,12,RAM
11,37,4,RAM
11,37,64,RAM
11,37,164,SSD
11,37,111,RAM
11,37,229,RAM
11,37,105,SSD
11,37,89,RAM
11,37,184,RAM
11,38,136,SSD
11,38,95,RAM
11,38,22,SSD
11,38,128,RAM
11,38,75,RAM
11,38,94,RAM
11,38,131,RAM
11,38,223,SSD
11,39,16,SSD
11,39,68,SSD
11,39,23,SSD
11,39,222,RAM
11,39,254,RAM
11,39,146,RAM
11,39,237,RAM
11,39,188,SSD
12,0,181,SSD
12,0,82,SSD
12,0,107,SSD
12,0,122,SSD
12,0,251,SSD
12,0,99,SSD
12,0,39,SSD
12,0,160,SSD
12,1,166,RAM
12,1,89,SSD
12,1,9,SSD
12,1,28,SSD
12,1,190,SSD
12,1,237,SSD
12,1,202,RAM
12,1,119,SSD
12,2,125,RAM
12,2,185,SSD
12,2,47,SSD
12,2,1,SSD
12,2,217,RAM
12,2,99,SSD
12,2,54,SSD
12,2,158,SSD
12,3,255,RAM
12,3,39,RAM
12,3,121,SSD
12,3,3,SSD
12,3,244,SSD
12,3,158,SSD
12,3,153,RAM
12,3,85,SSD
12,4,25,RAM
12,4,121,RAM
12,4,20,SSD
12,4,133,SSD
12,4,5,SSD
12,4,21,SSD
12,4,182,RAM
12,4,120,SSD
12,5,223,RAM
12,5,174,SSD
12,5,62,RAM
12,5,153,RAM
12,5,120,RAM
12,5,94,SSD
12,5,114,RAM
12,5,3,SSD
12,6,102,RAM
12,6,21,SSD
12,6,254,SSD
12,6,3,RAM
12,6,230,SSD
12,6,151,RAM
12,6,179,SSD
12,6,32,RAM
12,7,24,RAM
12,7,132,RAM
12,7,182,RAM
12,7,96,RAM
12,7,219,RAM
12,7,203,RAM
12,7,195,SSD
12,7,199,RAM
12,8,224,RAM
12,8,41,RAM
12,8,151,RAM
12,8,68,RAM
12,8,165,SSD
12,8,102,SSD
12,8,1,RAM
12,8,182,SSD
12,9,166,RAM
12,9,243,RAM
12,9,206,RAM
12,9,19,RAM
12,9,61,RAM
12,9,122,SSD
12,9,103,SSD
12,9,134,RAM
12,10,116,RAM
12,10,176,RAM
12,10,68,SSD
12,10,205,RAM
12,10,79,SSD
12,10,144,SSD
12,10,146,RAM
12,10,127,SSD
12,11,64,SSD
12,11,134,SSD
12,11,42,SSD
12,11,141,RAM
12,11,56,RAM
12,11,135,SSD
12,11,97,SSD
12,11,10,SSD
12,12,9,RAM
12,12,42,RAM
12,12,2,RAM
12,12,50,RAM
12,12,116,RAM
12,12,3,RAM
12,12,201,RAM
12,12,219,SSD
12,13,174,RAM
12,13,164,SSD
12,13,228,RAM
12,13,151,SSD
12,13,185,RAM
12,13,219,RAM
12,13,208,SSD
12,13,126,RAM
12,14,138,RAM
12,14,189,RAM
12,14,44,RAM
12,14,67,RAM
12,14,58,RAM
12,14,201,SSD
12,14,252,RAM
12,14,96,SSD
12,15,206,RAM
12,15,134,RAM
12,15,238,RAM
12,15,145,SSD
12,15,3,RAM
12,15,249,SSD
12,15,122,RAM
12,15,151,RAM
12,16,169,RAM
12,16,74,SSD
12,16,195,SSD
12,16,232,RAM
12,16,234,RAM
12,16,24,SSD
12,16,45,SSD
12,16,122,SSD
12,17,8,RAM
12,17,60,RAM
12,17,69,RAM
12,17,204,SSD
12,17,238,SSD
12,17,26,SSD
12,17,4,RAM
12,17,212,RAM
12,18,117,RAM
12,18,77,SSD
12,18,118,SSD
12,18,48,SSD
12,18,45,SSD
12,18,232,SSD
12,18,143,SSD
12,18,171,SSD
12,19,248,RAM
12,19,59,SSD
12,19,137,RAM
12,19,124,RAM
12,19,157,SSD
12,19,135,SSD
12,19,237,SSD
12,19,83,SSD
12,20,41,RAM
12,20,151,RAM
12,20,224,RAM
12,20,102,SSD
12,20,1,RAM
12,20,165,SSD
12,20,49,SSD
12,20,90,SSD
12,21,166,RAM
12,21,243,RAM
12,21,207,RAM
12,21,103,RAM
12,21,214,SSD
12,21,22,SSD
12,21,134,SSD
12,21,3,SSD
12,22,116,RAM
12,22,160,SSD
12,22,205,RAM
12,22,68,SSD
12,22,26,SSD
12,22,232,SSD
12,22,176,SSD
12,22,34,SSD
12,23,80,SSD
12,23,141,RAM
12,23,134,RAM
12,23,79,SSD
12,23,64,SSD
12,23,10,SSD
12,23,170,SSD
12,23,107,RAM
12,24,9,RAM
12,24,2,RAM
12,24,42,RAM
12,24,3,RAM
12,24,80,SSD
12,24,7,SSD
12,24,116,SSD
12,24,251,RAM
12,25,174,RAM
12,25,76,SSD
12,25,192,SSD
12,25,195,SSD
12,25,98,SSD
12,25,164,SSD
12,25,228,SSD
12,25,5,SSD
12,26,252,RAM
12,26,58,SSD
12,26,67,RAM
12,26,78,RAM
12,26,138,RAM
12,26,96,SSD
12,26,189,RAM
12,26,146,SSD
12,27,206,RAM
12,27,3,SSD
12,27,55,RAM
12,27,70,RAM
12,27,26,RAM
12,27,100,RAM
12,27,249,RAM
12,27,150,SSD
12,28,232,RAM
12,28,74,SSD
12,28,169,RAM
12,28,45,SSD
12,28,224,RAM
12,28,165,SSD
12,28,130,SSD
12,28,245,SSD
12,29,150,SSD
12,29,26,SSD
12,29,155,RAM
12,29,69,RAM
12,29,220,RAM
12,29,60,RAM
12,29,212,SSD
12,29,204,SSD
12,30,55,RAM
12,30,117,RAM
12,30,191,RAM
12,30,122,RAM
12,30,17,RAM
12,30,106,RAM
12,30,27,RAM
12,30,38,RAM
12,31,237,SSD
12,31,253,RAM
12,31,248,RAM
12,31,77,RAM
12,31,14,RAM
12,31,38,RAM
12,31,241,RAM
12,31,56,SSD
12,32,224,SSD
12,32,13,RAM
12,32,37,RAM
12,32,142,RAM
12,32,175,RAM
12,32,101,RAM
12,32,197,SSD
12,32,50,RAM
12,33,201,SSD
12,33,81,RAM
12,33,156,SSD
12,33,179,SSD
12,33,39,RAM
12,33,117,RAM
12,33,220,RAM
12,33,40,SSD
12,34,49,SSD
12,34,217,SSD
12,34,141,RAM
12,34,173,RAM
12,34,58,RAM
12,34,225,SSD
12,34,40,RAM
12,34,213,SSD
12,35,59,RAM
12,35,224,SSD
12,35,7,RAM
12,35,233,RAM
12,35,104,RAM
12,35,167,RAM
12,35,203,SSD
12,35,146,RAM
12,36,158,RAM
12,36,255,SSD
12,36,196,RAM
12,36,245,RAM
12,36,145,RAM
12,36,24,SSD
12,36,235,RAM
12,36,203,RAM
12,37,64,RAM
12,37,50,SSD
12,37,105,RAM
12,37,229,RAM
12,37,89,RAM
12,37,4,RAM
12,37,111,RAM
12,37,107,SSD
12,38,146,SSD
12,38,128,RAM
12,38,75,RAM
12,38,94,RAM
12,38,223,RAM
12,38,228,SSD
12,38,79,RAM
12,38,97,SSD
12,39,85,SSD
12,39,177,SSD
12,39,10,SSD
12,39,13,SSD
12,39,254,RAM
12,39,34,SSD
12,39,206,SSD
12,39,78,SSD
13,0,135,SSD
13,0,216,SSD
13,0,181,RAM
13,0,168,SSD
13,0,109,SSD
13,0,255,SSD
13,0,246,SSD
13,0,61,SSD
13,1,236,RAM
13,1,226,SSD
13,1,192,SSD
13,1,190,RAM
13,1,51,SSD
13,1,85,SSD
13,1,193,SSD
13,1,48,SSD
13,2,185,RAM
13,2,47,RAM
13,2,125,RAM
13,2,77,SSD
13,2,221,SSD
13,2,13,SSD
13,2,5,SSD
13,2,95,RAM
13,3,39,RAM
13,3,0,SSD
13,3,19,RAM
13,3,118,SSD
13,3,196,SSD
13,3,17,SSD
13,3,113,SSD
13,3,167,SSD
13,4,25,RAM
13,4,243,RAM
13,4,121,RAM
13,4,190,SSD
13,4,165,SSD
13,4,133,RAM
13,4,132,SSD
13,4,217,SSD
13,5,62,RAM
13,5,223,RAM
13,5,14,SSD
13,5,153,RAM
13,5,89,RAM
13,5,120,RAM
13,5,170,RAM
13,5,155,SSD
13,6,85,SSD
13,6,162,RAM
13,6,114,RAM
13,6,100,RAM
13,6,28,RAM
13,6,216,SSD
13,6,179,RAM
13,6,2,SSD
13,7,219,RAM
13,7,16,SSD
13,7,30,RAM
13,7,221,SSD
13,7,24,RAM
13,7,234,SSD
13,7,182,RAM
13,7,132,RAM
13,8,68,RAM
13,8,224,RAM
13,8,151,RAM
13,8,80,RAM
13,8,41,RAM
13,8,171,RAM
13,8,56,RAM
13,8,238,SSD
13,9,212,RAM
13,9,61,RAM
13,9,42,RAM
13,9,166,RAM
13,9,243,RAM
13,9,0,RAM
13,9,73,RAM
13,9,8,SSD
13,10,47,RAM
13,10,159,RAM
13,10,170,SSD
13,10,246,RAM
13,10,31,RAM
13,10,10,SSD
13,10,187,RAM
13,10,40,SSD
13,11,109,RAM
13,11,11,SSD
13,11,250,RAM
13,11,56,RAM
13,11,201,SSD
13,11,228,RAM
13,11,115,RAM
13,11,104,SSD
13,12,97,RAM
13,12,3,RAM
13,12,192,RAM
13,12,189,RAM
13,12,9,RAM
13,12,99,SSD
13,12,18,RAM
13,12,82,SSD
13,13,124,RAM
13,13,174,RAM
13,13,100,RAM
13,13,230,SSD
13,13,254,SSD
13,13,95,RAM
13,13,110,RAM
13,13,141,SSD
13,14,138,RAM
13,14,235,RAM
13,14,189,RAM
13,14,45,RAM
13,14,27,RAM
13,14,12,SSD
13,14,168,RAM
13,14,8,SSD
13,15,245,RAM
13,15,206,RAM
13,15,52,SSD
13,15,26,RAM
13,15,48,SSD
13,15,100,RAM
13,15,110,RAM
13,15,44,RAM
13,16,22,RAM
13,16,232,RAM
13,16,224,RAM
13,16,179,RAM
13,16,14,SSD
13,16,134,SSD
13,16,215,RAM
13,16,108,SSD
13,17,220,RAM
13,17,201,RAM
13,17,69,RAM
13,17,235,SSD
13,17,124,RAM
13,17,155,RAM
13,17,212,RAM
13,17,211,RAM
13,18,191,RAM
13,18,55,SSD
13,18,122,RAM
13,18,162,SSD
13,18,27,RAM
13,18,17,RAM
13,18,117,RAM
13,18,207,SSD
13,19,38,RAM
13,19,77,RAM
13,19,253,RAM
13,19,237,RAM
13,19,56,SSD
13,19,197,RAM
13,19,241,RAM
13,19,14,RAM
13,20,224,RAM
13,20,41,RAM
13,20,151,RAM
13,20,238,RAM
13,20,117,SSD
13,20,80,RAM
13,20,205,SSD
13,20,75,SSD
13,21,166,RAM
13,21,42,RAM
13,21,61,RAM
13,21,243,RAM
13,21,73,RAM
13,21,200,SSD
13,21,251,RAM
13,21,155,SSD
13,22,47,RAM
13,22,187,RAM
13,22,170,SSD
13,22,238,SSD
13,22,10,SSD
13,22,154,SSD
13,22,246,RAM
13,22,159,SSD
13,23,11,SSD
13,23,56,RAM
13,23,228,RAM
13,23,115,RAM
13,23,109,SSD
13,23,242,RAM
13,23,19,SSD
13,23,132,SSD
13,24,97,RAM
13,24,192,RAM
13,24,9,RAM
13,24,209,SSD
13,24,42,RAM
13,24,60,SSD
13,24,2,RAM
13,24,18,RAM
13,25,174,RAM
13,25,126,RAM
13,25,124,RAM
13,25,141,SSD
13,25,110,RAM
13,25,95,RAM
13,25,149,SSD
13,25,254,SSD
13,26,45,RAM
13,26,189,RAM
13,26,12,SSD
13,26,159,RAM
13,26,27,RAM
13,26,8,SSD
13,26,66,SSD
13,26,175,SSD
13,27,245,RAM
13,27,206,RAM
13,27,217,RAM
13,27,62,RAM
13,27,70,RAM
13,27,52,SSD
13,27,82,SSD
13,27,51,SSD
13,28,22,SSD
13,28,232,RAM
13,28,58,SSD
13,28,14,SSD
13,28,134,SSD
13,28,215,RAM
13,28,87,RAM
13,28,144,SSD
13,29,235,RAM
13,29,220,RAM
13,29,201,RAM
13,29,69,RAM
13,29,242,RAM
13,29,124,RAM
13,29,173,SSD
13,29,18,SSD
13,30,191,RAM
13,30,122,RAM
13,30,166,RAM
13,30,27,RAM
13,30,33,SSD
13,30,55,RAM
13,30,117,RAM
13,30,40,SSD
13,31,38,RAM
13,31,248,RAM
13,31,56,RAM
13,31,77,RAM
13,31,253,RAM
13,31,241,RAM
13,31,217,SSD
13,31,237,RAM
13,32,142,RAM
13,32,30,RAM
13,32,252,SSD
13,32,240,SSD
13,32,101,RAM
13,32,103,SSD
13,32,151,RAM
13,32,64,RAM
13,33,152,SSD
13,33,237,SSD
13,33,39,RAM
13,33,178,SSD
13,33,15,SSD
13,33,201,RAM
13,33,81,RAM
13,33,231,SSD
13,34,233,SSD
13,34,232,SSD
13,34,225,RAM
13,34,46,SSD
13,34,40,RAM
13,34,173,RAM
13,34,22,SSD
13,34,98,RAM
13,35,149,SSD
13,35,203,RAM
13,35,194,RAM
13,35,59,RAM
13,35,19,SSD
13,35,192,SSD
13,35,11,SSD
13,35,104,RAM
13,36,158,RAM
13,36,145,RAM
13,36,235,RAM
13,36,12,RAM
13,36,105,SSD
13,36,1,SSD
13,36,88,SSD
13,36,13,SSD
13,37,200,SSD
13,37,239,SSD
13,37,202,SSD
13,37,107,RAM
13,37,192,SSD
13,37,248,SSD
13,37,233,SSD
13,37,117,SSD
13,38,103,SSD
13,38,20,SSD
13,38,13,SSD
13,38,48,SSD
13,38,249,SSD
13,38,176,SSD
13,38,11,SSD
13,38,193,SSD
13,39,42,SSD
13,39,240,SSD
13,39,10,RAM
13,39,73,SSD
13,39,55,SSD
13,39,198,RAM
13,39,164,SSD
13,39,134,SSD
14,0,252,SSD
14,0,25,SSD
14,0,42,SSD
14,0,160,RAM
14,0,12,SSD
14,0,238,SSD
14,0,165,SSD
14,0,59,SSD
14,1,236,RAM
14,1,226,RAM
14,1,45,SSD
14,1,51,RAM
14,1,41,SSD
14,1,204,SSD
14,1,249,SSD
14,1,192,RAM
14,2,217,RAM
14,2,223,SSD
14,2,1,RAM
14,2,185,RAM
14,2,153,SSD
14,2,158,RAM
14,2,233,SSD
14,2,171,SSD
14,3,255,RAM
14,3,12,SSD
14,3,216,RAM
14,3,39,RAM
14,3,244,RAM
14,3,27,SSD
14,3,229,RAM
14,3,48,SSD
14,4,121,RAM
14,4,236,SSD
14,4,217,RAM
14,4,184,SSD
14,4,23,SSD
14,4,87,SSD
14,4,132,RAM
14,4,243,RAM
14,5,120,RAM
14,5,122,SSD
14,5,177,SSD
14,5,210,RAM
14,5,163,SSD
14,5,23,SSD
14,5,132,SSD
14,5,129,SSD
14,6,102,RAM
14,6,185,SSD
14,6,151,RAM
14,6,159,SSD
14,6,50,SSD
14,6,212,SSD
14,6,21,RAM
14,6,254,RAM
14,7,24,RAM
14,7,132,RAM
14,7,96,RAM
14,7,151,SSD
14,7,111,SSD
14,7,81,SSD
14,7,193,SSD
14,7,115,SSD
14,8,41,RAM
14,8,224,RAM
14,8,151,RAM
14,8,63,SSD
14,8,182,RAM
14,8,1,RAM
14,8,165,RAM
14,8,121,SSD
14,9,166,RAM
14,9,243,RAM
14,9,103,RAM
14,9,134,RAM
14,9,3,SSD
14,9,95,SSD
14,9,160,SSD
14,9,101,SSD
14,10,146,RAM
14,10,116,RAM
14,10,205,RAM
14,10,176,RAM
14,10,233,SSD
14,10,232,SSD
14,10,77,SSD
14,10,109,SSD
14,11,134,RAM
14,11,141,RAM
14,11,42,RAM
14,11,97,RAM
14,11,71,SSD
14,11,37,SSD
14,11,191,SSD
14,11,10,RAM
14,12,9,RAM
14,12,50,RAM
14,12,42,RAM
14,12,2,RAM
14,12,116,RAM
14,12,201,RAM
14,12,219,RAM
14,12,244,SSD
14,13,174,RAM
14,13,228,RAM
14,13,208,RAM
14,13,0,SSD
14,13,185,RAM
14,13,31,SSD
14,13,40,SSD
14,13,151,RAM
14,14,189,RAM
14,14,44,RAM
14,14,58,RAM
14,14,201,RAM
14,14,252,RAM
14,14,67,RAM
14,14,134,SSD
14,14,115,SSD
14,15,206,RAM
14,15,134,RAM
14,15,145,RAM
14,15,249,RAM
14,15,122,RAM
14,15,238,RAM
14,15,12,RAM
14,15,158,SSD
14,16,169,RAM
14,16,74,RAM
14,16,234,RAM
14,16,195,RAM
14,16,24,RAM
14,16,191,SSD
14,16,197,SSD
14,16,228,SSD
14,17,69,RAM
14,17,60,RAM
14,17,204,RAM
14,17,8,RAM
14,17,4,RAM
14,17,28,SSD
14,17,66,SSD
14,17,238,RAM
14,18,117,RAM
14,18,209,SSD
14,18,143,RAM
14,18,77,RAM
14,18,171,RAM
14,18,212,SSD
14,18,118,RAM
14,18,45,RAM
14,19,248,RAM
14,19,59,RAM
14,19,157,RAM
14,19,137,RAM
14,19,124,RAM
14,19,135,RAM
14,19,83,RAM
14,19,48,SSD
14,20,41,RAM
14,20,151,RAM
14,20,224,RAM
14,20,1,RAM
14,20,102,RAM
14,20,117,RAM
14,20,165,RAM
14,20,90,RAM
14,21,166,RAM
14,21,243,RAM
14,21,207,RAM
14,21,103,RAM
14,21,201,SSD
14,21,22,RAM
14,21,3,RAM
14,21,226,SSD
14,22,116,RAM
14,22,160,RAM
14,22,205,RAM
14,22,194,SSD
14,22,34,RAM
14,22,77,SSD
14,22,86,SSD
14,22,207,SSD
14,23,80,RAM
14,23,134,RAM
14,23,141,RAM
14,23,111,SSD
14,23,146,SSD
14,23,204,SSD
14,23,56,RAM
14,23,107,RAM
14,24,9,RAM
14,24,50,SSD
14,24,2,RAM
14,24,42,RAM
14,24,116,RAM
14,24,201,SSD
14,24,3,RAM
14,24,111,SSD
14,25,174,RAM
14,25,228,RAM
14,25,0,SSD
14,25,222,SSD
14,25,158,SSD
14,25,208,SSD
14,25,7,SSD
14,25,47,SSD
14,26,252,RAM
14,26,78,RAM
14,26,58,RAM
14,26,189,RAM
14,26,67,RAM
14,26,138,RAM
14,26,44,SSD
14,26,59,SSD
14,27,206,RAM
14,27,55,RAM
14,27,100,RAM
14,27,192,SSD
14,27,158,SSD
14,27,122,SSD
14,27,151,SSD
14,27,249,RAM
14,28,74,RAM
14,28,228,SSD
14,28,169,RAM
14,28,165,RAM
14,28,31,SSD
14,28,72,SSD
14,28,24,SSD
14,28,47,SSD
14,29,69,RAM
14,29,204,RAM
14,29,150,RAM
14,29,60,RAM
14,29,28,SSD
14,29,220,RAM
14,29,216,SSD
14,29,158,SSD
14,30,117,RAM
14,30,122,RAM
14,30,61,SSD
14,30,52,SSD
14,30,17,RAM
14,30,137,SSD
14,30,118,SSD
14,30,195,SSD
14,31,248,RAM
14,31,137,SSD
14,31,67,SSD
14,31,135,SSD
14,31,212,SSD
14,31,83,SSD
14,31,124,RAM
14,31,241,RAM
14,32,33,SSD
14,32,59,SSD
14,32,101,RAM
14,32,151,RAM
14,32,31,SSD
14,32,117,SSD
14,32,156,SSD
14,32,148,SSD
14,33,192,SSD
14,33,81,RAM
14,33,5,SSD
14,33,220,RAM
14,33,181,RAM
14,33,102,SSD
14,33,133,SSD
14,33,75,RAM
14,34,16,SSD
14,34,247,SSD
14,34,15,SSD
14,34,5,SSD
14,34,249,SSD
14,34,143,SSD
14,34,109,SSD
14,34,211,SSD
14,35,167,RAM
14,35,202,SSD
14,35,136,SSD
14,35,95,SSD
14,35,14,SSD
14,35,106,SSD
14,35,194,RAM
14,35,251,SSD
14,36,158,RAM
14,36,110,SSD
14,36,118,SSD
14,36,203,RAM
14,36,245,RAM
14,36,134,SSD
14,36,241,SSD
14,36,121,SSD
14,37,103,SSD
14,37,64,RAM
14,37,75,RAM
14,37,35,SSD
14,37,92,SSD
14,37,199,SSD
14,37,214,SSD
14,37,26,SSD
14,38,103,RAM
14,38,128,RAM
14,38,7,SSD
14,38,239,SSD
14,38,236,SSD
14,38,55,SSD
14,38,20,RAM
14,38,191,SSD
14,39,113,SSD
14,39,21,SSD
14,39,10,RAM
14,39,48,SSD
14,39,155,SSD
14,39,45,SSD
14,39,73,RAM
14,39,140,SSD
15,0,3,SSD
15,0,12,RAM
15,0,190,SSD
15,0,129,SSD
15,0,10,SSD
15,0,1,SSD
15,0,100,SSD
15,0,64,SSD
15,1,236,RAM
15,1,254,SSD
15,1,226,RAM
15,1,192,RAM
15,1,190,RAM
15,1,41,RAM
15,1,28,RAM
15,1,51,RAM
15,2,223,RAM
15,2,175,SSD
15,2,185,RAM
15,2,221,RAM
15,2,184,SSD
15,2,47,RAM
15,2,96,SSD
15,2,37,SSD
15,3,39,RAM
15,3,191,SSD
15,3,0,RAM
15,3,173,SSD
15,3,94,RAM
15,3,251,RAM
15,3,223,SSD
15,3,121,RAM
15,4,121,RAM
15,4,217,RAM
15,4,32,SSD
15,4,243,RAM
15,4,25,RAM
15,4,190,RAM
15,4,5,RAM
15,4,162,SSD
15,5,62,RAM
15,5,132,RAM
15,5,160,SSD
15,5,120,RAM
15,5,46,SSD
15,5,223,RAM
15,5,153,RAM
15,5,52,SSD
15,6,102,RAM
15,6,21,RAM
15,6,209,RAM
15,6,151,RAM
15,6,162,RAM
15,6,254,RAM
15,6,179,RAM
15,6,216,RAM
15,7,24,RAM
15,7,132,RAM
15,7,182,RAM
15,7,96,RAM
15,7,193,RAM
15,7,199,RAM
15,7,219,RAM
15,7,81,RAM
15,8,224,RAM
15,8,41,RAM
15,8,151,RAM
15,8,63,RAM
15,8,1,RAM
15,8,165,RAM
15,8,68,RAM
15,8,47,SSD
15,9,166,RAM
15,9,243,RAM
15,9,61,RAM
15,9,42,RAM
15,9,44,SSD
15,9,3,RAM
15,9,134,RAM
15,9,95,RAM
15,10,176,RAM
15,10,116,RAM
15,10,146,RAM
15,10,205,RAM
15,10,229,RAM
15,10,127,RAM
15,10,77,RAM
15,10,66,SSD
15,11,141,RAM
15,11,42,RAM
15,11,134,RAM
15,11,56,RAM
15,11,71,RAM
15,11,204,SSD
15,11,37,RAM
15,11,237,SSD
15,12,50,RAM
15,12,9,RAM
15,12,2,RAM
15,12,42,RAM
15,12,97,RAM
15,12,251,SSD
15,12,3,RAM
15,12,208,SSD
15,13,174,RAM
15,13,219,RAM
15,13,126,RAM
15,13,151,RAM
15,13,228,RAM
15,13,0,RAM
15,13,79,SSD
15,13,110,RAM
15,14,138,RAM
15,14,189,RAM
15,14,67,RAM
15,14,44,RAM
15,14,11,SSD
15,14,96,RAM
15,14,175,RAM
15,14,247,SSD
15,15,206,RAM
15,15,238,RAM
15,15,3,RAM
15,15,26,RAM
15,15,12,RAM
15,15,94,SSD
15,15,245,RAM
15,15,230,SSD
15,16,74,RAM
15,16,59,SSD
15,16,224,RAM
15,16,67,RAM
15,16,73,RAM
15,16,169,RAM
15,16,130,RAM
15,16,234,RAM
15,17,220,RAM
15,17,229,RAM
15,17,238,RAM
15,17,60,RAM
15,17,8,RAM
15,17,89,SSD
15,17,69,RAM
15,17,211,RAM
15,18,117,RAM
15,18,106,SSD
15,18,191,RAM
15,18,17,RAM
15,18,139,SSD
15,18,118,RAM
15,18,16,SSD
15,18,48,RAM
15,19,137,RAM
15,19,14,RAM
15,19,124,RAM
15,19,59,RAM
15,19,33,SSD
15,19,67,SSD
15,19,48,RAM
15,19,197,RAM
15,20,224,RAM
15,20,41,RAM
15,20,151,RAM
15,20,206,SSD
15,20,165,RAM
15,20,117,RAM
15,20,29,SSD
15,20,102,RAM
15,21,243,RAM
15,21,166,RAM
15,21,251,RAM
15,21,61,RAM
15,21,103,RAM
15,21,95,SSD
15,21,42,RAM
15,21,201,RAM
15,22,160,RAM
15,22,119,SSD
15,22,116,RAM
15,22,205,RAM
15,22,225,RAM
15,22,26,RAM
15,22,77,RAM
15,22,176,RAM
15,23,80,RAM
15,23,141,RAM
15,23,250,RAM
15,23,134,RAM
15,23,157,SSD
15,23,56,RAM
15,23,138,SSD
15,23,215,SSD
15,24,222,SSD
15,24,2,RAM
15,24,9,RAM
15,24,97,RAM
15,24,251,RAM
15,24,3,RAM
15,24,147,SSD
15,24,71,SSD
15,25,174,RAM
15,25,126,RAM
15,25,219,RAM
15,25,110,RAM
15,25,124,RAM
15,25,228,RAM
15,25,151,RAM
15,25,98,RAM
15,26,138,RAM
15,26,67,RAM
15,26,183,SSD
15,26,78,RAM
15,26,252,RAM
15,26,189,RAM
15,26,168,RAM
15,26,96,RAM
15,27,26,RAM
15,27,206,RAM
15,27,245,RAM
15,27,80,SSD
15,27,70,RAM
15,27,101,SSD
15,27,3,RAM
15,27,69,SSD
15,28,74,RAM
15,28,121,RAM
15,28,224,RAM
15,28,67,RAM
15,28,169,RAM
15,28,73,RAM
15,28,72,RAM
15,28,20,SSD
15,29,150,RAM
15,29,69,RAM
15,29,60,RAM
15,29,220,RAM
15,29,28,RAM
15,29,89,RAM
15,29,124,RAM
15,29,130,RAM
15,30,117,RAM
15,30,106,RAM
15,30,191,RAM
15,30,240,SSD
15,30,17,RAM
15,30,94,SSD
15,30,38,RAM
15,30,52,RAM
15,31,137,RAM
15,31,14,RAM
15,31,248,RAM
15,31,70,SSD
15,31,241,RAM
15,31,207,SSD
15,31,67,RAM
15,31,124,RAM
15,32,33,RAM
15,32,59,RAM
15,32,151,RAM
15,32,50,RAM
15,32,156,RAM
15,32,101,RAM
15,32,127,SSD
15,32,117,RAM
15,33,192,RAM
15,33,81,RAM
15,33,39,RAM
15,33,1,SSD
15,33,15,RAM
15,33,12,SSD
15,33,109,SSD
15,33,213,SSD
15,34,16,RAM
15,34,173,RAM
15,34,141,RAM
15,34,107,SSD
15,34,98,RAM
15,34,76,SSD
15,34,40,RAM
15,34,46,RAM
15,35,167,RAM
15,35,170,SSD
15,35,104,RAM
15,35,89,SSD
15,35,130,SSD
15,35,253,SSD
15,35,76,SSD
15,35,212,SSD
15,36,158,RAM
15,36,203,RAM
15,36,245,RAM
15,36,110,RAM
15,36,235,RAM
15,36,194,SSD
15,36,59,SSD
15,36,210,SSD
15,37,64,RAM
15,37,200,RAM
15,37,21,SSD
15,37,4,RAM
15,37,103,RAM
15,37,105,RAM
15,37,75,RAM
15,37,165,SSD
15,38,103,RAM
15,38,48,RAM
15,38,13,RAM
15,38,191,RAM
15,38,7,RAM
15,38,252,SSD
15,38,63,SSD
15,38,55,RAM
15,39,42,RAM
15,39,200,SSD
15,39,10,RAM
15,39,73,RAM
15,39,45,RAM
15,39,67,SSD
15,39,229,SSD
15,39,109,SSD
16,0,178,SSD
16,0,131,SSD
16,0,156,SSD
16,0,15,SSD
16,0,241,SSD
16,0,1,RAM
16,0,122,RAM
16,0,3,RAM
16,1,236,RAM
16,1,235,SSD
16,1,51,RAM
16,1,254,RAM
16,1,171,SSD
16,1,226,RAM
16,1,133,SSD
16,1,246,SSD
16,2,185,RAM
16,2,223,RAM
16,2,175,RAM
16,2,184,RAM
16,2,47,RAM
16,2,4,SSD
16,2,221,RAM
16,2,54,RAM
16,3,39,RAM
16,3,94,RAM
16,3,251,RAM
16,3,19,RAM
16,3,118,RAM
16,3,43,SSD
16,3,132,SSD
16,3,196,RAM
16,4,25,RAM
16,4,243,RAM
16,4,121,RAM
16,4,190,RAM
16,4,217,RAM
16,4,132,RAM
16,4,32,RAM
16,4,250,SSD
16,5,62,RAM
16,5,223,RAM
16,5,14,RAM
16,5,153,RAM
16,5,89,RAM
16,5,155,RAM
16,5,79,SSD
16,5,46,RAM
16,6,162,RAM
16,6,100,RAM
16,6,177,SSD
16,6,85,RAM
16,6,28,RAM
16,6,56,RAM
16,6,102,RAM
16,6,126,RAM
16,7,182,RAM
16,7,219,RAM
16,7,255,SSD
16,7,132,RAM
16,7,192,RAM
16,7,215,SSD
16,7,24,RAM
16,7,199,RAM
16,8,224,RAM
16,8,151,RAM
16,8,41,RAM
16,8,56,RAM
16,8,68,RAM
16,8,80,RAM
16,8,40,SSD
16,8,119,RAM
16,9,42,RAM
16,9,61,RAM
16,9,243,RAM
16,9,185,SSD
16,9,212,RAM
16,9,73,RAM
16,9,166,RAM
16,9,8,RAM
16,10,47,RAM
16,10,159,RAM
16,10,127,RAM
16,10,170,RAM
16,10,243,SSD
16,10,244,SSD
16,10,246,RAM
16,10,79,RAM
16,11,12,SSD
16,11,128,SSD
16,11,56,RAM
16,11,204,RAM
16,11,160,SSD
16,11,228,RAM
16,11,134,RAM
16,11,135,RAM
16,12,1,SSD
16,12,9,RAM
16,12,39,SSD
16,12,97,RAM
16,12,3,RAM
16,12,128,SSD
16,12,192,RAM
16,12,163,SSD
16,13,174,RAM
16,13,93,SSD
16,13,154,SSD
16,13,212,SSD
16,13,118,SSD
16,13,134,SSD
16,13,151,RAM
16,13,202,SSD
16,14,167,SSD
16,14,189,RAM
16,14,138,RAM
16,14,137,SSD
16,14,106,SSD
16,14,51,SSD
16,14,60,SSD
16,14,67,RAM
16,15,206,RAM
16,15,217,SSD
16,15,87,SSD
16,15,165,SSD
16,15,181,SSD
16,15,242,SSD
16,15,110,RAM
16,15,148,SSD
16,16,74,RAM
16,16,150,RAM
16,16,106,SSD
16,16,170,SSD
16,16,80,SSD
16,16,229,SSD
16,16,130,RAM
16,16,73,RAM
16,17,211,RAM
16,17,220,RAM
16,17,69,RAM
16,17,89,RAM
16,17,87,SSD
16,17,60,RAM
16,17,124,RAM
16,17,0,SSD
16,18,127,RAM
16,18,117,RAM
16,18,192,SSD
16,18,191,RAM
16,18,17,RAM
16,18,226,SSD
16,18,204,SSD
16,18,77,RAM
16,19,4,SSD
16,19,20,SSD
16,19,117,SSD
16,19,137,RAM
16,19,197,RAM
16,19,124,RAM
16,19,59,RAM
16,19,212,SSD
16,20,41,RAM
16,20,224,RAM
16,20,151,RAM
16,20,116,SSD
16,20,56,SSD
16,20,23,SSD
16,20,179,SSD
16,20,115,SSD
16,21,166,RAM
16,21,243,RAM
16,21,207,RAM
16,21,131,SSD
16,21,255,SSD
16,21,85,SSD
16,21,103,RAM
16,21,197,SSD
16,22,205,RAM
16,22,160,RAM
16,22,234,SSD
16,22,116,RAM
16,22,176,RAM
16,22,238,RAM
16,22,185,SSD
16,22,211,SSD
16,23,111,RAM
16,23,80,RAM
16,23,112,SSD
16,23,56,RAM
16,23,141,RAM
16,23,51,SSD
16,23,107,RAM
16,23,128,SSD
16,24,9,RAM
16,24,251,RAM
16,24,2,RAM
16,24,3,RAM
16,24,58,SSD
16,24,34,SSD
16,24,81,SSD
16,24,177,SSD
16,25,174,RAM
16,25,37,SSD
16,25,212,SSD
16,25,64,SSD
16,25,241,SSD
16,25,78,SSD
16,25,93,SSD
16,25,219,RAM
16,26,52,SSD
16,26,252,RAM
16,26,67,RAM
16,26,58,RAM
16,26,138,RAM
16,26,12,RAM
16,26,189,RAM
16,26,137,SSD
16,27,206,RAM
16,27,165,SSD
16,27,177,SSD
16,27,100,RAM
16,27,55,RAM
16,27,110,SSD
16,27,181,SSD
16,27,245,RAM
16,28,232,RAM
16,28,170,SSD
16,28,74,RAM
16,28,224,RAM
16,28,73,RAM
16,28,80,SSD
16,28,26,SSD
16,28,179,SSD
16,29,150,RAM
16,29,69,RAM
16,29,204,RAM
16,29,162,SSD
16,29,213,SSD
16,29,60,RAM
16,29,124,RAM
16,29,185,SSD
16,30,55,RAM
16,30,191,RAM
16,30,117,RAM
16,30,166,RAM
16,30,229,SSD
16,30,19,SSD
16,30,174,SSD
16,30,33,RAM
16,31,77,RAM
16,31,253,RAM
16,31,241,RAM
16,31,56,RAM
16,31,47,SSD
16,31,38,RAM
16,31,237,RAM
16,31,154,SSD
16,32,142,RAM
16,32,13,RAM
16,32,151,RAM
16,32,50,RAM
16,32,14,SSD
16,32,37,RAM
16,32,175,RAM
16,32,129,SSD
16,33,237,RAM
16,33,152,RAM
16,33,39,RAM
16,33,81,RAM
16,33,47,SSD
16,33,103,SSD
16,33,84,SSD
16,33,240,SSD
16,34,197,SSD
16,34,94,SSD
16,34,141,RAM
16,34,40,RAM
16,34,183,SSD
16,34,233,RAM
16,34,98,RAM
16,34,18,SSD
16,35,104,RAM
16,35,149,RAM
16,35,233,RAM
16,35,59,RAM
16,35,97,RAM
16,35,203,RAM
16,35,146,RAM
16,35,167,RAM
16,36,158,RAM
16,36,196,RAM
16,36,145,RAM
16,36,235,RAM
16,36,12,RAM
16,36,245,RAM
16,36,214,SSD
16,36,105,RAM
16,37,105,RAM
16,37,64,RAM
16,37,248,RAM
16,37,151,SSD
16,37,255,SSD
16,37,4,RAM
16,37,89,RAM
16,37,229,RAM
16,38,48,RAM
16,38,13,RAM
16,38,128,RAM
16,38,94,RAM
16,38,97,RAM
16,38,249,RAM
16,38,223,RAM
16,38,7,RAM
16,39,200,RAM
16,39,206,RAM
16,39,78,RAM
16,39,149,SSD
16,39,188,RAM
16,39,219,SSD
16,39,222,RAM
16,39,63,SSD
17,0,122,RAM
17,0,1,RAM
17,0,109,RAM
17,0,151,SSD
17,0,3,RAM
17,0,178,RAM
17,0,72,SSD
17,0,24,SSD
17,1,236,RAM
17,1,235,RAM
17,1,69,SSD
17,1,51,RAM
17,1,154,SSD
17,1,226,RAM
17,1,254,RAM
17,1,161,SSD
17,2,223,RAM
17,2,185,RAM
17,2,208,SSD
17,2,184,RAM
17,2,175,RAM
17,2,4,RAM
17,2,47,RAM
17,2,221,RAM
17,3,39,RAM
17,3,94,RAM
17,3,251,RAM
17,3,191,RAM
17,3,254,SSD
17,3,19,RAM
17,3,182,SSD
17,3,21,SSD
17,4,121,RAM
17,4,87,RAM
17,4,217,RAM
17,4,190,RAM
17,4,243,RAM
17,4,25,RAM
17,4,255,SSD
17,4,66,SSD
17,5,62,RAM
17,5,14,RAM
17,5,222,SSD
17,5,223,RAM
17,5,153,RAM
17,5,46,RAM
17,5,30,SSD
17,5,99,SSD
17,6,162,RAM
17,6,179,RAM
17,6,12,SSD
17,6,103,SSD
17,6,177,RAM
17,6,102,RAM
17,6,151,RAM
17,6,100,RAM
17,7,24,RAM
17,7,182,RAM
17,7,132,RAM
17,7,219,RAM
17,7,81,RAM
17,7,30,RAM
17,7,111,RAM
17,7,255,RAM
17,8,224,RAM
17,8,151,RAM
17,8,41,RAM
17,8,40,RAM
17,8,119,RAM
17,8,102,RAM
17,8,238,RAM
17,8,1,RAM
17,9,42,RAM
17,9,243,RAM
17,9,61,RAM
17,9,185,RAM
17,9,73,RAM
17,9,221,SSD
17,9,166,RAM
17,9,160,RAM
17,10,47,RAM
17,10,244,RAM
17,10,170,RAM
17,10,159,RAM
17,10,139,SSD
17,10,141,SSD
17,10,246,RAM
17,10,187,RAM
17,11,199,SSD
17,11,120,SSD
17,11,109,RAM
17,11,115,RAM
17,11,56,RAM
17,11,141,RAM
17,11,48,SSD
17,11,250,RAM
17,12,9,RAM
17,12,97,RAM
17,12,2,RAM
17,12,42,RAM
17,12,192,RAM
17,12,166,SSD
17,12,189,RAM
17,12,111,SSD
17,13,174,RAM
17,13,124,RAM
17,13,126,RAM
17,13,98,RAM
17,13,228,RAM
17,13,110,RAM
17,13,230,RAM
17,13,151,RAM
17,14,189,RAM
17,14,138,RAM
17,14,235,RAM
17,14,12,RAM
17,14,45,RAM
17,14,27,RAM
17,14,8,RAM
17,14,175,RAM
17,15,245,RAM
17,15,206,RAM
17,15,238,RAM
17,15,49,RAM
17,15,26,RAM
17,15,55,SSD
17,15,12,RAM
17,15,240,SSD
17,16,22,RAM
17,16,224,RAM
17,16,232,RAM
17,16,154,SSD
17,16,215,RAM
17,16,248,RAM
17,16,14,RAM
17,16,179,RAM
17,17,220,RAM
17,17,201,RAM
17,17,124,RAM
17,17,69,RAM
17,17,213,SSD
17,17,211,RAM
17,17,89,RAM
17,17,212,RAM
17,18,191,RAM
17,18,229,SSD
17,18,115,RAM
17,18,55,RAM
17,18,33,RAM
17,18,141,RAM
17,18,27,RAM
17,18,17,RAM
17,19,77,RAM
17,19,253,RAM
17,19,241,RAM
17,19,124,RAM
17,19,197,RAM
17,19,248,RAM
17,19,237,RAM
17,19,137,RAM
17,20,224,RAM
17,20,238,RAM
17,20,151,RAM
17,20,41,RAM
17,20,80,RAM
17,20,6,RAM
17,20,59,RAM
17,20,1,RAM
17,21,61,RAM
17,21,243,RAM
17,21,166,RAM
17,21,42,RAM
17,21,73,RAM
17,21,251,RAM
17,21,32,SSD
17,21,103,RAM
17,22,187,RAM
17,22,47,RAM
17,22,170,RAM
17,22,154,RAM
17,22,10,RAM
17,22,20,SSD
17,22,244,SSD
17,22,77,RAM
17,23,56,RAM
17,23,242,RAM
17,23,115,RAM
17,23,71,SSD
17,23,141,RAM
17,23,109,RAM
17,23,228,RAM
17,23,199,SSD
17,24,97,RAM
17,24,192,RAM
17,24,166,SSD
17,24,2,RAM
17,24,9,RAM
17,24,42,RAM
17,24,125,RAM
17,24,3,RAM
17,25,174,RAM
17,25,126,RAM
17,25,124,RAM
17,25,230,SSD
17,25,110,RAM
17,25,95,RAM
17,25,4,SSD
17,25,127,SSD
17,26,45,RAM
17,26,189,RAM
17,26,159,RAM
17,26,27,RAM
17,26,8,RAM
17,26,138,RAM
17,26,168,RAM
17,26,78,RAM
17,27,245,RAM
17,27,206,RAM
17,27,100,RAM
17,27,217,RAM
17,27,62,RAM
17,27,26,RAM
17,27,70,RAM
17,27,51,RAM
17,28,22,RAM
17,28,232,RAM
17,28,108,RAM
17,28,67,RAM
17,28,224,RAM
17,28,114,SSD
17,28,179,RAM
17,28,73,RAM
17,29,201,RAM
17,29,220,RAM
17,29,213,RAM
17,29,242,RAM
17,29,69,RAM
17,29,211,RAM
17,29,235,RAM
17,29,178,SSD
17,30,191,RAM
17,30,55,RAM
17,30,27,RAM
17,30,122,RAM
17,30,25,SSD
17,30,117,RAM
17,30,2,RAM
17,30,38,RAM
17,31,253,RAM
17,31,77,RAM
17,31,237,RAM
17,31,14,RAM
17,31,42,SSD
17,31,132,RAM
17,31,241,RAM
17,31,197,SSD
17,32,13,RAM
17,32,50,RAM
17,32,101,RAM
17,32,142,RAM
17,32,197,RAM
17,32,14,RAM
17,32,151,RAM
17,32,37,RAM
17,33,237,RAM
17,33,81,RAM
17,33,201,RAM
17,33,39,RAM
17,33,103,RAM
17,33,220,RAM
17,33,179,RAM
17,33,47,RAM
17,34,197,RAM
17,34,40,RAM
17,34,141,RAM
17,34,94,RAM
17,34,98,RAM
17,34,11,SSD
17,34,18,RAM
17,34,241,SSD
17,35,104,RAM
17,35,97,RAM
17,35,233,RAM
17,35,203,RAM
17,35,167,RAM
17,35,34,RAM
17,35,7,RAM
17,35,224,RAM
17,36,158,RAM
17,36,196,RAM
17,36,48,SSD
17,36,235,RAM
17,36,245,RAM
17,36,145,RAM
17,36,255,RAM
17,36,214,RAM
17,37,64,RAM
17,37,4,RAM
17,37,229,RAM
17,37,105,RAM
17,37,159,SSD
17,37,89,RAM
17,37,14,SSD
17,37,48,SSD
17,38,7,RAM
17,38,128,RAM
17,38,94,RAM
17,38,124,SSD
17,38,75,RAM
17,38,79,RAM
17,38,97,RAM
17,38,146,RAM
17,39,74,SSD
17,39,177,RAM
17,39,78,RAM
17,39,13,RAM
17,39,34,RAM
17,39,77,SSD
17,39,62,SSD
17,39,219,RAM
18,0,70,SSD
18,0,192,SSD
18,0,154,SSD
18,0,231,SSD
18,0,219,SSD
18,0,48,SSD
18,0,62,SSD
18,0,211,SSD
18,1,235,RAM
18,1,236,RAM
18,1,238,SSD
18,1,4,SSD
18,1,239,SSD
18,1,33,SSD
18,1,123,SSD
18,1,211,SSD
18,2,127,SSD
18,2,3,SSD
18,2,111,SSD
18,2,152,SSD
18,2,47,RAM
18,2,183,SSD
18,2,46,SSD
18,2,4,RAM
18,3,61,SSD
18,3,90,SSD
18,3,25,SSD
18,3,39,RAM
18,3,251,RAM
18,3,11,SSD
18,3,113,RAM
18,3,19,RAM
18,4,25,RAM
18,4,44,SSD
18,4,121,RAM
18,4,243,RAM
18,4,196,SSD
18,4,192,SSD
18,4,148,SSD
18,4,70,SSD
18,5,62,RAM
18,5,223,RAM
18,5,153,RAM
18,5,165,SSD
18,5,46,RAM
18,5,14,RAM
18,5,228,SSD
18,5,49,SSD
18,6,100,RAM
18,6,162,RAM
18,6,177,RAM
18,6,126,RAM
18,6,56,RAM
18,6,149,SSD
18,6,155,SSD
18,6,243,SSD
18,7,192,RAM
18,7,182,RAM
18,7,132,RAM
18,7,30,RAM
18,7,24,RAM
18,7,215,RAM
18,7,74,SSD
18,7,81,RAM
18,8,224,RAM
18,8,238,RAM
18,8,151,RAM
18,8,80,RAM
18,8,41,RAM
18,8,56,RAM
18,8,220,SSD
18,8,68,RAM
18,9,42,RAM
18,9,73,RAM
18,9,212,RAM
18,9,61,RAM
18,9,166,RAM
18,9,8,RAM
18,9,243,RAM
18,9,65,SSD
18,10,242,SSD
18,10,187,RAM
18,10,246,RAM
18,10,154,SSD
18,10,234,SSD
18,10,47,RAM
18,10,159,RAM
18,10,81,SSD
18,11,115,RAM
18,11,56,RAM
18,11,201,RAM
18,11,220,SSD
18,11,106,SSD
18,11,250,RAM
18,11,228,RAM
18,11,3,SSD
18,12,3,RAM
18,12,192,RAM
18,12,97,RAM
18,12,225,SSD
18,12,81,SSD
18,12,9,RAM
18,12,140,SSD
18,12,209,SSD
18,13,230,RAM
18,13,124,RAM
18,13,174,RAM
18,13,219,RAM
18,13,95,RAM
18,13,100,RAM
18,13,74,SSD
18,13,126,RAM
18,14,189,RAM
18,14,45,RAM
18,14,138,RAM
18,14,235,RAM
18,14,106,RAM
18,14,60,RAM
18,14,105,SSD
18,14,12,RAM
18,15,206,RAM
18,15,245,RAM
18,15,217,RAM
18,15,110,RAM
18,15,238,RAM
18,15,62,SSD
18,15,220,SSD
18,15,49,RAM
18,16,190,SSD
18,16,150,RAM
18,16,224,RAM
18,16,73,RAM
18,16,179,RAM
18,16,215,RAM
18,16,80,RAM
18,16,22,RAM
18,17,220,RAM
18,17,201,RAM
18,17,94,SSD
18,17,124,RAM
18,17,211,RAM
18,17,156,SSD
18,17,69,RAM
18,17,21,SSD
18,18,191,RAM
18,18,115,RAM
18,18,122,RAM
18,18,33,RAM
18,18,55,RAM
18,18,166,SSD
18,18,229,RAM
18,18,177,SSD
18,19,241,RAM
18,19,77,RAM
18,19,11,SSD
18,19,253,RAM
18,19,197,RAM
18,19,85,SSD
18,19,124,RAM
18,19,160,SSD
18,20,238,RAM
18,20,224,RAM
18,20,41,RAM
18,20,151,RAM
18,20,80,RAM
18,20,115,RAM
18,20,56,RAM
18,20,220,SSD
18,21,73,RAM
18,21,42,RAM
18,21,243,RAM
18,21,166,RAM
18,21,61,RAM
18,21,212,SSD
18,21,8,SSD
18,21,63,SSD
18,22,187,RAM
18,22,242,SSD
18,22,88,SSD
18,22,154,RAM
18,22,246,RAM
18,22,225,RAM
18,22,210,SSD
18,22,164,SSD
18,23,56,RAM
18,23,115,RAM
18,23,228,RAM
18,23,242,RAM
18,23,220,SSD
18,23,28,SSD
18,23,106,SSD
18,23,173,SSD
18,24,192,RAM
18,24,251,RAM
18,24,9,RAM
18,24,3,RAM
18,24,18,RAM
18,24,124,SSD
18,24,125,RAM
18,24,81,RAM
18,25,174,RAM
18,25,230,RAM
18,25,124,RAM
18,25,126,RAM
18,25,112,SSD
18,25,157,SSD
18,25,95,RAM
18,25,110,RAM
18,26,45,RAM
18,26,159,RAM
18,26,189,RAM
18,26,27,RAM
18,26,175,RAM
18,26,8,RAM
18,26,66,RAM
18,26,106,SSD
18,27,206,RAM
18,27,62,RAM
18,27,245,RAM
18,27,217,RAM
18,27,100,RAM
18,27,220,SSD
18,27,168,SSD
18,27,188,SSD
18,28,190,SSD
18,28,87,RAM
18,28,73,RAM
18,28,215,RAM
18,28,114,RAM
18,28,150,SSD
18,28,108,RAM
18,28,224,RAM
18,29,220,RAM
18,29,201,RAM
18,29,242,RAM
18,29,62,SSD
18,29,124,RAM
18,29,211,RAM
18,29,69,RAM
18,29,156,SSD
18,30,191,RAM
18,30,122,RAM
18,30,38,RAM
18,30,52,RAM
18,30,117,RAM
18,30,63,SSD
18,30,115,SSD
18,30,30,SSD
18,31,77,RAM
18,31,253,RAM
18,31,14,RAM
18,31,241,RAM
18,31,197,RAM
18,31,42,RAM
18,31,177,SSD
18,31,11,SSD
18,32,101,RAM
18,32,13,RAM
18,32,123,SSD
18,32,50,RAM
18,32,76,SSD
18,32,237,SSD
18,32,2,SSD
18,32,30,RAM
18,33,39,RAM
18,33,220,RAM
18,33,95,SSD
18,33,189,SSD
18,33,139,SSD
18,33,166,SSD
18,33,67,SSD
18,33,81,RAM
18,34,40,RAM
18,34,48,SSD
18,34,94,RAM
18,34,240,SSD
18,34,72,SSD
18,34,98,RAM
18,34,45,SSD
18,34,46,RAM
18,35,97,RAM
18,35,104,RAM
18,35,194,RAM
18,35,167,RAM
18,35,59,RAM
18,35,233,RAM
18,35,14,RAM
18,35,182,SSD
18,36,158,RAM
18,36,110,RAM
18,36,120,SSD
18,36,196,RAM
18,36,203,RAM
18,36,142,SSD
18,36,235,RAM
18,36,18,SSD
18,37,229,RAM
18,37,64,RAM
18,37,97,SSD
18,37,89,RAM
18,37,77,SSD
18,37,55,SSD
18,37,111,RAM
18,37,105,RAM
18,38,151,SSD
18,38,128,RAM
18,38,239,RAM
18,38,93,SSD
18,38,223,RAM
18,38,104,SSD
18,38,173,SSD
18,38,95,SSD
18,39,45,RAM
18,39,129,SSD
18,39,63,RAM
18,39,146,SSD
18,39,73,RAM
18,39,206,RAM
18,39,188,RAM
18,39,190,SSD
19,0,108,SSD
19,0,57,SSD
19,0,135,RAM
19,0,114,SSD
19,0,241,RAM
19,0,88,SSD
19,0,182,SSD
19,0,79,SSD
19,1,107,SSD
19,1,11,SSD
19,1,192,RAM
19,1,140,SSD
19,1,182,SSD
19,1,97,SSD
19,1,146,SSD
19,1,249,RAM
19,2,8,SSD
19,2,36,SSD
19,2,39,SSD
19,2,20,SSD
19,2,90,SSD
19,2,188,SSD
19,2,253,SSD
19,2,46,RAM
19,3,106,SSD
19,3,236,SSD
19,3,248,SSD
19,3,199,SSD
19,3,226,SSD
19,3,25,RAM
19,3,110,SSD
19,3,225,SSD
19,4,129,SSD
19,4,25,RAM
19,4,233,SSD
19,4,240,SSD
19,4,90,SSD
19,4,165,RAM
19,4,192,RAM
19,4,121,RAM
19,5,46,RAM
19,5,65,SSD
19,5,69,SSD
19,5,62,RAM
19,5,198,SSD
19,5,158,SSD
19,5,165,RAM
19,5,73,SSD
19,6,255,SSD
19,6,177,RAM
19,6,100,RAM
19,6,182,SSD
19,6,162,RAM
19,6,56,RAM
19,6,155,RAM
19,6,75,SSD
19,7,192,RAM
19,7,42,SSD
19,7,58,SSD
19,7,43,SSD
19,7,199,RAM
19,7,30,RAM
19,7,182,RAM
19,7,74,RAM
19,8,238,RAM
19,8,56,RAM
19,8,224,RAM
19,8,80,RAM
19,8,151,RAM
19,8,115,SSD
19,8,180,SSD
19,8,52,SSD
19,9,69,SSD
19,9,180,SSD
19,9,73,RAM
19,9,42,RAM
19,9,169,SSD
19,9,9,SSD
19,9,255,SSD
19,9,212,RAM
19,10,88,SSD
19,10,194,SSD
19,10,125,SSD
19,10,187,RAM
19,10,87,SSD
19,10,39,SSD
19,10,150,SSD
19,10,65,SSD
19,11,19,SSD
19,11,39,SSD
19,11,115,RAM
19,11,56,RAM
19,11,106,RAM
19,11,99,SSD
19,11,108,SSD
19,11,228,RAM
19,12,209,RAM
19,12,140,RAM
19,12,192,RAM
19,12,97,RAM
19,12,3,RAM
19,12,18,SSD
19,12,81,RAM
19,12,151,SSD
19,13,112,SSD
19,13,103,SSD
19,13,157,SSD
19,13,124,RAM
19,13,203,SSD
19,13,254,SSD
19,13,95,RAM
19,13,174,RAM
19,14,45,RAM
19,14,189,RAM
19,14,60,RAM
19,14,66,SSD
19,14,159,SSD
19,14,175,RAM
19,14,226,SSD
19,14,41,SSD
19,15,46,SSD
19,15,206,RAM
19,15,217,RAM
19,15,245,RAM
19,15,62,RAM
19,15,36,SSD
19,15,87,RAM
19,15,238,RAM
19,16,215,RAM
19,16,150,RAM
19,16,61,SSD
19,16,134,SSD
19,16,248,RAM
19,16,108,SSD
19,16,106,RAM
19,16,67,RAM
19,17,201,RAM
19,17,220,RAM
19,17,156,RAM
19,17,124,RAM
19,17,69,RAM
19,17,94,RAM
19,17,30,SSD
19,17,33,SSD
19,18,122,RAM
19,18,191,RAM
19,18,170,SSD
19,18,52,SSD
19,18,60,SSD
19,18,115,RAM
19,18,117,RAM
19,18,213,SSD
19,19,77,RAM
19,19,118,SSD
19,19,241,RAM
19,19,11,RAM
19,19,56,SSD
19,19,248,RAM
19,19,177,SSD
19,19,14,RAM
19,20,41,RAM
19,20,224,RAM
19,20,151,RAM
19,20,238,RAM
19,20,50,SSD
19,20,80,RAM
19,20,209,SSD
19,20,205,SSD
19,21,166,RAM
19,21,69,SSD
19,21,243,RAM
19,21,180,SSD
19,21,61,RAM
19,21,42,RAM
19,21,103,RAM
19,21,252,SSD
19,22,88,RAM
19,22,194,RAM
19,22,187,RAM
19,22,176,RAM
19,22,150,SSD
19,22,87,SSD
19,22,238,RAM
19,22,20,RAM
19,23,56,RAM
19,23,39,SSD
19,23,19,SSD
19,23,115,RAM
19,23,228,RAM
19,23,242,RAM
19,23,9,SSD
19,23,141,RAM
19,24,13,SSD
19,24,9,RAM
19,24,209,SSD
19,24,140,SSD
19,24,97,RAM
19,24,60,SSD
19,24,2,RAM
19,24,42,RAM
19,25,174,RAM
19,25,126,RAM
19,25,203,SSD
19,25,112,RAM
19,25,95,RAM
19,25,157,RAM
19,25,158,RAM
19,25,110,RAM
19,26,45,RAM
19,26,189,RAM
19,26,66,RAM
19,26,8,RAM
19,26,159,RAM
19,26,175,RAM
19,26,155,SSD
19,26,119,SSD
19,27,62,RAM
19,27,206,RAM
19,27,217,RAM
19,27,245,RAM
19,27,46,SSD
19,27,100,RAM
19,27,108,SSD
19,27,168,RAM
19,28,215,RAM
19,28,87,RAM
19,28,114,RAM
19,28,248,SSD
19,28,61,SSD
19,28,134,SSD
19,28,60,SSD
19,28,144,SSD
19,29,25,SSD
19,29,242,RAM
19,29,220,RAM
19,29,124,RAM
19,29,69,RAM
19,29,201,RAM
19,29,156,RAM
19,29,144,SSD
19,30,52,RAM
19,30,170,SSD
19,30,191,RAM
19,30,122,RAM
19,30,38,RAM
19,30,117,RAM
19,30,30,RAM
19,30,60,SSD
19,31,77,RAM
19,31,14,RAM
19,31,241,RAM
19,31,56,RAM
19,31,248,RAM
19,31,177,RAM
19,31,11,RAM
19,31,166,SSD
19,32,60,SSD
19,32,101,RAM
19,32,13,RAM
19,32,30,RAM
19,32,2,RAM
19,32,143,SSD
19,32,151,RAM
19,32,54,SSD
19,33,39,RAM
19,33,229,SSD
19,33,220,RAM
19,33,67,RAM
19,33,33,SSD
19,33,81,RAM
19,33,15,RAM
19,33,166,RAM
19,34,40,RAM
19,34,93,SSD
19,34,46,RAM
19,34,82,SSD
19,34,98,RAM
19,34,247,RAM
19,34,114,SSD
19,34,141,RAM
19,35,97,RAM
19,35,194,RAM
19,35,34,RAM
19,35,14,RAM
19,35,104,RAM
19,35,146,RAM
19,35,167,RAM
19,35,253,RAM
19,36,158,RAM
19,36,110,RAM
19,36,50,SSD
19,36,120,RAM
19,36,2,SSD
19,36,235,RAM
19,36,18,RAM
19,36,196,RAM
19,37,55,RAM
19,37,64,RAM
19,37,97,RAM
19,37,89,RAM
19,37,104,SSD
19,37,77,RAM
19,37,4,RAM
19,37,109,SSD
19,38,151,RAM
19,38,173,RAM
19,38,128,RAM
19,38,223,RAM
19,38,27,SSD
19,38,239,RAM
19,38,210,SSD
19,38,104,RAM
19,39,45,RAM
19,39,110,SSD
19,39,63,RAM
19,39,162,SSD
19,39,12,SSD
19,39,146,RAM
19,39,243,SSD
19,39,206,RAM
20,0,124,SSD
20,0,236,SSD
20,0,211,RAM
20,0,191,SSD
20,0,222,SSD
20,0,192,RAM
20,0,28,SSD
20,0,223,SSD
20,1,167,SSD
20,1,186,SSD
20,1,240,SSD
20,1,179,SSD
20,1,153,SSD
20,1,191,SSD
20,1,245,SSD
20,1,252,SSD
20,2,216,SSD
20,2,187,SSD
20,2,79,SSD
20,2,188,RAM
20,2,182,SSD
20,2,42,SSD
20,2,193,SSD
20,2,60,SSD
20,3,163,SSD
20,3,56,SSD
20,3,87,SSD
20,3,154,SSD
20,3,243,SSD
20,3,108,SSD
20,3,197,SSD
20,3,23,SSD
20,4,121,RAM
20,4,175,SSD
20,4,88,SSD
20,4,206,SSD
20,4,233,RAM
20,4,30,SSD
20,4,207,SSD
20,4,158,SSD
20,5,198,RAM
20,5,77,SSD
20,5,164,SSD
20,5,210,SSD
20,5,46,RAM
20,5,64,SSD
20,5,235,SSD
20,5,0,SSD
20,6,168,SSD
20,6,185,SSD
20,6,156,SSD
20,6,102,RAM
20,6,209,RAM
20,6,195,SSD
20,6,82,SSD
20,6,151,RAM
20,7,24,RAM
20,7,96,RAM
20,7,132,RAM
20,7,182,RAM
20,7,246,SSD
20,7,166,SSD
20,7,6,SSD
20,7,30,RAM
20,8,41,RAM
20,8,224,RAM
20,8,151,RAM
20,8,63,RAM
20,8,121,SSD
20,8,184,SSD
20,8,172,SSD
20,8,165,RAM
20,9,166,RAM
20,9,3,RAM
20,9,134,RAM
20,9,243,RAM
20,9,61,RAM
20,9,103,SSD
20,9,32,SSD
20,9,44,RAM
20,10,146,RAM
20,10,116,RAM
20,10,194,RAM
20,10,205,RAM
20,10,233,SSD
20,10,122,SSD
20,10,162,SSD
20,10,232,SSD
20,11,141,RAM
20,11,14,SSD
20,11,97,SSD
20,11,37,RAM
20,11,134,RAM
20,11,56,RAM
20,11,237,RAM
20,11,7,SSD
20,12,50,RAM
20,12,9,RAM
20,12,13,SSD
20,12,2,RAM
20,12,42,RAM
20,12,116,SSD
20,12,208,RAM
20,12,244,SSD
20,13,174,RAM
20,13,185,SSD
20,13,0,RAM
20,13,228,RAM
20,13,203,RAM
20,13,126,RAM
20,13,20,SSD
20,13,40,SSD
20,14,189,RAM
20,14,44,RAM
20,14,58,SSD
20,14,138,RAM
20,14,252,SSD
20,14,201,SSD
20,14,67,RAM
20,14,17,SSD
20,15,206,RAM
20,15,122,SSD
20,15,151,SSD
20,15,145,SSD
20,15,238,RAM
20,15,12,RAM
20,15,129,SSD
20,15,100,SSD
20,16,169,RAM
20,16,234,RAM
20,16,82,SSD
20,16,59,RAM
20,16,24,SSD
20,16,67,RAM
20,16,56,SSD
20,16,195,SSD
20,17,4,SSD
20,17,60,RAM
20,17,69,RAM
20,17,8,RAM
20,17,19,SSD
20,17,25,SSD
20,17,204,SSD
20,17,28,SSD
20,18,108,SSD
20,18,117,RAM
20,18,143,SSD
20,18,116,SSD
20,18,209,SSD
20,18,110,SSD
20,18,52,RAM
20,18,250,SSD
20,19,248,RAM
20,19,48,RAM
20,19,67,RAM
20,19,137,RAM
20,19,247,SSD
20,19,89,SSD
20,19,157,SSD
20,19,59,RAM
20,20,41,RAM
20,20,151,RAM
20,20,224,RAM
20,20,172,SSD
20,20,165,RAM
20,20,1,RAM
20,20,102,RAM
20,20,199,SSD
20,21,32,RAM
20,21,166,RAM
20,21,243,RAM
20,21,103,RAM
20,21,214,SSD
20,21,134,SSD
20,21,207,RAM
20,21,95,RAM
20,22,116,RAM
20,22,146,SSD
20,22,194,RAM
20,22,109,SSD
20,22,205,RAM
20,22,233,SSD
20,22,168,SSD
20,22,122,SSD
20,23,134,RAM
20,23,141,RAM
20,23,237,SSD
20,23,56,RAM
20,23,37,SSD
20,23,204,SSD
20,23,14,SSD
20,23,200,SSD
20,24,9,RAM
20,24,50,SSD
20,24,2,RAM
20,24,158,SSD
20,24,13,RAM
20,24,42,RAM
20,24,111,SSD
20,24,166,RAM
20,25,174,RAM
20,25,203,RAM
20,25,0,SSD
20,25,95,RAM
20,25,194,SSD
20,25,228,RAM
20,25,20,SSD
20,25,7,SSD
20,26,78,RAM
20,26,189,RAM
20,26,138,RAM
20,26,252,RAM
20,26,58,RAM
20,26,119,RAM
20,26,17,SSD
20,26,45,RAM
20,27,206,RAM
20,27,70,RAM
20,27,55,RAM
20,27,62,RAM
20,27,100,RAM
20,27,184,SSD
20,27,255,SSD
20,27,157,SSD
20,28,248,RAM
20,28,215,RAM
20,28,234,SSD
20,28,165,SSD
20,28,60,RAM
20,28,233,SSD
20,28,134,RAM
20,28,59,SSD
20,29,25,RAM
20,29,4,SSD
20,29,69,RAM
20,29,96,SSD
20,29,30,SSD
20,29,170,SSD
20,29,144,RAM
20,29,165,SSD
20,30,108,SSD
20,30,52,RAM
20,30,38,RAM
20,30,117,RAM
20,30,143,SSD
20,30,141,SSD
20,30,209,SSD
20,30,191,RAM
20,31,14,RAM
20,31,67,RAM
20,31,157,SSD
20,31,137,RAM
20,31,248,RAM
20,31,83,SSD
20,31,77,RAM
20,31,105,SSD
20,32,101,RAM
20,32,19,SSD
20,32,30,RAM
20,32,12,SSD
20,32,38,SSD
20,32,151,RAM
20,32,59,RAM
20,32,143,RAM
20,33,39,RAM
20,33,81,RAM
20,33,229,RAM
20,33,67,RAM
20,33,56,SSD
20,33,27,SSD
20,33,54,SSD
20,33,140,SSD
20,34,40,RAM
20,34,195,SSD
20,34,247,RAM
20,34,143,SSD
20,34,73,SSD
20,34,46,RAM
20,34,120,SSD
20,34,223,SSD
20,35,97,RAM
20,35,185,SSD
20,35,136,SSD
20,35,167,RAM
20,35,43,SSD
20,35,104,RAM
20,35,202,SSD
20,35,34,RAM
20,36,158,RAM
20,36,26,SSD
20,36,110,RAM
20,36,44,SSD
20,36,125,SSD
20,36,79,SSD
20,36,67,SSD
20,36,14,SSD
20,37,55,RAM
20,37,126,SSD
20,37,64,RAM
20,37,69,SSD
20,37,109,RAM
20,37,196,SSD
20,37,226,SSD
20,37,75,RAM
20,38,173,RAM
20,38,120,SSD
20,38,92,SSD
20,38,242,SSD
20,38,87,SSD
20,38,128,RAM
20,38,221,SSD
20,38,17,SSD
20,39,45,RAM
20,39,189,SSD
20,39,129,RAM
20,39,138,SSD
20,39,99,SSD
20,39,228,SSD
20,39,120,SSD
20,39,219,RAM
21,0,127,SSD
21,0,233,SSD
21,0,11,SSD
21,0,131,RAM
21,0,128,SSD
21,0,202,SSD
21,0,191,RAM
21,0,18,SSD
21,1,232,SSD
21,1,162,SSD
21,1,29,SSD
21,1,123,RAM
21,1,72,SSD
21,1,174,SSD
21,1,10,SSD
21,1,246,RAM
21,2,173,SSD
21,2,38,SSD
21,2,209,SSD
21,2,242,SSD
21,2,36,RAM
21,2,132,SSD
21,2,39,RAM
21,2,31,SSD
21,3,132,RAM
21,3,116,SSD
21,3,236,RAM
21,3,171,SSD
21,3,20,SSD
21,3,51,SSD
21,3,163,RAM
21,3,179,SSD
21,4,121,RAM
21,4,12,SSD
21,4,206,RAM
21,4,30,RAM
21,4,215,SSD
21,4,9,SSD
21,4,82,SSD
21,4,164,SSD
21,5,198,RAM
21,5,235,RAM
21,5,210,RAM
21,5,46,RAM
21,5,249,SSD
21,5,64,RAM
21,5,33,SSD
21,5,120,SSD
21,6,185,RAM
21,6,156,RAM
21,6,151,RAM
21,6,91,SSD
21,6,102,RAM
21,6,42,SSD
21,6,136,SSD
21,6,82,RAM
21,7,132,RAM
21,7,24,RAM
21,7,166,RAM
21,7,96,RAM
21,7,192,RAM
21,7,56,SSD
21,7,182,RAM
21,7,42,RAM
21,8,120,SSD
21,8,41,RAM
21,8,224,RAM
21,8,151,RAM
21,8,88,SSD
21,8,238,RAM
21,8,186,SSD
21,8,172,RAM
21,9,166,RAM
21,9,61,RAM
21,9,243,RAM
21,9,156,SSD
21,9,103,RAM
21,9,3,RAM
21,9,6,SSD
21,9,44,RAM
21,10,194,RAM
21,10,122,RAM
21,10,24,SSD
21,10,87,RAM
21,10,20,SSD
21,10,137,SSD
21,10,42,SSD
21,10,205,RAM
21,11,19,RAM
21,11,56,RAM
21,11,237,RAM
21,11,114,SSD
21,11,14,RAM
21,11,242,SSD
21,11,141,RAM
21,11,71,SSD
21,12,50,RAM
21,12,42,RAM
21,12,2,RAM
21,12,13,RAM
21,12,192,RAM
21,12,209,RAM
21,12,23,SSD
21,12,89,SSD
21,13,203,RAM
21,13,174,RAM
21,13,228,RAM
21,13,20,RAM
21,13,126,RAM
21,13,254,RAM
21,13,70,SSD
21,13,123,SSD
21,14,138,RAM
21,14,45,RAM
21,14,189,RAM
21,14,66,RAM
21,14,119,SSD
21,14,87,SSD
21,14,114,SSD
21,14,136,SSD
21,15,206,RAM
21,15,100,RAM
21,15,157,SSD
21,15,62,RAM
21,15,217,RAM
21,15,168,SSD
21,15,230,SSD
21,15,129,RAM
21,16,215,RAM
21,16,114,SSD
21,16,137,SSD
21,16,234,RAM
21,16,248,RAM
21,16,60,SSD
21,16,165,SSD
21,16,108,RAM
21,17,30,RAM
21,17,25,RAM
21,17,124,RAM
21,17,170,SSD
21,17,242,SSD
21,17,9,SSD
21,17,187,SSD
21,17,243,SSD
21,18,52,RAM
21,18,108,RAM
21,18,191,RAM
21,18,38,SSD
21,18,30,SSD
21,18,115,RAM
21,18,127,RAM
21,18,229,RAM
21,19,14,RAM
21,19,124,RAM
21,19,248,RAM
21,19,137,RAM
21,19,67,RAM
21,19,91,SSD
21,19,21,SSD
21,19,176,SSD
21,20,41,RAM
21,20,120,SSD
21,20,151,RAM
21,20,224,RAM
21,20,238,RAM
21,20,172,RAM
21,20,186,SSD
21,20,50,RAM
21,21,166,RAM
21,21,243,RAM
21,21,61,RAM
21,21,32,RAM
21,21,103,RAM
21,21,184,SSD
21,21,128,SSD
21,21,179,SSD
21,22,194,RAM
21,22,255,SSD
21,22,102,SSD
21,22,46,SSD
21,22,20,RAM
21,22,87,RAM
21,22,210,RAM
21,22,211,RAM
21,23,237,RAM
21,23,56,RAM
21,23,76,SSD
21,23,129,SSD
21,23,200,RAM
21,23,19,RAM
21,23,40,SSD
21,23,114,SSD
21,24,9,RAM
21,24,2,RAM
21,24,42,RAM
21,24,13,RAM
21,24,100,SSD
21,24,192,RAM
21,24,91,SSD
21,24,158,RAM
21,25,174,RAM
21,25,203,RAM
21,25,228,RAM
21,25,20,RAM
21,25,64,RAM
21,25,110,RAM
21,25,70,SSD
21,25,95,RAM
21,26,119,RAM
21,26,189,RAM
21,26,138,RAM
21,26,45,RAM
21,26,136,SSD
21,26,129,SSD
21,26,78,RAM
21,26,66,RAM
21,27,206,RAM
21,27,108,RAM
21,27,62,RAM
21,27,157,RAM
21,27,100,RAM
21,27,55,RAM
21,27,48,SSD
21,27,217,RAM
21,28,215,RAM
21,28,114,RAM
21,28,234,RAM
21,28,166,SSD
21,28,233,RAM
21,28,60,RAM
21,28,18,SSD
21,28,247,SSD
21,29,25,RAM
21,29,144,RAM
21,29,170,RAM
21,29,30,RAM
21,29,124,RAM
21,29,71,SSD
21,29,121,SSD
21,29,242,RAM
21,30,108,RAM
21,30,52,RAM
21,30,209,RAM
21,30,38,RAM
21,30,30,RAM
21,30,94,SSD
21,30,141,RAM
21,30,117,RAM
21,31,194,SSD
21,31,14,RAM
21,31,56,RAM
21,31,67,RAM
21,31,186,SSD
21,31,71,SSD
21,31,252,SSD
21,31,176,SSD
21,32,101,RAM
21,32,19,RAM
21,32,30,RAM
21,32,221,SSD
21,32,143,RAM
21,32,154,SSD
21,32,172,SSD
21,32,100,SSD
21,33,168,SSD
21,33,81,RAM
21,33,39,RAM
21,33,121,SSD
21,33,229,RAM
21,33,12,SSD
21,33,67,RAM
21,33,49,SSD
21,34,40,RAM
21,34,55,SSD
21,34,95,SSD
21,34,208,SSD
21,34,81,SSD
21,34,34,SSD
21,34,46,RAM
21,34,247,RAM
21,35,39,SSD
21,35,99,SSD
21,35,22,SSD
21,35,34,RAM
21,35,167,RAM
21,35,20,SSD
21,35,97,RAM
21,35,64,SSD
21,36,117,SSD
21,36,158,RAM
21,36,49,SSD
21,36,110,RAM
21,36,203,RAM
21,36,103,SSD
21,36,195,SSD
21,36,77,SSD
21,37,55,RAM
21,37,92,SSD
21,37,58,SSD
21,37,64,RAM
21,37,83,SSD
21,37,15,SSD
21,37,109,RAM
21,37,220,SSD
21,38,173,RAM
21,38,92,RAM
21,38,88,SSD
21,38,122,SSD
21,38,17,RAM
21,38,158,SSD
21,38,202,SSD
21,38,254,SSD
21,39,189,RAM
21,39,2,SSD
21,39,45,RAM
21,39,120,RAM
21,39,15,SSD
21,39,129,RAM
21,39,190,RAM
21,39,84,SSD
22,0,218,SSD
22,0,65,SSD
22,0,212,SSD
22,0,157,SSD
22,0,122,RAM
22,0,40,SSD
22,0,191,RAM
22,0,46,SSD
22,1,126,SSD
22,1,29,RAM
22,1,221,SSD
22,1,63,SSD
22,1,240,RAM
22,1,255,SSD
22,1,165,SSD
22,1,96,SSD
22,2,173,RAM
22,2,209,RAM
22,2,23,SSD
22,2,236,SSD
22,2,110,SSD
22,2,132,RAM
22,2,163,SSD
22,2,120,SSD
22,3,163,RAM
22,3,236,RAM
22,3,132,RAM
22,3,188,SSD
22,3,54,SSD
22,3,20,RAM
22,3,228,SSD
22,3,10,SSD
22,4,121,RAM
22,4,206,RAM
22,4,9,RAM
22,4,140,SSD
22,4,12,RAM
22,4,158,RAM
22,4,193,SSD
22,4,228,SSD
22,5,198,RAM
22,5,64,RAM
22,5,31,SSD
22,5,83,SSD
22,5,210,RAM
22,5,23,SSD
22,5,194,SSD
22,5,143,SSD
22,6,136,RAM
22,6,195,RAM
22,6,185,RAM
22,6,91,RAM
22,6,102,RAM
22,6,156,RAM
22,6,241,SSD
22,6,206,SSD
22,7,24,RAM
22,7,85,SSD
22,7,166,RAM
22,7,132,RAM
22,7,155,SSD
22,7,96,RAM
22,7,196,SSD
22,7,180,SSD
22,8,41,RAM
22,8,151,RAM
22,8,172,RAM
22,8,224,RAM
22,8,120,RAM
22,8,186,RAM
22,8,88,RAM
22,8,50,SSD
22,9,166,RAM
22,9,151,SSD
22,9,32,RAM
22,9,243,RAM
22,9,61,RAM
22,9,3,RAM
22,9,184,SSD
22,9,5,SSD
22,10,194,RAM
22,10,220,SSD
22,10,102,SSD
22,10,255,SSD
22,10,166,SSD
22,10,176,SSD
22,10,90,SSD
22,10,20,RAM
22,11,237,RAM
22,11,163,SSD
22,11,156,SSD
22,11,71,RAM
22,11,56,RAM
22,11,54,SSD
22,11,141,RAM
22,11,14,RAM
22,12,50,RAM
22,12,2,RAM
22,12,9,RAM
22,12,42,RAM
22,12,206,SSD
22,12,91,SSD
22,12,23,RAM
22,12,116,RAM
22,13,174,RAM
22,13,203,RAM
22,13,228,RAM
22,13,126,RAM
22,13,0,RAM
22,13,118,SSD
22,13,98,RAM
22,13,219,RAM
22,14,138,RAM
22,14,44,RAM
22,14,189,RAM
22,14,96,SSD
22,14,17,RAM
22,14,252,RAM
22,14,87,RAM
22,14,58,RAM
22,15,206,RAM
22,15,3,SSD
22,15,76,SSD
22,15,238,RAM
22,15,6,SSD
22,15,100,RAM
22,15,157,RAM
22,15,230,RAM
22,16,234,RAM
22,16,169,RAM
22,16,215,RAM
22,16,114,RAM
22,16,60,RAM
22,16,224,RAM
22,16,165,RAM
22,16,138,SSD
22,17,8,RAM
22,17,216,SSD
22,17,69,RAM
22,17,30,RAM
22,17,124,RAM
22,17,238,SSD
22,17,4,RAM
22,17,101,SSD
22,18,108,RAM
22,18,117,RAM
22,18,52,RAM
22,18,30,RAM
22,18,48,SSD
22,18,38,RAM
22,18,212,SSD
22,18,191,RAM
22,19,248,RAM
22,19,124,RAM
22,19,14,RAM
22,19,137,RAM
22,19,67,RAM
22,19,48,RAM
22,19,91,RAM
22,19,59,RAM
22,20,41,RAM
22,20,151,RAM
22,20,224,RAM
22,20,172,RAM
22,20,50,RAM
22,20,117,SSD
22,20,1,RAM
22,20,49,SSD
22,21,166,RAM
22,21,32,RAM
22,21,243,RAM
22,21,103,RAM
22,21,61,RAM
22,21,207,RAM
22,21,22,SSD
22,21,240,SSD
22,22,205,RAM
22,22,220,SSD
22,22,194,RAM
22,22,255,RAM
22,22,116,RAM
22,22,141,SSD
22,22,232,SSD
22,22,17,SSD
22,23,72,SSD
22,23,141,RAM
22,23,40,RAM
22,23,56,RAM
22,23,134,RAM
22,23,228,RAM
22,23,237,RAM
22,23,4,SSD
22,24,91,RAM
22,24,2,RAM
22,24,9,RAM
22,24,42,RAM
22,24,100,RAM
22,24,50,RAM
22,24,4,SSD
22,24,111,RAM
22,25,174,RAM
22,25,203,RAM
22,25,119,SSD
22,25,40,SSD
22,25,228,RAM
22,25,194,RAM
22,25,236,SSD
22,25,222,SSD
22,26,138,RAM
22,26,189,RAM
22,26,58,RAM
22,26,17,RAM
22,26,155,RAM
22,26,45,RAM
22,26,8,RAM
22,26,78,RAM
22,27,70,RAM
22,27,206,RAM
22,27,157,RAM
22,27,55,RAM
22,27,62,RAM
22,27,6,SSD
22,27,158,SSD
22,27,83,SSD
22,28,114,RAM
22,28,166,RAM
22,28,215,RAM
22,28,18,RAM
22,28,234,RAM
22,28,165,RAM
22,28,169,SSD
22,28,245,SSD
22,29,216,SSD
22,29,30,RAM
22,29,170,RAM
22,29,60,SSD
22,29,25,RAM
22,29,69,RAM
22,29,144,RAM
22,29,124,RAM
22,30,52,RAM
22,30,94,RAM
22,30,38,RAM
22,30,108,RAM
22,30,191,RAM
22,30,30,RAM
22,30,117,RAM
22,30,99,SSD
22,31,194,RAM
22,31,207,SSD
22,31,49,SSD
22,31,14,RAM
22,31,77,RAM
22,31,56,RAM
22,31,241,RAM
22,31,47,SSD
22,32,101,RAM
22,32,116,SSD
22,32,13,RAM
22,32,30,RAM
22,32,19,RAM
22,32,143,RAM
22,32,151,RAM
22,32,191,SSD
22,33,39,RAM
22,33,59,SSD
22,33,229,RAM
22,33,182,SSD
22,33,206,SSD
22,33,4,SSD
22,33,81,RAM
22,33,49,RAM
22,34,40,RAM
22,34,205,SSD
22,34,95,RAM
22,34,34,RAM
22,34,164,SSD
22,34,120,RAM
22,34,46,RAM
22,34,211,SSD
22,35,22,RAM
22,35,34,RAM
22,35,95,SSD
22,35,97,RAM
22,35,20,RAM
22,35,99,RAM
22,35,153,SSD
22,35,195,SSD
22,36,117,RAM
22,36,251,SSD
22,36,158,RAM
22,36,14,RAM
22,36,110,RAM
22,36,172,SSD
22,36,55,SSD
22,36,151,SSD
22,37,55,RAM
22,37,226,RAM
22,37,83,RAM
22,37,58,RAM
22,37,109,RAM
22,37,180,SSD
22,37,64,RAM
22,37,145,SSD
22,38,173,RAM
22,38,92,RAM
22,38,122,RAM
22,38,242,RAM
22,38,124,RAM
22,38,195,SSD
22,38,128,RAM
22,38,61,SSD
22,39,42,SSD
22,39,189,RAM
22,39,10,SSD
22,39,2,RAM
22,39,9,SSD
22,39,15,RAM
22,39,84,RAM
22,39,190,RAM
23,0,50,SSD
23,0,110,SSD
23,0,57,RAM
23,0,191,RAM
23,0,127,RAM
23,0,128,RAM
23,0,165,SSD
23,0,180,SSD
23,1,255,RAM
23,1,215,SSD
23,1,22,SSD
23,1,37,SSD
23,1,85,SSD
23,1,101,SSD
23,1,29,RAM
23,1,126,RAM
23,2,236,RAM
23,2,194,SSD
23,2,212,SSD
23,2,189,SSD
23,2,83,SSD
23,2,173,RAM
23,2,234,SSD
23,2,201,SSD
23,3,20,RAM
23,3,228,RAM
23,3,132,RAM
23,3,163,RAM
23,3,70,SSD
23,3,214,SSD
23,3,213,SSD
23,3,147,SSD
23,4,79,SSD
23,4,121,RAM
23,4,122,SSD
23,4,30,RAM
23,4,180,SSD
23,4,9,RAM
23,4,164,RAM
23,4,206,RAM
23,5,144,SSD
23,5,24,SSD
23,5,143,RAM
23,5,210,RAM
23,5,198,RAM
23,5,31,RAM
23,5,33,RAM
23,5,18,SSD
23,6,62,SSD
23,6,156,RAM
23,6,18,SSD
23,6,185,RAM
23,6,61,SSD
23,6,102,RAM
23,6,42,RAM
23,6,136,RAM
23,7,24,RAM
23,7,85,RAM
23,7,132,RAM
23,7,155,RAM
23,7,66,SSD
23,7,239,SSD
23,7,196,RAM
23,7,188,SSD
23,8,224,RAM
23,8,41,RAM
23,8,151,RAM
23,8,186,RAM
23,8,66,SSD
23,8,88,RAM
23,8,1,SSD
23,8,172,RAM
23,9,166,RAM
23,9,148,SSD
23,9,61,RAM
23,9,243,RAM
23,9,32,RAM
23,9,201,SSD
23,9,3,RAM
23,9,207,SSD
23,10,176,RAM
23,10,194,RAM
23,10,205,RAM
23,10,116,RAM
23,10,146,RAM
23,10,109,SSD
23,10,255,RAM
23,10,42,RAM
23,11,210,SSD
23,11,56,RAM
23,11,134,RAM
23,11,14,RAM
23,11,141,RAM
23,11,42,SSD
23,11,71,RAM
23,11,248,SSD
23,12,9,RAM
23,12,2,RAM
23,12,50,RAM
23,12,116,RAM
23,12,42,RAM
23,12,208,RAM
23,12,201,SSD
23,12,32,SSD
23,13,174,RAM
23,13,228,RAM
23,13,219,RAM
23,13,208,SSD
23,13,40,RAM
23,13,126,RAM
23,13,151,SSD
23,13,95,RAM
23,14,138,RAM
23,14,44,RAM
23,14,189,RAM
23,14,96,RAM
23,14,58,RAM
23,14,67,RAM
23,14,18,SSD
23,14,222,SSD
23,15,206,RAM
23,15,3,RAM
23,15,238,RAM
23,15,249,SSD
23,15,76,RAM
23,15,169,SSD
23,15,134,SSD
23,15,13,SSD
23,16,195,RAM
23,16,33,SSD
23,16,169,RAM
23,16,122,SSD
23,16,224,RAM
23,16,234,RAM
23,16,74,SSD
23,16,3,SSD
23,17,8,RAM
23,17,238,RAM
23,17,60,RAM
23,17,69,RAM
23,17,187,RAM
23,17,28,RAM
23,17,220,RAM
23,17,66,SSD
23,18,117,RAM
23,18,232,SSD
23,18,17,SSD
23,18,77,SSD
23,18,212,RAM
23,18,48,RAM
23,18,205,SSD
23,18,98,SSD
23,19,137,RAM
23,19,59,RAM
23,19,124,RAM
23,19,248,RAM
23,19,211,SSD
23,19,14,RAM
23,19,28,SSD
23,19,4,SSD
23,20,41,RAM
23,20,151,RAM
23,20,224,RAM
23,20,165,RAM
23,20,1,RAM
23,20,53,SSD
23,20,49,RAM
23,20,171,SSD
23,21,166,RAM
23,21,243,RAM
23,21,207,RAM
23,21,61,RAM
23,21,103,RAM
23,21,148,SSD
23,21,131,SSD
23,21,22,RAM
23,22,205,RAM
23,22,116,RAM
23,22,160,SSD
23,22,26,SSD
23,22,250,SSD
23,22,176,RAM
23,22,232,RAM
23,22,63,SSD
23,23,80,SSD
23,23,134,RAM
23,23,170,SSD
23,23,141,RAM
23,23,250,SSD
23,23,79,SSD
23,23,56,RAM
23,23,40,RAM
23,24,9,RAM
23,24,2,RAM
23,24,222,SSD
23,24,244,SSD
23,24,42,RAM
23,24,139,SSD
23,24,241,SSD
23,24,111,RAM
23,25,174,RAM
23,25,98,SSD
23,25,192,SSD
23,25,228,RAM
23,25,208,SSD
23,25,28,SSD
23,25,219,SSD
23,25,195,SSD
23,26,138,RAM
23,26,96,SSD
23,26,67,SSD
23,26,136,RAM
23,26,58,RAM
23,26,189,RAM
23,26,252,RAM
23,26,235,SSD
23,27,206,RAM
23,27,3,SSD
23,27,203,SSD
23,27,249,SSD
23,27,26,SSD
23,27,158,RAM
23,27,245,RAM
23,27,157,RAM
23,28,74,SSD
23,28,224,RAM
23,28,169,RAM
23,28,45,SSD
23,28,165,RAM
23,28,72,SSD
23,28,121,SSD
23,28,248,RAM
23,29,150,SSD
23,29,30,RAM
23,29,60,RAM
23,29,69,RAM
23,29,124,RAM
23,29,10,SSD
23,29,216,RAM
23,29,214,SSD
23,30,52,RAM
23,30,117,RAM
23,30,191,RAM
23,30,127,SSD
23,30,17,SSD
23,30,32,SSD
23,30,30,RAM
23,30,38,RAM
23,31,241,RAM
23,31,248,RAM
23,31,49,RAM
23,31,47,RAM
23,31,77,RAM
23,31,56,RAM
23,31,160,SSD
23,31,87,SSD
23,32,13,RAM
23,32,101,RAM
23,32,30,RAM
23,32,1,SSD
23,32,50,RAM
23,32,142,SSD
23,32,154,RAM
23,32,151,RAM
23,33,39,RAM
23,33,229,RAM
23,33,96,SSD
23,33,67,RAM
23,33,27,RAM
23,33,177,SSD
23,33,4,RAM
23,33,152,SSD
23,34,40,RAM
23,34,6,SSD
23,34,98,RAM
23,34,223,RAM
23,34,120,RAM
23,34,216,SSD
23,34,228,SSD
23,34,110,SSD
23,35,95,RAM
23,35,222,SSD
23,35,203,SSD
23,35,66,SSD
23,35,9,SSD
23,35,132,SSD
23,35,97,RAM
23,35,64,RAM
23,36,76,SSD
23,36,145,SSD
23,36,80,SSD
23,36,110,RAM
23,36,158,RAM
23,36,1,SSD
23,36,59,SSD
23,36,151,RAM
23,37,156,SSD
23,37,55,RAM
23,37,56,SSD
23,37,109,RAM
23,37,100,SSD
23,37,83,RAM
23,37,180,RAM
23,37,248,SSD
23,38,195,RAM
23,38,173,RAM
23,38,92,RAM
23,38,122,RAM
23,38,242,RAM
23,38,105,SSD
23,38,120,RAM
23,38,18,SSD
23,39,10,RAM
23,39,45,RAM
23,39,219,RAM
23,39,189,RAM
23,39,120,RAM
23,39,15,RAM
23,39,228,RAM
23,39,190,RAM
24,0,84,SSD
24,0,186,SSD
24,0,172,SSD
24,0,63,SSD
24,0,234,SSD
24,0,144,SSD
24,0,111,SSD
24,0,188,SSD
24,1,111,SSD
24,1,29,RAM
24,1,171,SSD
24,1,92,SSD
24,1,65,SSD
24,1,198,SSD
24,1,255,RAM
24,1,251,SSD
24,2,189,RAM
24,2,89,SSD
24,2,179,SSD
24,2,183,SSD
24,2,15,SSD
24,2,212,RAM
24,2,147,SSD
24,2,234,RAM
24,3,132,RAM
24,3,228,RAM
24,3,163,RAM
24,3,20,RAM
24,3,10,RAM
24,3,116,RAM
24,3,214,RAM
24,3,70,RAM
24,4,79,RAM
24,4,180,RAM
24,4,164,RAM
24,4,121,RAM
24,4,30,RAM
24,4,9,RAM
24,4,251,SSD
24,4,74,SSD
24,5,143,RAM
24,5,46,RAM
24,5,33,RAM
24,5,64,RAM
24,5,198,RAM
24,5,77,RAM
24,5,210,RAM
24,5,0,RAM
24,6,195,RAM
24,6,156,RAM
24,6,185,RAM
24,6,139,SSD
24,6,151,RAM
24,6,155,RAM
24,6,62,RAM
24,6,21,SSD
24,7,24,RAM
24,7,132,RAM
24,7,203,SSD
24,7,166,RAM
24,7,155,RAM
24,7,182,RAM
24,7,119,SSD
24,7,169,SSD
24,8,151,RAM
24,8,224,RAM
24,8,41,RAM
24,8,50,RAM
24,8,106,SSD
24,8,172,RAM
24,8,165,RAM
24,8,238,RAM
24,9,166,RAM
24,9,32,RAM
24,9,58,SSD
24,9,61,RAM
24,9,221,SSD
24,9,243,RAM
24,9,128,SSD
24,9,8,SSD
24,10,194,RAM
24,10,255,RAM
24,10,176,RAM
24,10,162,RAM
24,10,20,RAM
24,10,166,RAM
24,10,152,SSD
24,10,187,RAM
24,11,237,RAM
24,11,56,RAM
24,11,71,RAM
24,11,45,SSD
24,11,141,RAM
24,11,14,RAM
24,11,76,SSD
24,11,163,RAM
24,12,50,RAM
24,12,97,RAM
24,12,9,RAM
24,12,23,RAM
24,12,2,RAM
24,12,42,RAM
24,12,209,RAM
24,12,91,RAM
24,13,174,RAM
24,13,126,RAM
24,13,194,SSD
24,13,203,RAM
24,13,110,SSD
24,13,118,RAM
24,13,95,RAM
24,13,228,RAM
24,14,41,RAM
24,14,138,RAM
24,14,17,RAM
24,14,189,RAM
24,14,45,RAM
24,14,119,RAM
24,14,175,RAM
24,14,66,RAM
24,15,245,RAM
24,15,206,RAM
24,15,12,RAM
24,15,157,RAM
24,15,95,SSD
24,15,6,RAM
24,15,55,SSD
24,15,62,RAM
24,16,114,RAM
24,16,234,RAM
24,16,215,RAM
24,16,150,RAM
24,16,224,RAM
24,16,169,RAM
24,16,73,RAM
24,16,200,SSD
24,17,220,RAM
24,17,201,RAM
24,17,124,RAM
24,17,170,RAM
24,17,30,RAM
24,17,60,RAM
24,17,10,SSD
24,17,33,RAM
24,18,115,RAM
24,18,191,RAM
24,18,229,RAM
24,18,33,RAM
24,18,116,RAM
24,18,38,RAM
24,18,52,RAM
24,18,127,RAM
24,19,124,RAM
24,19,14,RAM
24,19,241,RAM
24,19,137,RAM
24,19,77,RAM
24,19,197,RAM
24,19,239,SSD
24,19,253,RAM
24,20,41,RAM
24,20,151,RAM
24,20,224,RAM
24,20,50,RAM
24,20,238,RAM
24,20,172,RAM
24,20,80,RAM
24,20,115,RAM
24,21,32,RAM
24,21,243,RAM
24,21,166,RAM
24,21,42,RAM
24,21,61,RAM
24,21,58,SSD
24,21,251,SSD
24,21,200,SSD
24,22,137,SSD
24,22,20,RAM
24,22,187,RAM
24,22,194,RAM
24,22,127,SSD
24,22,42,SSD
24,22,150,RAM
24,22,87,RAM
24,23,174,SSD
24,23,56,RAM
24,23,71,SSD
24,23,228,RAM
24,23,115,RAM
24,23,141,RAM
24,23,215,SSD
24,23,201,SSD
24,24,97,RAM
24,24,50,RAM
24,24,140,RAM
24,24,209,RAM
24,24,192,RAM
24,24,119,SSD
24,24,2,RAM
24,24,128,SSD
24,25,174,RAM
24,25,126,RAM
24,25,0,RAM
24,25,124,RAM
24,25,157,RAM
24,25,219,RAM
24,25,95,RAM
24,25,118,SSD
24,26,45,RAM
24,26,159,RAM
24,26,189,RAM
24,26,17,RAM
24,26,119,RAM
24,26,106,RAM
24,26,138,RAM
24,26,182,SSD
24,27,62,RAM
24,27,206,RAM
24,27,217,RAM
24,27,245,RAM
24,27,12,SSD
24,27,26,RAM
24,27,100,RAM
24,27,95,SSD
24,28,114,RAM
24,28,215,RAM
24,28,200,SSD
24,28,224,RAM
24,28,193,SSD
24,28,80,SSD
24,28,87,RAM
24,28,150,RAM
24,29,201,RAM
24,29,220,RAM
24,29,94,SSD
24,29,211,RAM
24,29,170,RAM
24,29,124,RAM
24,29,88,SSD
24,29,10,RAM
24,30,191,RAM
24,30,229,SSD
24,30,25,SSD
24,30,127,RAM
24,30,116,SSD
24,30,99,RAM
24,30,33,SSD
24,30,151,SSD
24,31,77,RAM
24,31,253,RAM
24,31,241,RAM
24,31,197,RAM
24,31,14,RAM
24,31,49,RAM
24,31,47,RAM
24,31,11,RAM
24,32,13,RAM
24,32,148,SSD
24,32,30,RAM
24,32,8,SSD
24,32,179,SSD
24,32,143,RAM
24,32,50,RAM
24,32,76,RAM
24,33,39,RAM
24,33,132,SSD
24,33,166,RAM
24,33,229,RAM
24,33,143,SSD
24,33,47,SSD
24,33,4,RAM
24,33,29,SSD
24,34,98,RAM
24,34,61,SSD
24,34,40,RAM
24,34,120,RAM
24,34,6,RAM
24,34,114,RAM
24,34,44,SSD
24,34,46,RAM
24,35,104,RAM
24,35,9,RAM
24,35,97,RAM
24,35,194,RAM
24,35,34,RAM
24,35,209,SSD
24,35,74,SSD
24,35,59,RAM
24,36,158,RAM
24,36,235,RAM
24,36,115,SSD
24,36,136,SSD
24,36,63,SSD
24,36,124,SSD
24,36,67,RAM
24,36,227,SSD
24,37,100,RAM
24,37,4,RAM
24,37,64,RAM
24,37,184,SSD
24,37,111,RAM
24,37,120,SSD
24,37,101,SSD
24,37,229,RAM
24,38,122,RAM
24,38,131,SSD
24,38,173,RAM
24,38,95,RAM
24,38,61,RAM
24,38,18,RAM
24,38,252,SSD
24,38,158,RAM
24,39,197,SSD
24,39,129,RAM
24,39,163,SSD
24,39,176,SSD
24,39,84,RAM
24,39,219,RAM
24,39,11,SSD
24,39,237,SSD
25,0,79,RAM
25,0,108,RAM
25,0,179,SSD
25,0,197,SSD
25,0,135,RAM
25,0,249,SSD
25,0,101,SSD
25,0,114,RAM
25,1,11,RAM
25,1,97,RAM
25,1,34,SSD
25,1,123,RAM
25,1,132,SSD
25,1,246,RAM
25,1,26,SSD
25,1,59,SSD
25,2,88,SSD
25,2,40,SSD
25,2,59,SSD
25,2,17,SSD
25,2,164,SSD
25,2,175,SSD
25,2,158,SSD
25,2,103,SSD
25,3,211,SSD
25,3,59,SSD
25,3,37,SSD
25,3,129,SSD
25,3,118,SSD
25,3,205,SSD
25,3,25,RAM
25,3,146,SSD
25,4,131,SSD
25,4,161,SSD
25,4,241,SSD
25,4,15,SSD
25,4,14,SSD
25,4,129,RAM
25,4,170,SSD
25,4,30,RAM
25,5,46,RAM
25,5,186,SSD
25,5,198,RAM
25,5,153,SSD
25,5,104,SSD
25,5,252,SSD
25,5,73,RAM
25,5,235,RAM
25,6,56,RAM
25,6,177,RAM
25,6,255,RAM
25,6,155,RAM
25,6,162,RAM
25,6,156,RAM
25,6,8,SSD
25,6,100,RAM
25,7,42,RAM
25,7,192,RAM
25,7,199,RAM
25,7,91,SSD
25,7,24,RAM
25,7,132,RAM
25,7,154,SSD
25,7,57,SSD
25,8,151,RAM
25,8,224,RAM
25,8,89,SSD
25,8,56,RAM
25,8,238,RAM
25,8,41,RAM
25,8,80,RAM
25,8,115,RAM
25,9,39,SSD
25,9,42,RAM
25,9,69,RAM
25,9,73,RAM
25,9,29,SSD
25,9,61,RAM
25,9,166,RAM
25,9,94,SSD
25,10,137,RAM
25,10,187,RAM
25,10,194,RAM
25,10,20,RAM
25,10,130,SSD
25,10,142,SSD
25,10,246,SSD
25,10,87,RAM
25,11,174,SSD
25,11,56,RAM
25,11,107,SSD
25,11,106,RAM
25,11,250,SSD
25,11,99,RAM
25,11,115,RAM
25,11,228,RAM
25,12,97,RAM
25,12,3,RAM
25,12,160,SSD
25,12,192,RAM
25,12,128,SSD
25,12,81,RAM
25,12,119,SSD
25,12,50,RAM
25,13,124,RAM
25,13,174,RAM
25,13,219,RAM
25,13,126,RAM
25,13,43,SSD
25,13,95,RAM
25,13,97,SSD
25,13,74,SSD
25,14,138,RAM
25,14,235,SSD
25,14,51,SSD
25,14,60,RAM
25,14,45,RAM
25,14,189,RAM
25,14,106,SSD
25,14,131,SSD
25,15,245,RAM
25,15,206,RAM
25,15,65,SSD
25,15,49,SSD
25,15,220,SSD
25,15,26,SSD
25,15,87,RAM
25,15,181,SSD
25,16,150,RAM
25,16,224,RAM
25,16,73,RAM
25,16,5,SSD
25,16,196,SSD
25,16,114,RAM
25,16,185,SSD
25,16,22,SSD
25,17,220,RAM
25,17,94,RAM
25,17,60,RAM
25,17,124,RAM
25,17,172,SSD
25,17,201,RAM
25,17,213,SSD
25,17,61,SSD
25,18,115,RAM
25,18,191,RAM
25,18,17,RAM
25,18,151,SSD
25,18,90,SSD
25,18,229,RAM
25,18,57,SSD
25,18,50,SSD
25,19,197,RAM
25,19,124,RAM
25,19,137,RAM
25,19,253,RAM
25,19,160,SSD
25,19,4,RAM
25,19,241,RAM
25,19,130,SSD
25,20,115,RAM
25,20,56,SSD
25,20,238,RAM
25,20,151,RAM
25,20,205,RAM
25,20,83,SSD
25,20,80,RAM
25,20,220,SSD
25,21,39,SSD
25,21,69,RAM
25,21,42,RAM
25,21,131,RAM
25,21,212,SSD
25,21,61,RAM
25,21,73,SSD
25,21,13,SSD
25,22,137,RAM
25,22,130,SSD
25,22,187,RAM
25,22,142,SSD
25,22,42,RAM
25,22,127,RAM
25,22,246,SSD
25,22,196,SSD
25,23,107,SSD
25,23,174,RAM
25,23,56,RAM
25,23,201,RAM
25,23,203,SSD
25,23,250,RAM
25,23,12,SSD
25,23,106,SSD
25,24,3,SSD
25,24,128,RAM
25,24,97,RAM
25,24,15,SSD
25,24,160,SSD
25,24,63,SSD
25,24,1,SSD
25,24,18,SSD
25,25,219,RAM
25,25,124,RAM
25,25,28,RAM
25,25,43,SSD
25,25,126,RAM
25,25,174,RAM
25,25,147,SSD
25,25,159,SSD
25,26,138,RAM
25,26,213,SSD
25,26,168,SSD
25,26,60,SSD
25,26,45,RAM
25,26,51,SSD
25,26,27,SSD
25,26,203,SSD
25,27,26,RAM
25,27,65,SSD
25,27,23,SSD
25,27,245,RAM
25,27,206,RAM
25,27,100,RAM
25,27,80,SSD
25,27,220,SSD
25,28,224,RAM
25,28,181,SSD
25,28,188,SSD
25,28,0,SSD
25,28,5,SSD
25,28,121,RAM
25,28,200,RAM
25,28,67,SSD
25,29,60,RAM
25,29,229,SSD
25,29,220,RAM
25,29,166,SSD
25,29,132,SSD
25,29,50,SSD
25,29,94,RAM
25,29,21,SSD
25,30,90,SSD
25,30,117,RAM
25,30,17,RAM
25,30,191,RAM
25,30,148,SSD
25,30,106,SSD
25,30,190,SSD
25,30,11,SSD
25,31,137,RAM
25,31,252,RAM
25,31,248,RAM
25,31,197,RAM
25,31,190,SSD
25,31,253,RAM
25,31,124,SSD
25,31,14,RAM
25,32,254,SSD
25,32,77,SSD
25,32,48,SSD
25,32,148,RAM
25,32,50,RAM
25,32,22,SSD
25,32,102,SSD
25,32,59,RAM
25,33,190,SSD
25,33,107,SSD
25,33,166,RAM
25,33,81,RAM
25,33,143,RAM
25,33,132,RAM
25,33,126,SSD
25,33,229,RAM
25,34,175,SSD
25,34,88,SSD
25,34,91,SSD
25,34,220,SSD
25,34,67,SSD
25,34,252,SSD
25,34,120,RAM
25,34,202,SSD
25,35,167,RAM
25,35,94,SSD
25,35,2,SSD
25,35,85,SSD
25,35,5,SSD
25,35,202,RAM
25,35,61,SSD
25,35,9,RAM
25,36,67,RAM
25,36,158,RAM
25,36,246,SSD
25,36,2,SSD
25,36,248,SSD
25,36,152,SSD
25,36,207,SSD
25,36,202,SSD
25,37,43,SSD
25,37,60,SSD
25,37,100,RAM
25,37,135,SSD
25,37,161,SSD
25,37,64,RAM
25,37,153,SSD
25,37,229,RAM
25,38,234,SSD
25,38,30,SSD
25,38,163,SSD
25,38,168,SSD
25,38,201,SSD
25,38,61,RAM
25,38,176,SSD
25,38,31,SSD
25,39,35,SSD
25,39,197,RAM
25,39,138,RAM
25,39,92,SSD
25,39,235,SSD
25,39,1,SSD
25,39,95,SSD
25,39,163,RAM
26,0,108,RAM
26,0,189,SSD
26,0,6,SSD
26,0,114,RAM
26,0,197,RAM
26,0,135,RAM
26,0,238,SSD
26,0,180,RAM
26,1,97,RAM
26,1,11,RAM
26,1,75,SSD
26,1,246,RAM
26,1,139,SSD
26,1,123,RAM
26,1,70,SSD
26,1,239,SSD
26,2,87,SSD
26,2,88,RAM
26,2,198,SSD
26,2,40,RAM
26,2,34,SSD
26,2,17,RAM
26,2,59,RAM
26,2,194,RAM
26,3,211,RAM
26,3,59,RAM
26,3,37,RAM
26,3,129,RAM
26,3,199,SSD
26,3,39,SSD
26,3,142,SSD
26,3,124,SSD
26,4,241,RAM
26,4,161,RAM
26,4,131,RAM
26,4,25,SSD
26,4,170,RAM
26,4,17,SSD
26,4,129,RAM
26,4,154,SSD
26,5,186,RAM
26,5,161,SSD
26,5,104,RAM
26,5,14,SSD
26,5,65,SSD
26,5,69,SSD
26,5,46,RAM
26,5,103,SSD
26,6,56,RAM
26,6,162,RAM
26,6,100,RAM
26,6,126,SSD
26,6,255,RAM
26,6,196,SSD
26,6,167,SSD
26,6,243,SSD
26,7,23,SSD
26,7,199,RAM
26,7,91,RAM
26,7,40,SSD
26,7,29,SSD
26,7,192,RAM
26,7,32,SSD
26,7,185,SSD
26,8,56,RAM
26,8,116,SSD
26,8,180,SSD
26,8,164,SSD
26,8,224,RAM
26,8,151,RAM
26,8,212,SSD
26,8,57,SSD
26,9,39,RAM
26,9,29,RAM
26,9,69,RAM
26,9,13,SSD
26,9,94,RAM
26,9,197,SSD
26,9,42,RAM
26,9,61,RAM
26,10,130,RAM
26,10,196,SSD
26,10,137,RAM
26,10,187,RAM
26,10,171,SSD
26,10,185,SSD
26,10,240,SSD
26,10,142,RAM
26,11,107,RAM
26,11,203,SSD
26,11,174,RAM
26,11,19,RAM
26,11,56,RAM
26,11,248,RAM
26,11,250,RAM
26,11,128,SSD
26,12,3,RAM
26,12,1,SSD
26,12,97,RAM
26,12,128,RAM
26,12,63,SSD
26,12,26,SSD
26,12,160,RAM
26,12,15,SSD
26,13,43,RAM
26,13,124,RAM
26,13,134,SSD
26,13,219,RAM
26,13,29,SSD
26,13,74,RAM
26,13,154,SSD
26,13,28,SSD
26,14,51,RAM
26,14,137,SSD
26,14,138,RAM
26,14,52,SSD
26,14,124,SSD
26,14,235,RAM
26,14,88,SSD
26,14,189,RAM
26,15,162,SSD
26,15,181,RAM
26,15,165,SSD
26,15,206,RAM
26,15,110,SSD
26,15,87,RAM
26,15,81,SSD
26,15,148,SSD
26,16,5,RAM
26,16,196,RAM
26,16,231,SSD
26,16,150,RAM
26,16,181,SSD
26,16,224,RAM
26,16,80,SSD
26,16,170,SSD
26,17,60,RAM
26,17,87,SSD
26,17,166,SSD
26,17,220,RAM
26,17,229,SSD
26,17,172,RAM
26,17,61,RAM
26,17,89,SSD
26,18,90,RAM
26,18,17,RAM
26,18,205,RAM
26,18,191,RAM
26,18,187,SSD
26,18,161,SSD
26,18,106,SSD
26,18,13,SSD
26,19,4,RAM
26,19,137,RAM
26,19,197,RAM
26,19,20,SSD
26,19,252,SSD
26,19,109,SSD
26,19,14,RAM
26,19,124,RAM
26,20,224,RAM
26,20,41,RAM
26,20,4,SSD
26,20,151,RAM
26,20,23,SSD
26,20,115,RAM
26,20,56,RAM
26,20,212,SSD
26,21,61,RAM
26,21,166,RAM
26,21,39,RAM
26,21,207,RAM
26,21,151,SSD
26,21,5,SSD
26,21,197,SSD
26,21,243,RAM
26,22,24,SSD
26,22,196,RAM
26,22,116,RAM
26,22,63,RAM
26,22,205,RAM
26,22,8,SSD
26,22,228,SSD
26,22,130,RAM
26,23,107,RAM
26,23,174,RAM
26,23,203,RAM
26,23,250,RAM
26,23,56,RAM
26,23,111,SSD
26,23,128,SSD
26,23,20,SSD
26,24,3,RAM
26,24,1,RAM
26,24,222,RAM
26,24,9,RAM
26,24,74,SSD
26,24,63,RAM
26,24,2,RAM
26,24,160,RAM
26,25,28,RAM
26,25,219,RAM
26,25,174,RAM
26,25,134,SSD
26,25,29,SSD
26,25,147,RAM
26,25,43,RAM
26,25,124,RAM
26,26,138,RAM
26,26,213,RAM
26,26,67,RAM
26,26,51,RAM
26,26,52,SSD
26,26,96,RAM
26,26,137,SSD
26,26,180,SSD
26,27,26,RAM
26,27,206,RAM
26,27,65,RAM
26,27,110,SSD
26,27,23,RAM
26,27,100,RAM
26,27,162,SSD
26,27,80,RAM
26,28,224,RAM
26,28,181,RAM
26,28,188,RAM
26,28,5,RAM
26,28,169,RAM
26,28,96,SSD
26,28,31,SSD
26,28,121,RAM
26,29,60,RAM
26,29,229,RAM
26,29,166,RAM
26,29,69,RAM
26,29,132,RAM
26,29,141,SSD
26,29,220,RAM
26,29,104,SSD
26,30,117,RAM
26,30,90,RAM
26,30,190,RAM
26,30,106,RAM
26,30,188,SSD
26,30,17,RAM
26,30,148,RAM
26,30,165,SSD
26,31,248,RAM
26,31,137,RAM
26,31,252,RAM
26,31,199,SSD
26,31,14,RAM
26,31,190,RAM
26,31,108,SSD
26,31,124,RAM
26,32,254,RAM
26,32,77,RAM
26,32,102,RAM
26,32,48,RAM
26,32,59,RAM
26,32,50,RAM
26,32,156,SSD
26,32,21,SSD
26,33,81,RAM
26,33,107,RAM
26,33,126,RAM
26,33,190,RAM
26,33,143,RAM
26,33,224,SSD
26,33,132,RAM
26,33,166,RAM
26,34,175,RAM
26,34,220,RAM
26,34,88,RAM
26,34,252,RAM
26,34,67,RAM
26,34,64,SSD
26,34,240,SSD
26,34,208,RAM
26,35,167,RAM
26,35,94,RAM
26,35,2,RAM
26,35,85,RAM
26,35,5,RAM
26,35,202,RAM
26,35,61,RAM
26,35,76,SSD
26,36,158,RAM
26,36,67,RAM
26,36,246,RAM
26,36,152,RAM
26,36,248,RAM
26,36,195,RAM
26,36,2,RAM
26,36,202,RAM
26,37,43,RAM
26,37,60,RAM
26,37,161,RAM
26,37,64,RAM
26,37,135,RAM
26,37,153,RAM
26,37,174,SSD
26,37,67,SSD
26,38,201,RAM
26,38,234,RAM
26,38,30,RAM
26,38,163,RAM
26,38,9,SSD
26,38,127,SSD
26,38,94,SSD
26,38,34,SSD
26,39,246,SSD
26,39,250,SSD
26,39,1,RAM
26,39,138,RAM
26,39,92,RAM
26,39,215,SSD
26,39,203,SSD
26,39,183,SSD
27,0,58,SSD
27,0,223,SSD
27,0,76,SSD
27,0,189,RAM
27,0,211,SSD
27,0,62,SSD
27,0,236,SSD
27,0,163,SSD
27,1,191,SSD
27,1,37,RAM
27,1,251,RAM
27,1,123,RAM
27,1,153,SSD
27,1,3,SSD
27,1,195,SSD
27,1,125,SSD
27,2,230,SSD
27,2,110,RAM
27,2,92,SSD
27,2,40,RAM
27,2,150,SSD
27,2,198,RAM
27,2,107,SSD
27,2,87,RAM
27,3,202,SSD
27,3,155,SSD
27,3,177,SSD
27,3,101,SSD
27,3,30,SSD
27,3,199,RAM
27,3,218,SSD
27,3,216,SSD
27,4,71,SSD
27,4,94,SSD
27,4,216,SSD
27,4,121,RAM
27,4,60,SSD
27,4,93,SSD
27,4,54,SSD
27,4,239,SSD
27,5,62,SSD
27,5,115,SSD
27,5,93,SSD
27,5,153,RAM
27,5,194,RAM
27,5,249,SSD
27,5,183,SSD
27,5,253,SSD
27,6,235,SSD
27,6,92,SSD
27,6,100,RAM
27,6,61,RAM
27,6,196,RAM
27,6,123,SSD
27,6,178,SSD
27,6,55,SSD
27,7,219,SSD
27,7,199,RAM
27,7,40,RAM
27,7,181,SSD
27,7,79,SSD
27,7,132,RAM
27,7,192,RAM
27,7,74,SSD
27,8,224,RAM
27,8,164,RAM
27,8,47,SSD
27,8,80,RAM
27,8,151,RAM
27,8,212,RAM
27,8,57,RAM
27,8,220,SSD
27,9,5,RAM
27,9,61,RAM
27,9,212,SSD
27,9,120,SSD
27,9,96,SSD
27,9,0,SSD
27,9,42,RAM
27,9,166,RAM
27,10,218,SSD
27,10,9,SSD
27,10,8,SSD
27,10,171,RAM
27,10,63,SSD
27,10,246,RAM
27,10,5,SSD
27,10,252,SSD
27,11,153,SSD
27,11,250,RAM
27,11,107,RAM
27,11,209,SSD
27,11,101,SSD
27,11,103,SSD
27,11,114,SSD
27,11,186,SSD
27,12,3,RAM
27,12,222,SSD
27,12,132,SSD
27,12,192,RAM
27,12,9,RAM
27,12,97,RAM
27,12,128,RAM
27,12,241,SSD
27,13,38,SSD
27,13,116,SSD
27,13,219,RAM
27,13,174,RAM
27,13,124,RAM
27,13,28,RAM
27,13,18,SSD
27,13,98,RAM
27,14,138,RAM
27,14,235,RAM
27,14,189,RAM
27,14,209,SSD
27,14,11,SSD
27,14,168,SSD
27,14,175,RAM
27,14,247,SSD
27,15,26,RAM
27,15,44,SSD
27,15,206,RAM
27,15,123,SSD
27,15,245,RAM
27,15,248,SSD
27,15,39,SSD
27,15,49,RAM
27,16,20,SSD
27,16,224,RAM
27,16,188,SSD
27,16,54,SSD
27,16,231,RAM
27,16,137,SSD
27,16,0,SSD
27,16,182,SSD
27,17,78,SSD
27,17,218,SSD
27,17,229,RAM
27,17,236,SSD
27,17,202,SSD
27,17,206,SSD
27,17,220,RAM
27,17,197,SSD
27,18,106,RAM
27,18,191,RAM
27,18,17,RAM
27,18,117,RAM
27,18,141,SSD
27,18,11,SSD
27,18,165,SSD
27,18,237,SSD
27,19,14,RAM
27,19,137,RAM
27,19,124,RAM
27,19,108,SSD
27,19,146,SSD
27,19,33,SSD
27,19,70,SSD
27,19,197,RAM
27,20,224,RAM
27,20,41,RAM
27,20,151,RAM
27,20,4,RAM
27,20,242,SSD
27,20,47,SSD
27,20,59,SSD
27,20,98,SSD
27,21,61,RAM
27,21,96,SSD
27,21,5,RAM
27,21,243,RAM
27,21,166,RAM
27,21,212,RAM
27,21,120,SSD
27,21,103,RAM
27,22,218,SSD
27,22,5,SSD
27,22,9,SSD
27,22,0,SSD
27,22,63,RAM
27,22,116,RAM
27,22,246,RAM
27,22,119,SSD
27,23,153,SSD
27,23,250,RAM
27,23,107,RAM
27,23,208,SSD
27,23,56,RAM
27,23,209,SSD
27,23,101,SSD
27,23,151,SSD
27,24,222,RAM
27,24,9,RAM
27,24,2,RAM
27,24,132,SSD
27,24,3,RAM
27,24,192,RAM
27,24,42,RAM
27,24,125,SSD
27,25,174,RAM
27,25,116,SSD
27,25,28,RAM
27,25,110,SSD
27,25,38,SSD
27,25,124,RAM
27,25,219,RAM
27,25,151,SSD
27,26,138,RAM
27,26,67,RAM
27,26,168,RAM
27,26,189,RAM
27,26,93,SSD
27,26,247,SSD
27,26,220,SSD
27,26,146,SSD
27,27,206,RAM
27,27,44,SSD
27,27,26,RAM
27,27,248,SSD
27,27,245,RAM
27,27,80,RAM
27,27,121,SSD
27,27,67,SSD
27,28,54,SSD
27,28,224,RAM
27,28,230,SSD
27,28,121,RAM
27,28,20,SSD
27,28,33,SSD
27,28,67,RAM
27,28,231,SSD
27,29,236,SSD
27,29,78,SSD
27,29,28,SSD
27,29,89,SSD
27,29,202,SSD
27,29,166,RAM
27,29,206,SSD
27,29,69,RAM
27,30,117,RAM
27,30,165,RAM
27,30,106,RAM
27,30,191,RAM
27,30,69,SSD
27,30,237,SSD
27,30,221,SSD
27,30,17,RAM
27,31,137,RAM
27,31,14,RAM
27,31,108,RAM
27,31,70,SSD
27,31,60,SSD
27,31,33,SSD
27,31,233,SSD
27,31,51,SSD
27,32,194,SSD
27,32,195,SSD
27,32,146,SSD
27,32,86,SSD
27,32,120,SSD
27,32,50,RAM
27,32,59,RAM
27,32,248,SSD
27,33,81,RAM
27,33,75,SSD
27,33,37,SSD
27,33,97,SSD
27,33,40,SSD
27,33,94,SSD
27,33,181,SSD
27,33,36,SSD
27,34,5,SSD
27,34,255,SSD
27,34,212,SSD
27,34,107,SSD
27,34,19,SSD
27,34,249,SSD
27,34,187,SSD
27,34,141,SSD
27,35,167,RAM
27,35,136,SSD
27,35,49,SSD
27,35,76,RAM
27,35,202,RAM
27,35,106,SSD
27,35,233,SSD
27,35,12,SSD
27,36,158,RAM
27,36,98,SSD
27,36,203,SSD
27,36,8,SSD
27,36,21,SSD
27,36,155,SSD
27,36,0,SSD
27,36,17,SSD
27,37,214,SSD
27,37,64,RAM
27,37,105,SSD
27,37,21,SSD
27,37,84,SSD
27,37,75,SSD
27,37,126,SSD
27,37,145,RAM
27,38,185,SSD
27,38,87,SSD
27,38,94,RAM
27,38,156,SSD
27,38,84,SSD
27,38,127,RAM
27,38,34,RAM
27,38,4,SSD
27,39,251,SSD
27,39,146,SSD
27,39,127,SSD
27,39,165,SSD
27,39,149,SSD
27,39,222,SSD
27,39,63,SSD
27,39,52,SSD
28,0,247,SSD
28,0,234,RAM
28,0,52,SSD
28,0,17,SSD
28,0,209,SSD
28,0,53,SSD
28,0,221,SSD
28,0,194,SSD
28,1,195,RAM
28,1,37,RAM
28,1,16,SSD
28,1,251,RAM
28,1,100,SSD
28,1,71,SSD
28,1,183,SSD
28,1,3,RAM
28,2,110,RAM
28,2,230,RAM
28,2,208,SSD
28,2,148,SSD
28,2,150,RAM
28,2,92,RAM
28,2,7,SSD
28,2,35,SSD
28,3,202,RAM
28,3,216,RAM
28,3,155,RAM
28,3,116,RAM
28,3,207,SSD
28,3,177,RAM
28,3,213,SSD
28,3,101,RAM
28,4,94,RAM
28,4,60,RAM
28,4,216,RAM
28,4,71,RAM
28,4,239,RAM
28,4,93,RAM
28,4,228,SSD
28,4,25,RAM
28,5,253,RAM
28,5,62,RAM
28,5,194,RAM
28,5,115,RAM
28,5,93,RAM
28,5,153,RAM
28,5,183,RAM
28,5,56,SSD
28,6,235,RAM
28,6,92,RAM
28,6,55,RAM
28,6,100,RAM
28,6,123,RAM
28,6,48,SSD
28,6,61,RAM
28,6,56,RAM
28,7,219,RAM
28,7,199,RAM
28,7,181,RAM
28,7,192,RAM
28,7,132,RAM
28,7,24,RAM
28,7,182,RAM
28,7,74,RAM
28,8,224,RAM
28,8,151,RAM
28,8,41,RAM
28,8,164,RAM
28,8,80,RAM
28,8,242,SSD
28,8,68,SSD
28,8,112,SSD
28,9,120,RAM
28,9,61,RAM
28,9,5,RAM
28,9,166,RAM
28,9,212,RAM
28,9,243,RAM
28,9,96,RAM
28,9,23,SSD
28,10,229,SSD
28,10,218,RAM
28,10,5,RAM
28,10,9,RAM
28,10,8,RAM
28,10,246,RAM
28,10,240,RAM
28,10,63,RAM
28,11,250,RAM
28,11,153,RAM
28,11,56,RAM
28,11,114,RAM
28,11,18,SSD
28,11,252,SSD
28,11,228,RAM
28,11,107,RAM
28,12,222,RAM
28,12,9,RAM
28,12,106,SSD
28,12,154,SSD
28,12,2,RAM
28,12,3,RAM
28,12,192,RAM
28,12,42,RAM
28,13,174,RAM
28,13,116,RAM
28,13,219,RAM
28,13,200,SSD
28,13,124,RAM
28,13,151,RAM
28,13,228,RAM
28,13,98,RAM
28,14,138,RAM
28,14,189,RAM
28,14,67,RAM
28,14,44,RAM
28,14,235,RAM
28,14,146,SSD
28,14,11,RAM
28,14,8,SSD
28,15,206,RAM
28,15,26,RAM
28,15,44,RAM
28,15,241,SSD
28,15,238,RAM
28,15,39,RAM
28,15,245,RAM
28,15,3,RAM
28,16,224,RAM
28,16,54,RAM
28,16,149,SSD
28,16,20,RAM
28,16,248,SSD
28,16,67,SSD
28,16,169,RAM
28,16,165,SSD
28,17,236,RAM
28,17,220,RAM
28,17,8,RAM
28,17,229,RAM
28,17,69,RAM
28,17,101,SSD
28,17,238,RAM
28,17,60,RAM
28,18,117,RAM
28,18,106,RAM
28,18,191,RAM
28,18,17,RAM
28,18,141,RAM
28,18,6,SSD
28,18,237,RAM
28,18,232,RAM
28,19,14,RAM
28,19,137,RAM
28,19,248,RAM
28,19,124,RAM
28,19,33,RAM
28,19,51,SSD
28,19,70,RAM
28,19,108,RAM
28,20,224,RAM
28,20,41,RAM
28,20,151,RAM
28,20,112,SSD
28,20,171,RAM
28,20,242,RAM
28,20,165,RAM
28,20,68,SSD
28,21,243,RAM
28,21,61,RAM
28,21,166,RAM
28,21,103,RAM
28,21,120,RAM
28,21,206,SSD
28,21,5,RAM
28,21,212,RAM
28,22,119,RAM
28,22,116,RAM
28,22,5,RAM
28,22,66,SSD
28,22,59,SSD
28,22,61,SSD
28,22,229,SSD
28,22,205,RAM
28,23,141,RAM
28,23,18,SSD
28,23,101,RAM
28,23,56,RAM
28,23,134,RAM
28,23,153,RAM
28,23,138,SSD
28,23,250,RAM
28,24,222,RAM
28,24,9,RAM
28,24,2,RAM
28,24,42,RAM
28,24,60,SSD
28,24,106,SSD
28,24,3,RAM
28,24,192,RAM
28,25,174,RAM
28,25,200,SSD
28,25,116,RAM
28,25,28,RAM
28,25,199,SSD
28,25,151,RAM
28,25,219,RAM
28,25,110,RAM
28,26,138,RAM
28,26,67,RAM
28,26,189,RAM
28,26,229,SSD
28,26,38,SSD
28,26,78,SSD
28,26,96,RAM
28,26,168,RAM
28,27,206,RAM
28,27,241,SSD
28,27,44,RAM
28,27,26,RAM
28,27,245,RAM
28,27,82,SSD
28,27,80,RAM
28,27,121,RAM
28,28,149,SSD
28,28,54,RAM
28,28,248,RAM
28,28,231,RAM
28,28,67,RAM
28,28,20,RAM
28,28,169,RAM
28,28,165,RAM
28,29,28,RAM
28,29,236,RAM
28,29,69,RAM
28,29,242,SSD
28,29,89,RAM
28,29,204,SSD
28,29,66,SSD
28,29,137,SSD
28,30,117,RAM
28,30,106,RAM
28,30,221,RAM
28,30,191,RAM
28,30,6,SSD
28,30,165,RAM
28,30,237,RAM
28,30,69,RAM
28,31,137,RAM
28,31,14,RAM
28,31,248,RAM
28,31,70,RAM
28,31,233,RAM
28,31,67,SSD
28,31,51,RAM
28,31,33,RAM
28,32,194,RAM
28,32,206,SSD
28,32,199,SSD
28,32,59,RAM
28,32,195,RAM
28,32,50,RAM
28,32,101,RAM
28,32,156,RAM
28,33,81,RAM
28,33,94,RAM
28,33,40,RAM
28,33,97,RAM
28,33,37,RAM
28,33,75,RAM
28,33,214,SSD
28,33,15,SSD
28,34,187,RAM
28,34,107,RAM
28,34,19,RAM
28,34,54,SSD
28,34,212,RAM
28,34,141,RAM
28,34,21,SSD
28,34,182,SSD
28,35,167,RAM
28,35,7,SSD
28,35,76,RAM
28,35,202,RAM
28,35,233,RAM
28,35,253,SSD
28,35,104,RAM
28,35,89,SSD
28,36,158,RAM
28,36,8,RAM
28,36,0,RAM
28,36,203,RAM
28,36,253,SSD
28,36,98,RAM
28,36,245,SSD
28,36,234,SSD
28,37,64,RAM
28,37,105,RAM
28,37,21,RAM
28,37,75,RAM
28,37,84,RAM
28,37,164,SSD
28,37,159,SSD
28,37,145,RAM
28,38,22,SSD
28,38,94,RAM
28,38,127,RAM
28,38,84,RAM
28,38,136,SSD
28,38,79,SSD
28,38,34,RAM
28,38,86,SSD
28,39,16,SSD
28,39,146,RAM
28,39,145,SSD
28,39,34,SSD
28,39,62,SSD
28,39,203,RAM
28,39,116,SSD
28,39,242,SSD
29,0,29,SSD
29,0,41,SSD
29,0,223,RAM
29,0,76,RAM
29,0,86,SSD
29,0,2,SSD
29,0,131,SSD
29,0,28,SSD
29,1,206,SSD
29,1,153,RAM
29,1,14,SSD
29,1,91,SSD
29,1,187,SSD
29,1,230,SSD
29,1,40,SSD
29,1,44,SSD
29,2,193,SSD
29,2,216,SSD
29,2,139,SSD
29,2,35,RAM
29,2,148,RAM
29,2,225,SSD
29,2,112,SSD
29,2,161,SSD
29,3,154,SSD
29,3,202,RAM
29,3,216,RAM
29,3,251,SSD
29,3,192,SSD
29,3,243,SSD
29,3,94,SSD
29,3,207,RAM
29,4,121,RAM
29,4,149,SSD
29,4,178,SSD
29,4,70,SSD
29,4,216,RAM
29,4,227,SSD
29,4,197,SSD
29,4,234,SSD
29,5,120,SSD
29,5,163,SSD
29,5,213,SSD
29,5,153,RAM
29,5,210,RAM
29,5,56,RAM
29,5,19,SSD
29,5,40,SSD
29,6,102,SSD
29,6,168,SSD
29,6,185,RAM
29,6,209,SSD
29,6,171,SSD
29,6,48,RAM
29,6,159,SSD
29,6,144,SSD
29,7,132,RAM
29,7,182,RAM
29,7,24,RAM
29,7,96,SSD
29,7,151,SSD
29,7,43,SSD
29,7,208,SSD
29,7,32,RAM
29,8,224,RAM
29,8,151,RAM
29,8,41,RAM
29,8,165,RAM
29,8,1,SSD
29,8,171,SSD
29,8,61,SSD
29,8,206,SSD
29,9,103,SSD
29,9,166,RAM
29,9,61,RAM
29,9,243,RAM
29,9,81,SSD
29,9,214,SSD
29,9,220,SSD
29,9,212,RAM
29,10,109,SSD
29,10,119,SSD
29,10,116,SSD
29,10,146,SSD
29,10,66,SSD
29,10,232,SSD
29,10,59,SSD
29,10,206,SSD
29,11,231,SSD
29,11,37,SSD
29,11,134,SSD
29,11,157,SSD
29,11,141,RAM
29,11,191,SSD
29,11,225,SSD
29,11,97,SSD
29,12,9,RAM
29,12,42,RAM
29,12,166,SSD
29,12,208,SSD
29,12,47,SSD
29,12,2,RAM
29,12,50,RAM
29,12,222,RAM
29,13,174,RAM
29,13,151,RAM
29,13,19,SSD
29,13,228,RAM
29,13,185,SSD
29,13,0,SSD
29,13,126,RAM
29,13,141,SSD
29,14,138,RAM
29,14,189,RAM
29,14,67,RAM
29,14,11,RAM
29,14,0,SSD
29,14,107,SSD
29,14,96,SSD
29,14,87,SSD
29,15,206,RAM
29,15,238,RAM
29,15,55,RAM
29,15,27,SSD
29,15,250,SSD
29,15,54,SSD
29,15,178,SSD
29,15,151,SSD
29,16,53,SSD
29,16,59,SSD
29,16,82,SSD
29,16,169,RAM
29,16,248,RAM
29,16,138,SSD
29,16,67,RAM
29,16,154,SSD
29,17,4,SSD
29,17,19,SSD
29,17,69,RAM
29,17,238,RAM
29,17,28,SSD
29,17,220,RAM
29,17,137,SSD
29,17,214,SSD
29,18,219,SSD
29,18,117,RAM
29,18,130,SSD
29,18,191,RAM
29,18,66,SSD
29,18,141,RAM
29,18,110,SSD
29,18,2,SSD
29,19,67,SSD
29,19,137,RAM
29,19,247,SSD
29,19,248,RAM
29,19,14,RAM
29,19,48,SSD
29,19,33,RAM
29,19,124,RAM
29,20,224,RAM
29,20,151,RAM
29,20,41,RAM
29,20,47,RAM
29,20,165,RAM
29,20,171,RAM
29,20,114,SSD
29,20,61,SSD
29,21,243,RAM
29,21,103,RAM
29,21,61,RAM
29,21,166,RAM
29,21,201,SSD
29,21,214,SSD
29,21,212,RAM
29,21,118,SSD
29,22,109,SSD
29,22,119,RAM
29,22,146,SSD
29,22,59,RAM
29,22,77,SSD
29,22,116,RAM
29,22,66,RAM
29,22,40,SSD
29,23,37,SSD
29,23,157,SSD
29,23,231,SSD
29,23,90,SSD
29,23,141,RAM
29,23,134,RAM
29,23,204,SSD
29,23,132,SSD
29,24,42,RAM
29,24,9,RAM
29,24,166,SSD
29,24,60,RAM
29,24,55,SSD
29,24,210,SSD
29,24,2,RAM
29,24,192,RAM
29,25,0,RAM
29,25,151,RAM
29,25,174,RAM
29,25,228,SSD
29,25,141,SSD
29,25,166,SSD
29,25,254,SSD
29,25,135,SSD
29,26,67,RAM
29,26,138,RAM
29,26,0,SSD
29,26,107,SSD
29,26,189,RAM
29,26,78,RAM
29,26,112,SSD
29,26,97,SSD
29,27,206,RAM
29,27,70,SSD
29,27,82,RAM
29,27,12,RAM
29,27,18,SSD
29,27,55,SSD
29,27,173,SSD
29,27,178,SSD
29,28,59,SSD
29,28,53,SSD
29,28,248,RAM
29,28,56,SSD
29,28,66,SSD
29,28,165,RAM
29,28,134,SSD
29,28,67,RAM
29,29,4,SSD
29,29,28,RAM
29,29,126,SSD
29,29,69,RAM
29,29,25,SSD
29,29,242,RAM
29,29,19,SSD
29,29,100,SSD
29,30,219,SSD
29,30,130,SSD
29,30,117,RAM
29,30,143,SSD
29,30,191,RAM
29,30,151,RAM
29,30,237,RAM
29,30,66,SSD
29,31,67,RAM
29,31,247,SSD
29,31,137,RAM
29,31,14,RAM
29,31,83,SSD
29,31,157,SSD
29,31,248,RAM
29,31,47,RAM
29,32,101,RAM
29,32,14,SSD
29,32,85,SSD
29,32,57,SSD
29,32,168,SSD
29,32,59,RAM
29,32,173,SSD
29,32,207,SSD
29,33,81,RAM
29,33,203,SSD
29,33,5,SSD
29,33,15,RAM
29,33,68,SSD
29,33,161,SSD
29,33,84,SSD
29,33,103,SSD
29,34,143,SSD
29,34,107,RAM
29,34,18,SSD
29,34,46,RAM
29,34,11,SSD
29,34,48,SSD
29,34,194,SSD
29,34,181,SSD
29,35,167,RAM
29,35,114,SSD
29,35,233,RAM
29,35,117,SSD
29,35,202,RAM
29,35,58,SSD
29,35,136,RAM
29,35,7,RAM
29,36,48,SSD
29,36,158,RAM
29,36,148,SSD
29,36,37,SSD
29,36,203,RAM
29,36,55,SSD
29,36,44,SSD
29,36,125,SSD
29,37,126,RAM
29,37,64,RAM
29,37,240,SSD
29,37,105,RAM
29,37,196,SSD
29,37,162,SSD
29,37,159,RAM
29,37,21,RAM
29,38,185,RAM
29,38,132,SSD
29,38,94,RAM
29,38,209,SSD
29,38,173,RAM
29,38,115,SSD
29,38,242,SSD
29,38,36,SSD
29,39,167,SSD
29,39,197,RAM
29,39,77,SSD
29,39,44,SSD
29,39,224,SSD
29,39,6,SSD
29,39,173,SSD
29,39,235,RAM
30,0,69,SSD
30,0,116,SSD
30,0,159,SSD
30,0,98,SSD
30,0,220,SSD
30,0,240,SSD
30,0,13,SSD
30,0,131,RAM
30,1,69,SSD
30,1,114,SSD
30,1,44,RAM
30,1,14,RAM
30,1,37,RAM
30,1,246,RAM
30,1,206,RAM
30,1,245,SSD
30,2,155,SSD
30,2,57,SSD
30,2,17,RAM
30,2,225,RAM
30,2,216,RAM
30,2,134,SSD
30,2,250,SSD
30,2,161,RAM
30,3,154,RAM
30,3,243,RAM
30,3,197,SSD
30,3,163,SSD
30,3,156,SSD
30,3,23,SSD
30,3,36,SSD
30,3,127,SSD
30,4,121,RAM
30,4,178,RAM
30,4,221,SSD
30,4,175,SSD
30,4,158,SSD
30,4,9,SSD
30,4,70,RAM
30,4,149,RAM
30,5,77,SSD
30,5,120,RAM
30,5,163,RAM
30,5,165,SSD
30,5,153,RAM
30,5,164,SSD
30,5,210,RAM
30,5,124,SSD
30,6,168,RAM
30,6,102,RAM
30,6,209,RAM
30,6,185,RAM
30,6,48,RAM
30,6,159,RAM
30,6,151,SSD
30,6,91,SSD
30,7,132,RAM
30,7,24,RAM
30,7,96,RAM
30,7,182,RAM
30,7,43,RAM
30,7,38,SSD
30,7,111,SSD
30,7,151,RAM
30,8,224,RAM
30,8,41,RAM
30,8,151,RAM
30,8,165,RAM
30,8,63,SSD
30,8,3,SSD
30,8,1,RAM
30,8,171,RAM
30,9,243,RAM
30,9,166,RAM
30,9,103,RAM
30,9,81,RAM
30,9,61,RAM
30,9,47,SSD
30,9,15,SSD
30,9,3,SSD
30,10,146,RAM
30,10,119,RAM
30,10,116,RAM
30,10,232,RAM
30,10,66,RAM
30,10,59,RAM
30,10,165,SSD
30,10,187,RAM
30,11,37,RAM
30,11,134,RAM
30,11,191,RAM
30,11,231,RAM
30,11,141,RAM
30,11,157,RAM
30,11,67,SSD
30,11,225,RAM
30,12,42,RAM
30,12,9,RAM
30,12,208,RAM
30,12,50,RAM
30,12,2,RAM
30,12,222,RAM
30,12,219,SSD
30,12,60,SSD
30,13,174,RAM
30,13,151,RAM
30,13,19,RAM
30,13,228,RAM
30,13,0,RAM
30,13,185,RAM
30,13,126,RAM
30,13,120,SSD
30,14,189,RAM
30,14,67,RAM
30,14,138,RAM
30,14,201,SSD
30,14,87,RAM
30,14,44,RAM
30,14,239,SSD
30,14,252,SSD
30,15,206,RAM
30,15,238,RAM
30,15,54,RAM
30,15,250,RAM
30,15,134,SSD
30,15,151,RAM
30,15,249,SSD
30,15,55,RAM
30,16,169,RAM
30,16,53,RAM
30,16,82,RAM
30,16,59,RAM
30,16,67,RAM
30,16,73,RAM
30,16,197,SSD
30,16,165,RAM
30,17,69,RAM
30,17,238,RAM
30,17,19,RAM
30,17,204,SSD
30,17,4,RAM
30,17,8,RAM
30,17,214,RAM
30,17,62,SSD
30,18,219,RAM
30,18,117,RAM
30,18,45,SSD
30,18,110,RAM
30,18,66,RAM
30,18,191,RAM
30,18,48,SSD
30,18,116,SSD
30,19,248,RAM
30,19,67,RAM
30,19,137,RAM
30,19,247,RAM
30,19,48,RAM
30,19,96,SSD
30,19,236,SSD
30,19,59,SSD
30,20,224,RAM
30,20,41,RAM
30,20,151,RAM
30,20,171,RAM
30,20,165,RAM
30,20,57,SSD
30,20,3,SSD
30,20,1,SSD
30,21,243,RAM
30,21,103,RAM
30,21,166,RAM
30,21,61,RAM
30,21,214,RAM
30,21,71,SSD
30,21,32,SSD
30,21,81,SSD
30,22,146,RAM
30,22,119,RAM
30,22,109,RAM
30,22,116,RAM
30,22,77,RAM
30,22,76,SSD
30,22,26,SSD
30,22,59,RAM
30,23,37,RAM
30,23,134,RAM
30,23,138,RAM
30,23,157,RAM
30,23,221,SSD
30,23,231,RAM
30,23,141,RAM
30,23,56,RAM
30,24,9,RAM
30,24,42,RAM
30,24,50,SSD
30,24,60,RAM
30,24,2,RAM
30,24,166,RAM
30,24,222,RAM
30,24,175,SSD
30,25,174,RAM
30,25,0,RAM
30,25,151,RAM
30,25,228,RAM
30,25,166,RAM
30,25,95,SSD
30,25,141,RAM
30,25,116,RAM
30,26,67,RAM
30,26,138,RAM
30,26,189,RAM
30,26,252,SSD
30,26,40,SSD
30,26,113,SSD
30,26,17,SSD
30,26,78,RAM
30,27,206,RAM
30,27,70,RAM
30,27,26,RAM
30,27,12,RAM
30,27,62,SSD
30,27,225,SSD
30,27,93,SSD
30,27,245,RAM
30,28,59,RAM
30,28,53,RAM
30,28,248,RAM
30,28,82,SSD
30,28,224,RAM
30,28,165,RAM
30,28,56,RAM
30,28,66,RAM
30,29,4,RAM
30,29,28,RAM
30,29,19,RAM
30,29,9,SSD
30,29,69,RAM
30,29,62,SSD
30,29,99,SSD
30,29,204,RAM
30,30,219,RAM
30,30,151,RAM
30,30,117,RAM
30,30,191,RAM
30,30,143,RAM
30,30,116,SSD
30,30,106,RAM
30,30,17,RAM
30,31,137,RAM
30,31,67,RAM
30,31,14,RAM
30,31,247,RAM
30,31,248,RAM
30,31,70,RAM
30,31,83,RAM
30,31,47,RAM
30,32,101,RAM
30,32,85,RAM
30,32,57,RAM
30,32,14,RAM
30,32,179,SSD
30,32,59,RAM
30,32,173,RAM
30,32,140,SSD
30,33,203,RAM
30,33,81,RAM
30,33,15,RAM
30,33,68,RAM
30,33,104,SSD
30,33,162,SSD
30,33,198,SSD
30,33,84,RAM
30,34,164,SSD
30,34,195,SSD
30,34,143,RAM
30,34,107,RAM
30,34,18,RAM
30,34,48,RAM
30,34,44,SSD
30,34,128,SSD
30,35,167,RAM
30,35,101,SSD
30,35,74,SSD
30,35,185,SSD
30,35,233,RAM
30,35,190,SSD
30,35,191,SSD
30,35,117,RAM
30,36,37,RAM
30,36,158,RAM
30,36,44,RAM
30,36,26,SSD
30,36,203,RAM
30,36,125,RAM
30,36,103,SSD
30,36,215,SSD
30,37,64,RAM
30,37,162,RAM
30,37,105,RAM
30,37,21,RAM
30,37,159,RAM
30,37,126,RAM
30,37,179,SSD
30,37,242,SSD
30,38,94,RAM
30,38,173,RAM
30,38,208,SSD
30,38,112,SSD
30,38,245,SSD
30,38,209,RAM
30,38,132,RAM
30,38,185,RAM
30,39,99,SSD
30,39,44,RAM
30,39,141,SSD
30,39,77,RAM
30,39,26,SSD
30,39,100,SSD
30,39,113,SSD
30,39,93,SSD
31,0,159,RAM
31,0,13,RAM
31,0,204,SSD
31,0,116,RAM
31,0,69,RAM
31,0,124,SSD
31,0,220,RAM
31,0,155,SSD
31,1,69,RAM
31,1,174,SSD
31,1,23,SSD
31,1,235,SSD
31,1,246,RAM
31,1,141,SSD
31,1,44,RAM
31,1,14,RAM
31,2,225,RAM
31,2,155,RAM
31,2,161,RAM
31,2,57,RAM
31,2,80,SSD
31,2,122,SSD
31,2,250,RAM
31,2,134,RAM
31,3,166,SSD
31,3,45,SSD
31,3,156,RAM
31,3,243,RAM
31,3,33,SSD
31,3,127,RAM
31,3,147,SSD
31,3,10,SSD
31,4,121,RAM
31,4,221,RAM
31,4,72,SSD
31,4,175,RAM
31,4,233,SSD
31,4,110,SSD
31,4,178,RAM
31,4,158,RAM
31,5,77,RAM
31,5,120,RAM
31,5,153,RAM
31,5,210,RAM
31,5,62,RAM
31,5,163,RAM
31,5,25,SSD
31,5,228,SSD
31,6,209,RAM
31,6,102,RAM
31,6,82,SSD
31,6,48,RAM
31,6,171,RAM
31,6,144,RAM
31,6,159,RAM
31,6,76,SSD
31,7,132,RAM
31,7,182,RAM
31,7,24,RAM
31,7,96,RAM
31,7,203,SSD
31,7,199,RAM
31,7,81,SSD
31,7,192,RAM
31,8,224,RAM
31,8,151,RAM
31,8,41,RAM
31,8,63,RAM
31,8,50,SSD
31,8,1,RAM
31,8,150,SSD
31,8,165,RAM
31,9,61,RAM
31,9,166,RAM
31,9,243,RAM
31,9,103,RAM
31,9,212,RAM
31,9,58,SSD
31,9,44,SSD
31,9,81,RAM
31,10,146,RAM
31,10,119,RAM
31,10,116,RAM
31,10,77,SSD
31,10,66,RAM
31,10,127,SSD
31,10,8,RAM
31,10,5,RAM
31,11,157,RAM
31,11,231,RAM
31,11,37,RAM
31,11,141,RAM
31,11,220,SSD
31,11,134,RAM
31,11,59,SSD
31,11,132,SSD
31,12,9,RAM
31,12,208,RAM
31,12,222,RAM
31,12,42,RAM
31,12,60,RAM
31,12,2,RAM
31,12,50,RAM
31,12,192,RAM
31,13,174,RAM
31,13,126,RAM
31,13,151,RAM
31,13,141,RAM
31,13,19,RAM
31,13,185,RAM
31,13,219,RAM
31,13,212,SSD
31,14,138,RAM
31,14,189,RAM
31,14,87,RAM
31,14,67,RAM
31,14,123,SSD
31,14,96,RAM
31,14,31,SSD
31,14,107,RAM
31,15,206,RAM
31,15,238,RAM
31,15,26,RAM
31,15,245,RAM
31,15,70,SSD
31,15,27,RAM
31,15,3,RAM
31,15,62,SSD
31,16,248,RAM
31,16,53,RAM
31,16,224,RAM
31,16,59,RAM
31,16,82,RAM
31,16,193,SSD
31,16,169,RAM
31,16,67,RAM
31,17,220,RAM
31,17,21,SSD
31,17,238,RAM
31,17,69,RAM
31,17,8,RAM
31,17,101,RAM
31,17,214,RAM
31,17,4,RAM
31,18,191,RAM
31,18,219,RAM
31,18,117,RAM
31,18,106,RAM
31,18,110,RAM
31,18,151,SSD
31,18,17,RAM
31,18,40,SSD
31,19,14,RAM
31,19,67,RAM
31,19,137,RAM
31,19,248,RAM
31,19,247,RAM
31,19,124,RAM
31,19,114,SSD
31,19,70,RAM
31,20,224,RAM
31,20,41,RAM
31,20,151,RAM
31,20,238,SSD
31,20,172,SSD
31,20,145,SSD
31,20,171,RAM
31,20,3,RAM
31,21,243,RAM
31,21,61,RAM
31,21,103,RAM
31,21,166,RAM
31,21,42,SSD
31,21,212,RAM
31,21,32,RAM
31,21,251,SSD
31,22,119,RAM
31,22,146,RAM
31,22,77,RAM
31,22,116,RAM
31,22,216,SSD
31,22,5,RAM
31,22,59,RAM
31,22,137,SSD
31,23,37,RAM
31,23,201,RAM
31,23,157,RAM
31,23,231,RAM
31,23,220,SSD
31,23,59,SSD
31,23,250,RAM
31,23,141,RAM
31,24,128,RAM
31,24,222,RAM
31,24,11,SSD
31,24,9,RAM
31,24,3,RAM
31,24,2,RAM
31,24,210,RAM
31,24,42,RAM
31,25,174,RAM
31,25,0,RAM
31,25,19,SSD
31,25,116,RAM
31,25,28,RAM
31,25,101,SSD
31,25,124,RAM
31,25,97,SSD
31,26,138,RAM
31,26,168,RAM
31,26,67,RAM
31,26,247,RAM
31,26,27,RAM
31,26,96,RAM
31,26,175,SSD
31,26,107,RAM
31,27,245,RAM
31,27,26,RAM
31,27,206,RAM
31,27,3,SSD
31,27,80,RAM
31,27,67,RAM
31,27,13,SSD
31,27,44,RAM
31,28,224,RAM
31,28,193,SSD
31,28,248,RAM
31,28,82,RAM
31,28,196,SSD
31,28,121,RAM
31,28,59,RAM
31,28,33,RAM
31,29,88,SSD
31,29,62,RAM
31,29,61,SSD
31,29,21,RAM
31,29,166,RAM
31,29,202,RAM
31,29,69,RAM
31,29,220,RAM
31,30,162,SSD
31,30,106,RAM
31,30,117,RAM
31,30,232,SSD
31,30,50,SSD
31,30,165,RAM
31,30,17,RAM
31,30,191,RAM
31,31,137,RAM
31,31,252,RAM
31,31,146,SSD
31,31,33,RAM
31,31,14,RAM
31,31,108,RAM
31,31,190,RAM
31,31,197,RAM
31,32,179,RAM
31,32,125,SSD
31,32,254,RAM
31,32,156,RAM
31,32,86,RAM
31,32,57,RAM
31,32,162,SSD
31,32,59,RAM
31,33,203,RAM
31,33,81,RAM
31,33,104,RAM
31,33,162,RAM
31,33,143,RAM
31,33,56,SSD
31,33,139,SSD
31,33,36,RAM
31,34,44,RAM
31,34,195,RAM
31,34,107,RAM
31,34,238,SSD
31,34,128,RAM
31,34,48,RAM
31,34,46,RAM
31,34,240,RAM
31,35,167,RAM
31,35,148,SSD
31,35,190,RAM
31,35,74,RAM
31,35,2,RAM
31,35,61,RAM
31,35,89,RAM
31,35,12,RAM
31,36,115,SSD
31,36,158,RAM
31,36,248,RAM
31,36,227,SSD
31,36,98,RAM
31,36,142,SSD
31,36,39,SSD
31,36,203,RAM
31,37,64,RAM
31,37,78,SSD
31,37,60,RAM
31,37,27,SSD
31,37,105,RAM
31,37,43,RAM
31,37,21,RAM
31,37,135,RAM
31,38,94,RAM
31,38,119,SSD
31,38,169,SSD
31,38,215,SSD
31,38,127,RAM
31,38,84,RAM
31,38,251,SSD
31,38,31,SSD
31,39,158,SSD
31,39,231,SSD
31,39,117,SSD
31,39,141,RAM
31,39,179,SSD
31,39,44,RAM
31,39,122,SSD
31,39,165,RAM
32,0,51,SSD
32,0,49,SSD
32,0,153,SSD
32,0,22,SSD
32,0,247,RAM
32,0,11,SSD
32,0,85,SSD
32,0,227,SSD
32,1,169,SSD
32,1,223,SSD
32,1,246,RAM
32,1,155,SSD
32,1,5,SSD
32,1,123,RAM
32,1,174,RAM
32,1,177,SSD
32,2,16,SSD
32,2,38,SSD
32,2,162,SSD
32,2,252,SSD
32,2,128,SSD
32,2,169,SSD
32,2,208,RAM
32,2,130,SSD
32,3,98,SSD
32,3,27,SSD
32,3,97,SSD
32,3,238,SSD
32,3,160,SSD
32,3,153,SSD
32,3,135,SSD
32,3,146,SSD
32,4,14,SSD
32,4,167,SSD
32,4,65,SSD
32,4,240,SSD
32,4,201,SSD
32,4,181,SSD
32,4,170,SSD
32,4,72,RAM
32,5,67,SSD
32,5,235,SSD
32,5,253,RAM
32,5,120,RAM
32,5,161,SSD
32,5,191,SSD
32,5,19,RAM
32,5,153,RAM
32,6,48,RAM
32,6,123,RAM
32,6,55,RAM
32,6,167,RAM
32,6,100,RAM
32,6,209,RAM
32,6,196,RAM
32,6,215,SSD
32,7,44,SSD
32,7,219,RAM
32,7,199,RAM
32,7,23,RAM
32,7,192,RAM
32,7,214,SSD
32,7,32,RAM
32,7,234,SSD
32,8,33,SSD
32,8,164,RAM
32,8,57,RAM
32,8,56,RAM
32,8,80,RAM
32,8,224,RAM
32,8,212,RAM
32,8,151,RAM
32,9,132,SSD
32,9,61,RAM
32,9,212,RAM
32,9,0,RAM
32,9,98,SSD
32,9,94,RAM
32,9,108,SSD
32,9,33,SSD
32,10,248,SSD
32,10,5,RAM
32,10,216,SSD
32,10,171,RAM
32,10,127,RAM
32,10,63,RAM
32,10,61,SSD
32,10,8,RAM
32,11,36,SSD
32,11,20,SSD
32,11,250,RAM
32,11,101,RAM
32,11,107,RAM
32,11,174,RAM
32,11,231,RAM
32,11,56,RAM
32,12,222,RAM
32,12,160,RAM
32,12,3,RAM
32,12,128,RAM
32,12,192,RAM
32,12,78,SSD
32,12,132,RAM
32,12,71,SSD
32,13,33,SSD
32,13,29,RAM
32,13,174,RAM
32,13,124,RAM
32,13,74,RAM
32,13,142,SSD
32,13,28,RAM
32,13,219,RAM
32,14,138,RAM
32,14,147,SSD
32,14,189,RAM
32,14,96,RAM
32,14,67,RAM
32,14,235,RAM
32,14,11,RAM
32,14,113,SSD
32,15,166,SSD
32,15,26,RAM
32,15,206,RAM
32,15,44,RAM
32,15,238,RAM
32,15,245,RAM
32,15,183,SSD
32,15,80,SSD
32,16,156,SSD
32,16,224,RAM
32,16,67,RAM
32,16,73,RAM
32,16,248,RAM
32,16,169,RAM
32,16,54,RAM
32,16,26,SSD
32,17,110,SSD
32,17,238,RAM
32,17,220,RAM
32,17,229,RAM
32,17,69,RAM
32,17,202,RAM
32,17,102,SSD
32,17,89,RAM
32,18,112,SSD
32,18,128,SSD
32,18,117,RAM
32,18,191,RAM
32,18,106,RAM
32,18,17,RAM
32,18,212,SSD
32,18,98,SSD
32,19,14,RAM
32,19,137,RAM
32,19,120,SSD
32,19,33,RAM
32,19,12,SSD
32,19,248,RAM
32,19,124,RAM
32,19,70,RAM
32,20,224,RAM
32,20,41,RAM
32,20,33,SSD
32,20,151,RAM
32,20,117,SSD
32,20,57,RAM
32,20,102,SSD
32,20,206,SSD
32,21,132,SSD
32,21,243,RAM
32,21,61,RAM
32,21,166,RAM
32,21,103,RAM
32,21,66,SSD
32,21,251,RAM
32,21,207,RAM
32,22,248,SSD
32,22,119,RAM
32,22,116,RAM
32,22,59,RAM
32,22,5,RAM
32,22,66,RAM
32,22,26,RAM
32,22,205,RAM
32,23,36,SSD
32,23,20,RAM
32,23,141,RAM
32,23,250,RAM
32,23,101,RAM
32,23,134,RAM
32,23,56,RAM
32,23,138,RAM
32,24,222,RAM
32,24,9,RAM
32,24,2,RAM
32,24,125,RAM
32,24,43,SSD
32,24,251,SSD
32,24,42,RAM
32,24,111,SSD
32,25,174,RAM
32,25,33,SSD
32,25,142,SSD
32,25,116,RAM
32,25,28,RAM
32,25,110,RAM
32,25,151,RAM
32,25,219,RAM
32,26,138,RAM
32,26,147,SSD
32,26,67,RAM
32,26,189,RAM
32,26,96,RAM
32,26,247,RAM
32,26,146,RAM
32,26,27,RAM
32,27,206,RAM
32,27,26,RAM
32,27,37,SSD
32,27,245,RAM
32,27,80,RAM
32,27,44,RAM
32,27,121,RAM
32,27,3,RAM
32,28,248,RAM
32,28,156,SSD
32,28,224,RAM
32,28,121,RAM
32,28,67,RAM
32,28,188,RAM
32,28,231,RAM
32,28,33,RAM
32,29,110,SSD
32,29,229,RAM
32,29,28,RAM
32,29,202,RAM
32,29,50,SSD
32,29,89,RAM
32,29,69,RAM
32,29,191,SSD
32,30,112,SSD
32,30,106,RAM
32,30,117,RAM
32,30,128,SSD
32,30,165,RAM
32,30,11,SSD
32,30,191,RAM
32,30,190,RAM
32,31,137,RAM
32,31,120,SSD
32,31,14,RAM
32,31,108,RAM
32,31,190,RAM
32,31,33,RAM
32,31,12,SSD
32,31,146,RAM
32,32,238,SSD
32,32,113,SSD
32,32,158,SSD
32,32,50,RAM
32,32,77,RAM
32,32,59,RAM
32,32,21,RAM
32,32,156,RAM
32,33,73,SSD
32,33,81,RAM
32,33,41,SSD
32,33,232,SSD
32,33,40,RAM
32,33,107,RAM
32,33,143,RAM
32,33,28,SSD
32,34,161,SSD
32,34,97,SSD
32,34,107,RAM
32,34,34,SSD
32,34,64,RAM
32,34,220,RAM
32,34,67,RAM
32,34,87,SSD
32,35,167,RAM
32,35,2,RAM
32,35,85,RAM
32,35,94,RAM
32,35,202,RAM
32,35,61,RAM
32,35,12,RAM
32,35,76,RAM
32,36,158,RAM
32,36,181,SSD
32,36,246,RAM
32,36,248,RAM
32,36,67,RAM
32,36,8,RAM
32,36,203,RAM
32,36,195,RAM
32,37,64,RAM
32,37,60,RAM
32,37,43,RAM
32,37,105,RAM
32,37,161,RAM
32,37,21,RAM
32,37,135,RAM
32,37,84,RAM
32,38,201,RAM
32,38,94,RAM
32,38,163,RAM
32,38,84,RAM
32,38,234,RAM
32,38,30,RAM
32,38,127,RAM
32,38,86,RAM
32,39,92,RAM
32,39,215,RAM
32,39,138,RAM
32,39,16,RAM
32,39,1,RAM
32,39,145,RAM
32,39,183,RAM
32,39,250,RAM
33,0,40,SSD
33,0,250,SSD
33,0,121,SSD
33,0,185,SSD
33,0,172,SSD
33,0,117,SSD
33,0,63,SSD
33,0,157,SSD
33,1,98,SSD
33,1,189,SSD
33,1,223,RAM
33,1,197,SSD
33,1,165,SSD
33,1,154,SSD
33,1,5,RAM
33,1,153,RAM
33,2,16,RAM
33,2,76,SSD
33,2,252,RAM
33,2,10,SSD
33,2,108,SSD
33,2,139,RAM
33,2,107,RAM
33,2,80,RAM
33,3,202,RAM
33,3,207,RAM
33,3,177,RAM
33,3,218,RAM
33,3,159,SSD
33,3,156,RAM
33,3,154,RAM
33,3,166,RAM
33,4,180,SSD
33,4,121,RAM
33,4,216,RAM
33,4,55,SSD
33,4,155,SSD
33,4,207,SSD
33,4,133,SSD
33,4,70,RAM
33,5,14,SSD
33,5,67,RAM
33,5,62,RAM
33,5,115,RAM
33,5,120,RAM
33,5,93,RAM
33,5,19,RAM
33,5,253,RAM
33,6,19,SSD
33,6,48,RAM
33,6,114,SSD
33,6,2,SSD
33,6,123,RAM
33,6,178,RAM
33,6,3,SSD
33,6,209,RAM
33,7,66,SSD
33,7,219,RAM
33,7,132,RAM
33,7,228,SSD
33,7,182,RAM
33,7,44,RAM
33,7,192,RAM
33,7,19,SSD
33,8,224,RAM
33,8,68,RAM
33,8,164,RAM
33,8,151,RAM
33,8,41,RAM
33,8,80,RAM
33,8,132,SSD
33,8,238,SSD
33,9,240,SSD
33,9,61,RAM
33,9,5,RAM
33,9,212,RAM
33,9,166,RAM
33,9,243,RAM
33,9,58,RAM
33,9,42,RAM
33,10,59,RAM
33,10,171,RAM
33,10,253,SSD
33,10,220,SSD
33,10,5,RAM
33,10,63,RAM
33,10,163,SSD
33,10,246,RAM
33,11,238,SSD
33,11,49,SSD
33,11,136,SSD
33,11,186,RAM
33,11,231,RAM
33,11,101,RAM
33,11,103,RAM
33,11,250,RAM
33,12,222,RAM
33,12,115,SSD
33,12,9,RAM
33,12,128,RAM
33,12,203,SSD
33,12,3,RAM
33,12,206,SSD
33,12,71,RAM
33,13,111,SSD
33,13,174,RAM
33,13,142,RAM
33,13,28,RAM
33,13,151,RAM
33,13,219,RAM
33,13,110,SSD
33,13,74,RAM
33,14,138,RAM
33,14,171,SSD
33,14,189,RAM
33,14,146,RAM
33,14,6,SSD
33,14,67,RAM
33,14,11,RAM
33,14,96,RAM
33,15,206,RAM
33,15,37,SSD
33,15,238,RAM
33,15,26,RAM
33,15,55,RAM
33,15,100,SSD
33,15,121,SSD
33,15,80,RAM
33,16,224,RAM
33,16,193,RAM
33,16,26,RAM
33,16,73,RAM
33,16,67,RAM
33,16,78,SSD
33,16,138,RAM
33,16,95,SSD
33,17,229,RAM
33,17,238,RAM
33,17,157,SSD
33,17,78,RAM
33,17,202,RAM
33,17,8,RAM
33,17,124,SSD
33,17,69,RAM
33,18,117,RAM
33,18,191,RAM
33,18,112,RAM
33,18,106,RAM
33,18,17,RAM
33,18,240,SSD
33,18,237,RAM
33,18,32,SSD
33,19,137,RAM
33,19,14,RAM
33,19,241,SSD
33,19,249,SSD
33,19,70,RAM
33,19,124,RAM
33,19,33,RAM
33,19,248,RAM
33,20,224,RAM
33,20,41,RAM
33,20,151,RAM
33,20,68,RAM
33,20,117,RAM
33,20,145,RAM
33,20,1,RAM
33,20,29,SSD
33,21,243,RAM
33,21,240,SSD
33,21,166,RAM
33,21,61,RAM
33,21,42,RAM
33,21,251,RAM
33,21,212,RAM
33,21,131,SSD
33,22,119,RAM
33,22,220,SSD
33,22,216,RAM
33,22,253,SSD
33,22,59,RAM
33,22,116,RAM
33,22,17,SSD
33,22,26,RAM
33,23,136,SSD
33,23,250,RAM
33,23,201,RAM
33,23,116,SSD
33,23,156,SSD
33,23,49,SSD
33,23,238,SSD
33,23,158,SSD
33,24,128,RAM
33,24,115,SSD
33,24,222,RAM
33,24,9,RAM
33,24,3,RAM
33,24,242,SSD
33,24,71,SSD
33,24,189,SSD
33,25,28,RAM
33,25,97,RAM
33,25,174,RAM
33,25,116,RAM
33,25,19,RAM
33,25,41,SSD
33,25,219,RAM
33,25,124,RAM
33,26,138,RAM
33,26,171,SSD
33,26,203,SSD
33,26,168,RAM
33,26,67,RAM
33,26,146,RAM
33,26,52,SSD
33,26,96,RAM
33,27,26,RAM
33,27,206,RAM
33,27,245,RAM
33,27,44,RAM
33,27,13,RAM
33,27,3,RAM
33,27,177,SSD
33,27,37,RAM
33,28,193,RAM
33,28,224,RAM
33,28,196,RAM
33,28,121,RAM
33,28,78,SSD
33,28,82,RAM
33,28,248,RAM
33,28,188,RAM
33,29,88,RAM
33,29,166,RAM
33,29,61,RAM
33,29,119,SSD
33,29,62,RAM
33,29,21,RAM
33,29,157,SSD
33,29,49,SSD
33,30,162,RAM
33,30,117,RAM
33,30,50,RAM
33,30,232,RAM
33,30,204,SSD
33,30,17,RAM
33,30,106,RAM
33,30,250,SSD
33,31,252,RAM
33,31,137,RAM
33,31,249,SSD
33,31,241,SSD
33,31,28,SSD
33,31,70,RAM
33,31,108,RAM
33,31,4,SSD
33,32,125,RAM
33,32,157,SSD
33,32,179,RAM
33,32,116,SSD
33,32,254,RAM
33,32,156,RAM
33,32,77,RAM
33,32,86,RAM
33,33,182,SSD
33,33,132,SSD
33,33,104,RAM
33,33,143,RAM
33,33,36,RAM
33,33,117,SSD
33,33,161,RAM
33,33,81,RAM
33,34,205,SSD
33,34,44,RAM
33,34,238,RAM
33,34,177,SSD
33,34,96,SSD
33,34,20,SSD
33,34,21,RAM
33,34,240,RAM
33,35,148,RAM
33,35,190,RAM
33,35,74,RAM
33,35,167,RAM
33,35,61,RAM
33,35,21,SSD
33,35,145,SSD
33,35,160,SSD
33,36,115,RAM
33,36,227,RAM
33,36,248,RAM
33,36,98,RAM
33,36,19,SSD
33,36,158,RAM
33,36,39,RAM
33,36,234,RAM
33,37,27,RAM
33,37,78,RAM
33,37,16,SSD
33,37,169,SSD
33,37,111,SSD
33,37,232,SSD
33,37,101,SSD
33,37,86,SSD
33,38,169,RAM
33,38,119,RAM
33,38,215,RAM
33,38,61,SSD
33,38,96,SSD
33,38,252,SSD
33,38,31,RAM
33,38,158,SSD
33,39,231,RAM
33,39,158,RAM
33,39,117,RAM
33,39,179,RAM
33,39,100,RAM
33,39,128,SSD
33,39,223,SSD
33,39,165,RAM
34,0,123,SSD
34,0,196,SSD
34,0,229,SSD
34,0,249,SSD
34,0,105,SSD
34,0,216,SSD
34,0,7,SSD
34,0,160,SSD
34,1,225,SSD
34,1,231,SSD
34,1,27,SSD
34,1,150,SSD
34,1,155,RAM
34,1,244,SSD
34,1,93,SSD
34,1,11,SSD
34,2,103,SSD
34,2,4,SSD
34,2,17,RAM
34,2,210,SSD
34,2,227,SSD
34,2,100,SSD
34,2,145,SSD
34,2,163,SSD
34,3,133,SSD
34,3,187,SSD
34,3,31,SSD
34,3,152,SSD
34,3,235,SSD
34,3,37,SSD
34,3,84,SSD
34,3,39,SSD
34,4,54,SSD
34,4,142,SSD
34,4,154,SSD
34,4,13,SSD
34,4,236,SSD
34,4,102,SSD
34,4,222,SSD
34,4,167,RAM
34,5,104,SSD
34,5,253,RAM
34,5,161,RAM
34,5,193,SSD
34,5,90,SSD
34,5,186,SSD
34,5,6,SSD
34,5,158,SSD
34,6,167,RAM
34,6,153,SSD
34,6,61,RAM
34,6,196,RAM
34,6,100,RAM
34,6,123,RAM
34,6,56,RAM
34,6,178,RAM
34,7,199,RAM
34,7,29,SSD
34,7,23,RAM
34,7,79,SSD
34,7,219,RAM
34,7,185,SSD
34,7,192,RAM
34,7,74,RAM
34,8,224,RAM
34,8,56,RAM
34,8,234,SSD
34,8,164,RAM
34,8,116,SSD
34,8,180,SSD
34,8,151,RAM
34,8,137,SSD
34,9,29,SSD
34,9,94,RAM
34,9,164,SSD
34,9,197,SSD
34,9,13,SSD
34,9,9,SSD
34,9,98,RAM
34,9,203,SSD
34,10,169,SSD
34,10,171,RAM
34,10,216,RAM
34,10,130,SSD
34,10,63,RAM
34,10,198,SSD
34,10,185,SSD
34,10,196,SSD
34,11,189,SSD
34,11,107,RAM
34,11,128,SSD
34,11,248,SSD
34,11,250,RAM
34,11,108,SSD
34,11,111,SSD
34,11,206,SSD
34,12,128,RAM
34,12,26,SSD
34,12,74,SSD
34,12,63,SSD
34,12,3,RAM
34,12,1,SSD
34,12,222,RAM
34,12,15,SSD
34,13,147,SSD
34,13,134,SSD
34,13,43,SSD
34,13,154,SSD
34,13,74,RAM
34,13,28,RAM
34,13,32,SSD
34,13,124,RAM
34,14,137,SSD
34,14,51,SSD
34,14,124,SSD
34,14,88,SSD
34,14,52,SSD
34,14,167,SSD
34,14,235,RAM
34,14,189,RAM
34,15,162,SSD
34,15,181,SSD
34,15,165,SSD
34,15,200,SSD
34,15,148,SSD
34,15,81,SSD
34,15,58,SSD
34,15,87,SSD
34,16,5,SSD
34,16,133,SSD
34,16,80,SSD
34,16,196,SSD
34,16,150,SSD
34,16,43,SSD
34,16,205,SSD
34,16,51,SSD
34,17,87,SSD
34,17,250,SSD
34,17,76,SSD
34,17,0,SSD
34,17,61,SSD
34,17,172,SSD
34,17,166,SSD
34,17,89,RAM
34,18,179,SSD
34,18,187,SSD
34,18,205,SSD
34,18,134,SSD
34,18,50,SSD
34,18,161,SSD
34,18,43,SSD
34,18,13,SSD
34,19,4,SSD
34,19,20,SSD
34,19,109,SSD
34,19,205,SSD
34,19,130,SSD
34,19,252,SSD
34,19,26,SSD
34,19,197,SSD
34,20,23,SSD
34,20,234,SSD
34,20,115,SSD
34,20,56,SSD
34,20,4,SSD
34,20,137,SSD
34,20,212,SSD
34,20,220,SSD
34,21,29,SSD
34,21,197,SSD
34,21,164,SSD
34,21,94,SSD
34,21,35,SSD
34,21,207,RAM
34,21,13,SSD
34,21,161,SSD
34,22,169,SSD
34,22,196,SSD
34,22,198,SSD
34,22,130,SSD
34,22,63,SSD
34,22,234,SSD
34,22,65,SSD
34,22,150,SSD
34,23,189,SSD
34,23,128,SSD
34,23,107,SSD
34,23,111,SSD
34,23,206,SSD
34,23,42,SSD
34,23,12,SSD
34,23,62,SSD
34,24,74,SSD
34,24,63,SSD
34,24,26,SSD
34,24,15,SSD
34,24,128,RAM
34,24,160,SSD
34,24,3,RAM
34,24,1,SSD
34,25,134,SSD
34,25,147,SSD
34,25,43,SSD
34,25,154,SSD
34,25,182,SSD
34,25,28,RAM
34,25,219,RAM
34,25,93,SSD
34,26,52,RAM
34,26,51,SSD
34,26,137,SSD
34,26,124,SSD
34,26,148,SSD
34,26,167,SSD
34,26,138,RAM
34,26,231,SSD
34,27,162,SSD
34,27,181,SSD
34,27,58,SSD
34,27,81,SSD
34,27,200,SSD
34,27,165,SSD
34,27,100,SSD
34,27,206,RAM
34,28,170,SSD
34,28,80,SSD
34,28,5,SSD
34,28,133,SSD
34,28,196,RAM
34,28,0,SSD
34,28,150,SSD
34,28,95,SSD
34,29,87,SSD
34,29,172,SSD
34,29,250,SSD
34,29,76,SSD
34,29,166,RAM
34,29,60,SSD
34,29,89,RAM
34,29,229,RAM
34,30,179,SSD
34,30,187,SSD
34,30,205,SSD
34,30,13,SSD
34,30,17,RAM
34,30,16,SSD
34,30,192,SSD
34,30,106,RAM
34,31,130,SSD
34,31,205,SSD
34,31,109,SSD
34,31,4,RAM
34,31,39,SSD
34,31,252,RAM
34,31,20,SSD
34,31,30,SSD
34,32,98,SSD
34,32,186,SSD
34,32,99,SSD
34,32,77,RAM
34,32,192,SSD
34,32,254,RAM
34,32,178,SSD
34,32,185,SSD
34,33,238,SSD
34,33,183,SSD
34,33,73,RAM
34,33,126,SSD
34,33,86,SSD
34,33,232,RAM
34,33,81,RAM
34,33,129,SSD
34,34,84,SSD
34,34,96,RAM
34,34,207,SSD
34,34,101,SSD
34,34,180,SSD
34,34,21,RAM
34,34,252,SSD
34,34,173,SSD
34,35,160,RAM
34,35,57,SSD
34,35,145,RAM
34,35,167,RAM
34,35,22,SSD
34,35,153,SSD
34,35,84,SSD
34,35,202,RAM
34,36,98,RAM
34,36,181,RAM
34,36,70,SSD
34,36,120,SSD
34,36,158,RAM
34,36,248,RAM
34,36,14,SSD
34,36,74,SSD
34,37,182,SSD
34,37,31,SSD
34,37,190,SSD
34,37,58,SSD
34,37,64,RAM
34,37,111,RAM
34,37,143,SSD
34,37,93,SSD
34,38,148,SSD
34,38,71,SSD
34,38,92,SSD
34,38,95,SSD
34,38,209,RAM
34,38,94,RAM
34,38,252,RAM
34,38,182,SSD
34,39,2,SSD
34,39,69,SSD
34,39,217,SSD
34,39,189,SSD
34,39,38,SSD
34,39,213,SSD
34,39,78,SSD
34,39,70,SSD
35,0,66,SSD
35,0,218,SSD
35,0,212,SSD
35,0,106,SSD
35,0,32,SSD
35,0,157,RAM
35,0,110,SSD
35,0,33,SSD
35,1,211,SSD
35,1,242,SSD
35,1,128,SSD
35,1,112,SSD
35,1,73,SSD
35,1,86,SSD
35,1,19,SSD
35,1,249,SSD
35,2,217,SSD
35,2,121,SSD
35,2,10,RAM
35,2,255,SSD
35,2,60,SSD
35,2,80,RAM
35,2,219,SSD
35,2,133,SSD
35,3,202,RAM
35,3,219,SSD
35,3,92,SSD
35,3,119,SSD
35,3,214,SSD
35,3,25,SSD
35,3,117,SSD
35,3,177,RAM
35,4,154,RAM
35,4,118,SSD
35,4,54,RAM
35,4,25,SSD
35,4,160,SSD
35,4,88,SSD
35,4,74,SSD
35,4,242,SSD
35,5,158,RAM
35,5,147,SSD
35,5,178,SSD
35,5,14,RAM
35,5,161,RAM
35,5,44,SSD
35,5,31,SSD
35,5,100,SSD
35,6,79,SSD
35,6,143,SSD
35,6,183,SSD
35,6,138,SSD
35,6,208,SSD
35,6,196,RAM
35,6,122,SSD
35,6,28,SSD
35,7,23,RAM
35,7,101,SSD
35,7,35,SSD
35,7,76,SSD
35,7,78,SSD
35,7,229,SSD
35,7,221,SSD
35,7,191,SSD
35,8,56,RAM
35,8,180,RAM
35,8,234,RAM
35,8,164,RAM
35,8,116,RAM
35,8,104,SSD
35,8,224,RAM
35,8,4,SSD
35,9,197,RAM
35,9,156,SSD
35,9,255,SSD
35,9,217,SSD
35,9,151,SSD
35,9,8,SSD
35,9,98,RAM
35,9,9,RAM
35,10,234,SSD
35,10,171,RAM
35,10,196,RAM
35,10,62,SSD
35,10,161,SSD
35,10,185,RAM
35,10,72,SSD
35,10,91,SSD
35,11,27,SSD
35,11,107,RAM
35,11,111,RAM
35,11,181,SSD
35,11,195,SSD
35,11,128,RAM
35,11,160,SSD
35,11,239,SSD
35,12,191,SSD
35,12,128,RAM
35,12,15,RAM
35,12,220,SSD
35,12,1,RAM
35,12,81,SSD
35,12,189,SSD
35,12,235,SSD
35,13,134,RAM
35,13,154,RAM
35,13,138,SSD
35,13,202,SSD
35,13,32,RAM
35,13,182,SSD
35,13,93,SSD
35,13,66,SSD
35,14,137,RAM
35,14,51,RAM
35,14,52,RAM
35,14,167,RAM
35,14,106,SSD
35,14,88,RAM
35,14,159,SSD
35,14,231,SSD
35,15,162,RAM
35,15,58,RAM
35,15,181,RAM
35,15,165,RAM
35,15,148,RAM
35,15,87,RAM
35,15,4,SSD
35,15,242,SSD
35,16,80,RAM
35,16,205,RAM
35,16,28,SSD
35,16,170,SSD
35,16,231,SSD
35,16,51,RAM
35,16,35,SSD
35,16,60,SSD
35,17,87,RAM
35,17,15,SSD
35,17,0,RAM
35,17,20,SSD
35,17,248,SSD
35,17,89,RAM
35,17,166,RAM
35,17,242,SSD
35,18,226,SSD
35,18,204,SSD
35,18,192,SSD
35,18,43,RAM
35,18,134,RAM
35,18,161,RAM
35,18,13,RAM
35,18,159,SSD
35,19,225,SSD
35,19,109,RAM
35,19,4,RAM
35,19,20,RAM
35,19,195,SSD
35,19,30,SSD
35,19,39,SSD
35,19,26,RAM
35,20,23,RAM
35,20,137,RAM
35,20,115,RAM
35,20,4,RAM
35,20,104,SSD
35,20,116,SSD
35,20,56,RAM
35,20,191,SSD
35,21,197,RAM
35,21,156,SSD
35,21,255,SSD
35,21,151,SSD
35,21,148,SSD
35,21,239,SSD
35,21,35,RAM
35,21,161,RAM
35,22,196,RAM
35,22,234,RAM
35,22,46,SSD
35,22,65,RAM
35,22,185,SSD
35,22,63,RAM
35,22,171,SSD
35,22,247,SSD
35,23,27,SSD
35,23,111,RAM
35,23,107,RAM
35,23,195,SSD
35,23,128,RAM
35,23,3,SSD
35,23,206,RAM
35,23,239,SSD
35,24,191,SSD
35,24,145,SSD
35,24,39,SSD
35,24,15,RAM
35,24,235,SSD
35,24,208,SSD
35,24,220,SSD
35,24,167,SSD
35,25,134,RAM
35,25,154,RAM
35,25,66,SSD
35,25,93,RAM
35,25,32,SSD
35,25,78,SSD
35,25,113,SSD
35,25,182,RAM
35,26,51,RAM
35,26,137,RAM
35,26,52,RAM
35,26,167,RAM
35,26,106,SSD
35,26,159,SSD
35,26,231,RAM
35,26,88,SSD
35,27,58,RAM
35,27,162,RAM
35,27,181,RAM
35,27,165,RAM
35,27,242,SSD
35,27,177,RAM
35,27,203,SSD
35,27,233,SSD
35,28,170,RAM
35,28,80,RAM
35,28,205,SSD
35,28,0,RAM
35,28,252,SSD
35,28,46,SSD
35,28,152,SSD
35,28,51,SSD
35,29,104,SSD
35,29,166,RAM
35,29,20,SSD
35,29,35,SSD
35,29,242,SSD
35,29,238,SSD
35,29,89,RAM
35,29,15,SSD
35,30,13,RAM
35,30,192,RAM
35,30,159,SSD
35,30,177,SSD
35,30,134,SSD
35,30,204,RAM
35,30,135,SSD
35,30,251,SSD
35,31,225,SSD
35,31,228,SSD
35,31,30,RAM
35,31,39,RAM
35,31,75,SSD
35,31,226,SSD
35,31,51,SSD
35,31,41,SSD
35,32,192,RAM
35,32,178,RAM
35,32,185,RAM
35,32,157,RAM
35,32,201,SSD
35,32,21,RAM
35,32,116,RAM
35,32,221,SSD
35,33,16,SSD
35,33,182,RAM
35,33,49,SSD
35,33,40,RAM
35,33,72,SSD
35,33,6,SSD
35,33,253,SSD
35,33,127,SSD
35,34,9,SSD
35,34,21,RAM
35,34,45,SSD
35,34,205,RAM
35,34,63,SSD
35,34,101,RAM
35,34,175,SSD
35,34,86,SSD
35,35,40,SSD
35,35,22,RAM
35,35,61,RAM
35,35,135,SSD
35,35,84,RAM
35,35,183,SSD
35,35,212,SSD
35,35,97,SSD
35,36,45,SSD
35,36,98,RAM
35,36,67,RAM
35,36,117,SSD
35,36,68,SSD
35,36,14,RAM
35,36,148,SSD
35,36,119,SSD
35,37,56,SSD
35,37,145,SSD
35,37,209,SSD
35,37,219,SSD
35,37,240,SSD
35,37,43,RAM
35,37,153,SSD
35,37,88,SSD
35,38,195,SSD
35,38,163,RAM
35,38,209,RAM
35,38,120,SSD
35,38,241,SSD
35,38,47,SSD
35,38,166,SSD
35,38,35,SSD
35,39,235,SSD
35,39,138,RAM
35,39,27,SSD
35,39,106,SSD
35,39,215,RAM
35,39,190,SSD
35,39,127,SSD
35,39,6,SSD
36,0,14,SSD
36,0,210,SSD
36,0,228,SSD
36,0,93,SSD
36,0,57,SSD
36,0,88,SSD
36,0,84,SSD
36,0,102,SSD
36,1,195,SSD
36,1,251,SSD
36,1,182,SSD
36,1,29,SSD
36,1,3,SSD
36,1,211,RAM
36,1,63,SSD
36,1,143,SSD
36,2,217,RAM
36,2,121,RAM
36,2,80,RAM
36,2,60,RAM
36,2,64,SSD
36,2,10,RAM
36,2,133,RAM
36,2,94,SSD
36,3,202,RAM
36,3,177,RAM
36,3,199,SSD
36,3,116,SSD
36,3,70,SSD
36,3,214,RAM
36,3,19,SSD
36,3,171,SSD
36,4,154,RAM
36,4,74,RAM
36,4,54,RAM
36,4,118,RAM
36,4,79,SSD
36,4,160,RAM
36,4,98,SSD
36,4,25,RAM
36,5,158,RAM
36,5,147,RAM
36,5,178,RAM
36,5,11,SSD
36,5,44,RAM
36,5,169,SSD
36,5,31,RAM
36,5,69,SSD
36,6,183,RAM
36,6,79,RAM
36,6,196,RAM
36,6,138,RAM
36,6,143,RAM
36,6,208,RAM
36,6,42,SSD
36,6,166,SSD
36,7,65,SSD
36,7,76,RAM
36,7,78,RAM
36,7,23,RAM
36,7,35,RAM
36,7,101,RAM
36,7,229,RAM
36,7,32,RAM
36,8,56,RAM
36,8,180,RAM
36,8,116,RAM
36,8,137,RAM
36,8,164,RAM
36,8,4,RAM
36,8,173,SSD
36,8,61,SSD
36,9,151,RAM
36,9,197,RAM
36,9,156,RAM
36,9,255,RAM
36,9,8,RAM
36,9,239,SSD
36,9,98,RAM
36,9,9,RAM
36,10,171,RAM
36,10,234,RAM
36,10,196,RAM
36,10,101,SSD
36,10,91,RAM
36,10,114,SSD
36,10,24,SSD
36,10,72,RAM
36,11,27,RAM
36,11,107,RAM
36,11,111,RAM
36,11,3,SSD
36,11,181,RAM
36,11,114,SSD
36,11,101,RAM
36,11,19,SSD
36,12,191,RAM
36,12,128,RAM
36,12,15,RAM
36,12,39,SSD
36,12,154,SSD
36,12,235,RAM
36,12,187,SSD
36,12,138,SSD
36,13,138,RAM
36,13,113,SSD
36,13,154,RAM
36,13,168,SSD
36,13,202,RAM
36,13,32,RAM
36,13,74,RAM
36,13,38,SSD
36,14,167,RAM
36,14,52,RAM
36,14,51,RAM
36,14,106,RAM
36,14,159,RAM
36,14,231,RAM
36,14,137,RAM
36,14,93,SSD
36,15,181,RAM
36,15,162,RAM
36,15,58,RAM
36,15,148,RAM
36,15,165,RAM
36,15,110,SSD
36,15,4,RAM
36,15,174,SSD
36,16,80,RAM
36,16,231,RAM
36,16,170,RAM
36,16,205,RAM
36,16,28,RAM
36,16,51,RAM
36,16,136,SSD
36,16,252,SSD
36,17,104,SSD
36,17,242,RAM
36,17,15,RAM
36,17,87,RAM
36,17,166,RAM
36,17,236,SSD
36,17,35,SSD
36,17,248,RAM
36,18,192,RAM
36,18,226,RAM
36,18,204,RAM
36,18,159,RAM
36,18,177,SSD
36,18,161,RAM
36,18,126,SSD
36,18,13,RAM
36,19,225,RAM
36,19,228,SSD
36,19,39,RAM
36,19,51,SSD
36,19,30,RAM
36,19,4,RAM
36,19,14,RAM
36,19,26,RAM
36,20,23,RAM
36,20,4,RAM
36,20,104,RAM
36,20,115,RAM
36,20,56,RAM
36,20,220,RAM
36,20,224,RAM
36,20,80,SSD
36,21,156,RAM
36,21,197,RAM
36,21,151,RAM
36,21,5,SSD
36,21,120,SSD
36,21,47,SSD
36,21,255,RAM
36,21,148,RAM
36,22,234,RAM
36,22,46,RAM
36,22,171,RAM
36,22,196,RAM
36,22,114,SSD
36,22,24,SSD
36,22,72,SSD
36,22,187,SSD
36,23,3,RAM
36,23,107,RAM
36,23,27,RAM
36,23,111,RAM
36,23,114,SSD
36,23,195,RAM
36,23,130,SSD
36,23,153,SSD
36,24,206,SSD
36,24,191,RAM
36,24,39,RAM
36,24,208,RAM
36,24,145,RAM
36,24,138,SSD
36,24,43,RAM
36,24,155,SSD
36,25,66,RAM
36,25,113,RAM
36,25,28,RAM
36,25,154,RAM
36,25,175,SSD
36,25,199,SSD
36,25,32,RAM
36,25,38,SSD
36,26,167,RAM
36,26,52,RAM
36,26,106,RAM
36,26,51,RAM
36,26,137,RAM
36,26,159,RAM
36,26,231,RAM
36,26,83,SSD
36,27,58,RAM
36,27,233,RAM
36,27,110,SSD
36,27,54,SSD
36,27,181,RAM
36,27,242,RAM
36,27,162,RAM
36,27,71,SSD
36,28,80,RAM
36,28,170,RAM
36,28,0,RAM
36,28,20,SSD
36,28,205,RAM
36,28,54,SSD
36,28,46,RAM
36,28,152,RAM
36,29,166,RAM
36,29,218,SSD
36,29,104,RAM
36,29,242,RAM
36,29,238,RAM
36,29,35,RAM
36,29,230,SSD
36,29,236,SSD
36,30,13,RAM
36,30,192,RAM
36,30,221,SSD
36,30,177,RAM
36,30,159,RAM
36,30,251,RAM
36,30,190,RAM
36,30,69,SSD
36,31,51,RAM
36,31,225,RAM
36,31,226,RAM
36,31,30,RAM
36,31,228,RAM
36,31,14,RAM
36,31,39,RAM
36,31,71,SSD
36,32,221,RAM
36,32,178,RAM
36,32,185,RAM
36,32,195,SSD
36,32,21,RAM
36,32,206,SSD
36,32,194,SSD
36,32,237,SSD
36,33,40,RAM
36,33,49,RAM
36,33,121,SSD
36,33,168,SSD
36,33,6,RAM
36,33,16,RAM
36,33,81,RAM
36,33,217,SSD
36,34,21,RAM
36,34,15,SSD
36,34,81,SSD
36,34,141,SSD
36,34,188,SSD
36,34,19,SSD
36,34,54,SSD
36,34,208,SSD
36,35,212,RAM
36,35,22,RAM
36,35,214,SSD
36,35,167,RAM
36,35,61,RAM
36,35,196,SSD
36,35,39,SSD
36,35,10,SSD
36,36,8,RAM
36,36,239,SSD
36,36,0,SSD
36,36,198,SSD
36,36,129,SSD
36,36,117,RAM
36,36,158,RAM
36,36,214,SSD
36,37,145,RAM
36,37,209,RAM
36,37,220,SSD
36,37,105,RAM
36,37,90,SSD
36,37,153,RAM
36,37,21,RAM
36,37,57,SSD
36,38,84,RAM
36,38,86,RAM
36,38,94,RAM
36,38,79,SSD
36,38,97,SSD
36,38,22,SSD
36,38,139,SSD
36,38,101,SSD
36,39,68,SSD
36,39,23,SSD
36,39,241,SSD
36,39,16,RAM
36,39,78,RAM
36,39,188,SSD
36,39,145,RAM
36,39,36,SSD
37,0,136,SSD
37,0,180,SSD
37,0,14,RAM
37,0,78,SSD
37,0,241,SSD
37,0,56,SSD
37,0,68,SSD
37,0,89,SSD
37,1,234,SSD
37,1,92,SSD
37,1,94,SSD
37,1,249,RAM
37,1,107,SSD
37,1,63,RAM
37,1,221,SSD
37,1,126,SSD
37,2,217,RAM
37,2,64,RAM
37,2,94,RAM
37,2,233,SSD
37,2,172,SSD
37,2,1,SSD
37,2,117,SSD
37,2,237,SSD
37,3,246,SSD
37,3,216,SSD
37,3,20,SSD
37,3,202,RAM
37,3,39,RAM
37,3,12,SSD
37,3,255,SSD
37,3,244,SSD
37,4,253,SSD
37,4,154,RAM
37,4,79,RAM
37,4,127,SSD
37,4,121,RAM
37,4,160,RAM
37,4,58,SSD
37,4,37,SSD
37,5,174,SSD
37,5,158,RAM
37,5,120,RAM
37,5,153,SSD
37,5,202,SSD
37,5,147,RAM
37,5,170,SSD
37,5,79,SSD
37,6,102,SSD
37,6,79,RAM
37,6,177,SSD
37,6,151,SSD
37,6,26,SSD
37,6,25,SSD
37,6,185,SSD
37,6,159,SSD
37,7,24,SSD
37,7,199,RAM
37,7,132,RAM
37,7,96,SSD
37,7,203,SSD
37,7,81,SSD
37,7,185,RAM
37,7,30,SSD
37,8,41,RAM
37,8,224,RAM
37,8,151,RAM
37,8,157,SSD
37,8,63,SSD
37,8,1,SSD
37,8,56,RAM
37,8,121,SSD
37,9,166,RAM
37,9,243,RAM
37,9,44,SSD
37,9,61,RAM
37,9,3,SSD
37,9,134,SSD
37,9,1,SSD
37,9,103,SSD
37,10,116,SSD
37,10,205,SSD
37,10,146,SSD
37,10,68,SSD
37,10,12,SSD
37,10,176,SSD
37,10,234,RAM
37,10,156,SSD
37,11,111,RAM
37,11,42,SSD
37,11,64,SSD
37,11,141,SSD
37,11,134,SSD
37,11,204,SSD
37,11,181,RAM
37,11,56,SSD
37,12,2,SSD
37,12,9,RAM
37,12,116,SSD
37,12,50,SSD
37,12,3,RAM
37,12,42,SSD
37,12,201,SSD
37,12,208,SSD
37,13,174,RAM
37,13,219,RAM
37,13,42,SSD
37,13,40,SSD
37,13,208,SSD
37,13,31,SSD
37,13,228,SSD
37,13,95,SSD
37,14,189,RAM
37,14,58,SSD
37,14,252,SSD
37,14,44,SSD
37,14,52,RAM
37,14,201,SSD
37,14,67,RAM
37,14,138,RAM
37,15,206,RAM
37,15,134,SSD
37,15,122,SSD
37,15,235,SSD
37,15,238,RAM
37,15,12,SSD
37,15,158,SSD
37,15,147,SSD
37,16,173,SSD
37,16,74,SSD
37,16,169,SSD
37,16,24,SSD
37,16,170,RAM
37,16,234,SSD
37,16,26,RAM
37,16,176,SSD
37,17,204,SSD
37,17,69,RAM
37,17,60,SSD
37,17,185,SSD
37,17,220,SSD
37,17,8,RAM
37,17,124,RAM
37,17,158,SSD
37,18,226,RAM
37,18,117,RAM
37,18,192,RAM
37,18,77,SSD
37,18,204,RAM
37,18,209,SSD
37,18,138,SSD
37,18,141,SSD
37,19,137,RAM
37,19,117,SSD
37,19,248,RAM
37,19,59,SSD
37,19,4,RAM
37,19,124,RAM
37,19,67,SSD
37,19,135,SSD
37,20,41,RAM
37,20,151,RAM
37,20,224,RAM
37,20,185,SSD
37,20,1,RAM
37,20,75,SSD
37,20,53,SSD
37,20,171,SSD
37,21,166,RAM
37,21,243,RAM
37,21,207,RAM
37,21,103,SSD
37,21,251,RAM
37,21,134,SSD
37,21,214,SSD
37,21,226,SSD
37,22,205,SSD
37,22,160,SSD
37,22,116,RAM
37,22,156,SSD
37,22,68,SSD
37,22,234,RAM
37,22,12,SSD
37,22,86,SSD
37,23,80,SSD
37,23,111,RAM
37,23,134,SSD
37,23,54,SSD
37,23,141,SSD
37,23,107,RAM
37,23,64,SSD
37,23,56,SSD
37,24,9,RAM
37,24,2,SSD
37,24,42,SSD
37,24,60,SSD
37,24,116,SSD
37,24,111,SSD
37,24,3,RAM
37,24,177,SSD
37,25,174,RAM
37,25,37,SSD
37,25,42,SSD
37,25,158,SSD
37,25,85,SSD
37,25,228,SSD
37,25,219,RAM
37,25,24,SSD
37,26,252,SSD
37,26,58,SSD
37,26,189,SSD
37,26,52,RAM
37,26,67,RAM
37,26,78,SSD
37,26,71,SSD
37,26,166,SSD
37,27,206,RAM
37,27,177,RAM
37,27,122,SSD
37,27,158,SSD
37,27,55,SSD
37,27,134,SSD
37,27,110,RAM
37,27,100,RAM
37,28,170,RAM
37,28,20,RAM
37,28,130,SSD
37,28,247,SSD
37,28,250,SSD
37,28,173,SSD
37,28,24,SSD
37,28,169,SSD
37,29,69,SSD
37,29,185,SSD
37,29,204,SSD
37,29,150,SSD
37,29,104,RAM
37,29,60,RAM
37,29,26,SSD
37,29,28,SSD
37,30,72,SSD
37,30,192,RAM
37,30,117,RAM
37,30,13,RAM
37,30,221,RAM
37,30,190,RAM
37,30,230,SSD
37,30,39,SSD
37,31,137,RAM
37,31,14,RAM
37,31,124,SSD
37,31,228,RAM
37,31,30,RAM
37,31,207,SSD
37,31,75,RAM
37,31,248,SSD
37,32,224,SSD
37,32,206,RAM
37,32,197,SSD
37,32,178,RAM
37,32,21,RAM
37,32,50,SSD
37,32,237,RAM
37,32,185,RAM
37,33,63,SSD
37,33,40,RAM
37,33,156,SSD
37,33,18,SSD
37,33,16,RAM
37,33,81,RAM
37,33,168,RAM
37,33,217,RAM
37,34,152,SSD
37,34,21,RAM
37,34,141,RAM
37,34,54,RAM
37,34,213,SSD
37,34,188,RAM
37,34,202,SSD
37,34,55,SSD
37,35,212,RAM
37,35,214,RAM
37,35,22,RAM
37,35,167,RAM
37,35,39,RAM
37,35,244,SSD
37,35,84,RAM
37,35,10,RAM
37,36,239,RAM
37,36,251,SSD
37,36,24,SSD
37,36,129,RAM
37,36,198,RAM
37,36,68,RAM
37,36,158,RAM
37,36,214,RAM
37,37,209,RAM
37,37,50,SSD
37,37,14,SSD
37,37,153,RAM
37,37,90,RAM
37,37,57,RAM
37,37,105,RAM
37,37,21,RAM
37,38,146,SSD
37,38,86,RAM
37,38,79,RAM
37,38,84,RAM
37,38,97,RAM
37,38,94,RAM
37,38,47,RAM
37,38,34,SSD
37,39,177,SSD
37,39,85,SSD
37,39,36,RAM
37,39,13,SSD
37,39,203,SSD
37,39,62,SSD
37,39,78,RAM
37,39,242,SSD
38,0,134,SSD
38,0,36,SSD
38,0,175,SSD
38,0,231,SSD
38,0,62,SSD
38,0,199,SSD
38,0,155,SSD
38,0,151,SSD
38,1,195,RAM
38,1,254,SSD
38,1,234,RAM
38,1,101,SSD
38,1,221,RAM
38,1,97,SSD
38,1,5,SSD
38,1,16,SSD
38,2,64,RAM
38,2,94,RAM
38,2,117,RAM
38,2,33,SSD
38,2,182,SSD
38,2,201,SSD
38,2,253,SSD
38,2,237,RAM
38,3,202,RAM
38,3,199,RAM
38,3,25,RAM
38,3,219,RAM
38,3,39,RAM
38,3,177,RAM
38,3,101,SSD
38,3,214,RAM
38,4,154,RAM
38,4,253,RAM
38,4,192,SSD
38,4,54,RAM
38,4,160,RAM
38,4,37,RAM
38,4,116,SSD
38,4,127,RAM
38,5,158,RAM
38,5,115,SSD
38,5,178,RAM
38,5,153,RAM
38,5,62,SSD
38,5,69,RAM
38,5,165,SSD
38,5,147,RAM
38,6,79,RAM
38,6,65,SSD
38,6,196,RAM
38,6,25,RAM
38,6,133,SSD
38,6,42,RAM
38,6,177,RAM
38,6,82,SSD
38,7,76,RAM
38,7,35,RAM
38,7,65,RAM
38,7,171,SSD
38,7,32,RAM
38,7,199,RAM
38,7,79,RAM
38,7,208,SSD
38,8,56,RAM
38,8,164,RAM
38,8,159,SSD
38,8,52,SSD
38,8,220,SSD
38,8,116,RAM
38,8,61,RAM
38,8,224,RAM
38,9,197,RAM
38,9,5,SSD
38,9,47,SSD
38,9,255,RAM
38,9,120,SSD
38,9,8,RAM
38,9,98,RAM
38,9,198,SSD
38,10,171,RAM
38,10,234,RAM
38,10,9,SSD
38,10,196,RAM
38,10,12,RAM
38,10,133,SSD
38,10,101,RAM
38,10,187,SSD
38,11,3,RAM
38,11,111,RAM
38,11,107,RAM
38,11,101,RAM
38,11,85,SSD
38,11,145,SSD
38,11,228,SSD
38,11,181,RAM
38,12,191,RAM
38,12,128,RAM
38,12,39,RAM
38,12,189,RAM
38,12,15,RAM
38,12,3,RAM
38,12,235,RAM
38,12,81,RAM
38,13,154,RAM
38,13,113,RAM
38,13,42,RAM
38,13,74,RAM
38,13,138,RAM
38,13,219,RAM
38,13,28,RAM
38,13,66,RAM
38,14,167,RAM
38,14,52,RAM
38,14,51,RAM
38,14,106,RAM
38,14,231,RAM
38,14,159,RAM
38,14,137,RAM
38,14,131,SSD
38,15,181,RAM
38,15,162,RAM
38,15,248,SSD
38,15,4,RAM
38,15,165,RAM
38,15,148,RAM
38,15,174,RAM
38,15,233,SSD
38,16,170,RAM
38,16,205,RAM
38,16,80,RAM
38,16,231,RAM
38,16,26,RAM
38,16,51,RAM
38,16,252,RAM
38,16,247,SSD
38,17,78,RAM
38,17,242,RAM
38,17,236,RAM
38,17,15,RAM
38,17,35,RAM
38,17,166,RAM
38,17,104,RAM
38,17,103,SSD
38,18,192,RAM
38,18,226,RAM
38,18,204,RAM
38,18,69,SSD
38,18,13,RAM
38,18,130,SSD
38,18,221,SSD
38,18,77,RAM
38,19,51,RAM
38,19,228,RAM
38,19,4,RAM
38,19,70,RAM
38,19,30,RAM
38,19,39,RAM
38,19,60,SSD
38,19,14,RAM
38,20,4,RAM
38,20,159,SSD
38,20,115,RAM
38,20,23,RAM
38,20,56,RAM
38,20,103,SSD
38,20,220,RAM
38,20,184,SSD
38,21,197,RAM
38,21,5,RAM
38,21,151,RAM
38,21,120,RAM
38,21,207,RAM
38,21,198,SSD
38,21,155,SSD
38,21,47,RAM
38,22,9,SSD
38,22,234,RAM
38,22,196,RAM
38,22,171,RAM
38,22,133,SSD
38,22,63,RAM
38,22,187,RAM
38,22,12,RAM
38,23,111,RAM
38,23,107,RAM
38,23,3,RAM
38,23,145,SSD
38,23,85,SSD
38,23,153,RAM
38,23,66,SSD
38,23,137,SSD
38,24,39,RAM
38,24,191,RAM
38,24,15,RAM
38,24,167,RAM
38,24,206,RAM
38,24,253,SSD
38,24,208,RAM
38,24,136,SSD
38,25,28,RAM
38,25,113,RAM
38,25,78,RAM
38,25,199,RAM
38,25,66,RAM
38,25,154,RAM
38,25,32,RAM
38,25,175,RAM
38,26,52,RAM
38,26,167,RAM
38,26,83,RAM
38,26,106,RAM
38,26,137,RAM
38,26,231,RAM
38,26,67,RAM
38,26,51,RAM
38,27,233,RAM
38,27,248,SSD
38,27,177,RAM
38,27,162,RAM
38,27,54,RAM
38,27,58,RAM
38,27,181,RAM
38,27,100,RAM
38,28,170,RAM
38,28,80,RAM
38,28,54,RAM
38,28,230,SSD
38,28,0,RAM
38,28,190,SSD
38,28,26,SSD
38,28,51,RAM
38,29,166,RAM
38,29,242,RAM
38,29,238,RAM
38,29,20,RAM
38,29,236,RAM
38,29,89,RAM
38,29,35,RAM
38,29,200,SSD
38,30,192,RAM
38,30,13,RAM
38,30,250,RAM
38,30,204,RAM
38,30,16,RAM
38,30,69,RAM
38,30,251,RAM
38,30,177,RAM
38,31,51,RAM
38,31,14,RAM
38,31,30,RAM
38,31,226,RAM
38,31,60,SSD
38,31,151,SSD
38,31,71,RAM
38,31,137,RAM
38,32,146,SSD
38,32,178,RAM
38,32,76,SSD
38,32,86,RAM
38,32,185,RAM
38,32,21,RAM
38,32,50,RAM
38,32,179,RAM
38,33,181,SSD
38,33,49,RAM
38,33,56,SSD
38,33,6,RAM
38,33,81,RAM
38,33,75,SSD
38,33,104,RAM
38,33,189,SSD
38,34,21,RAM
38,34,72,SSD
38,34,44,RAM
38,34,238,RAM
38,34,240,RAM
38,34,141,RAM
38,34,182,SSD
38,34,195,SSD
38,35,185,SSD
38,35,167,RAM
38,35,74,RAM
38,35,190,RAM
38,35,148,RAM
38,35,49,SSD
38,35,61,RAM
38,35,44,SSD
38,36,115,RAM
38,36,98,RAM
38,36,227,RAM
38,36,39,RAM
38,36,248,RAM
38,36,142,SSD
38,36,196,SSD
38,36,147,SSD
38,37,145,RAM
38,37,126,SSD
38,37,78,RAM
38,37,27,RAM
38,37,64,RAM
38,37,48,SSD
38,37,111,RAM
38,37,21,RAM
38,38,0,SSD
38,38,119,RAM
38,38,80,SSD
38,38,169,RAM
38,38,215,RAM
38,38,35,RAM
38,38,139,RAM
38,38,84,RAM
38,39,165,RAM
38,39,158,RAM
38,39,122,SSD
38,39,179,RAM
38,39,244,SSD
38,39,139,SSD
38,39,253,SSD
38,39,117,RAM
39,0,96,SSD
39,0,226,SSD
39,0,93,RAM
39,0,80,SSD
39,0,11,SSD
39,0,247,SSD
39,0,171,SSD
39,0,136,RAM
39,1,195,RAM
39,1,16,RAM
39,1,234,RAM
39,1,2,SSD
39,1,81,SSD
39,1,254,RAM
39,1,57,SSD
39,1,169,SSD
39,2,253,RAM
39,2,215,SSD
39,2,117,RAM
39,2,160,SSD
39,2,106,SSD
39,2,39,SSD
39,2,73,SSD
39,2,33,RAM
39,3,170,SSD
39,3,188,SSD
39,3,221,SSD
39,3,216,RAM
39,3,202,RAM
39,3,122,SSD
39,3,240,SSD
39,3,60,SSD
39,4,119,SSD
39,4,154,RAM
39,4,105,SSD
39,4,123,SSD
39,4,192,RAM
39,4,253,RAM
39,4,20,SSD
39,4,60,SSD
39,5,158,RAM
39,5,61,SSD
39,5,194,SSD
39,5,178,RAM
39,5,62,RAM
39,5,69,RAM
39,5,250,SSD
39,5,183,SSD
39,6,79,RAM
39,6,16,SSD
39,6,65,RAM
39,6,157,SSD
39,6,55,SSD
39,6,196,RAM
39,6,133,RAM
39,6,90,SSD
39,7,76,RAM
39,7,101,RAM
39,7,199,RAM
39,7,35,RAM
39,7,65,RAM
39,7,181,SSD
39,7,204,SSD
39,7,79,RAM
39,8,112,SSD
39,8,56,RAM
39,8,159,RAM
39,8,164,RAM
39,8,157,RAM
39,8,61,RAM
39,8,184,SSD
39,8,115,SSD
39,9,120,RAM
39,9,206,SSD
39,9,151,RAM
39,9,197,RAM
39,9,47,RAM
39,9,195,SSD
39,9,5,RAM
39,9,9,RAM
39,10,229,SSD
39,10,234,RAM
39,10,171,RAM
39,10,63,RAM
39,10,133,RAM
39,10,163,SSD
39,10,196,RAM
39,10,82,SSD
39,11,111,RAM
39,11,18,SSD
39,11,42,RAM
39,11,181,RAM
39,11,239,RAM
39,11,107,RAM
39,11,228,RAM
39,11,145,RAM
39,12,154,RAM
39,12,106,SSD
39,12,120,SSD
39,12,3,RAM
39,12,251,SSD
39,12,42,RAM
39,12,243,SSD
39,12,235,RAM
39,13,174,RAM
39,13,200,SSD
39,13,219,RAM
39,13,228,RAM
39,13,40,RAM
39,13,31,RAM
39,13,209,SSD
39,13,95,RAM
39,14,52,RAM
39,14,189,RAM
39,14,58,RAM
39,14,138,RAM
39,14,252,RAM
39,14,67,RAM
39,14,201,RAM
39,14,167,RAM
39,15,206,RAM
39,15,134,RAM
39,15,233,RAM
39,15,181,RAM
39,15,238,RAM
39,15,158,RAM
39,15,110,RAM
39,15,122,RAM
39,16,170,RAM
39,16,26,RAM
39,16,74,RAM
39,16,24,RAM
39,16,51,RAM
39,16,181,SSD
39,16,169,RAM
39,16,49,SSD
39,17,60,RAM
39,17,204,RAM
39,17,69,RAM
39,17,8,RAM
39,17,124,RAM
39,17,115,SSD
39,17,15,RAM
39,17,220,RAM
39,18,192,RAM
39,18,226,RAM
39,18,117,RAM
39,18,17,SSD
39,18,204,RAM
39,18,205,RAM
39,18,77,RAM
39,18,118,SSD
39,19,4,RAM
39,19,137,RAM
39,19,59,RAM
39,19,117,RAM
39,19,124,RAM
39,19,51,RAM
39,19,157,SSD
39,19,197,RAM
39,20,41,RAM
39,20,151,RAM
39,20,224,RAM
39,20,107,SSD
39,20,1,RAM
39,20,112,SSD
39,20,102,SSD
39,20,159,RAM
39,21,166,RAM
39,21,243,RAM
39,21,207,RAM
39,21,103,RAM
39,21,134,RAM
39,21,206,SSD
39,21,131,SSD
39,21,5,RAM
39,22,205,RAM
39,22,63,RAM
39,22,116,RAM
39,22,234,RAM
39,22,232,SSD
39,22,8,SSD
39,22,163,SSD
39,22,236,SSD
39,23,111,RAM
39,23,80,RAM
39,23,107,RAM
39,23,18,SSD
39,23,134,RAM
39,23,239,RAM
39,23,56,RAM
39,23,66,RAM
39,24,9,RAM
39,24,58,SSD
39,24,237,SSD
39,24,251,SSD
39,24,39,RAM
39,24,2,RAM
39,24,235,RAM
39,24,220,RAM
39,25,174,RAM
39,25,219,RAM
39,25,28,RAM
39,25,78,RAM
39,25,228,RAM
39,25,199,RAM
39,25,200,SSD
39,25,137,SSD
39,26,52,RAM
39,26,138,RAM
39,26,252,RAM
39,26,67,RAM
39,26,83,RAM
39,26,58,RAM
39,26,167,RAM
39,26,180,SSD
39,27,233,RAM
39,27,110,RAM
39,27,206,RAM
39,27,177,RAM
39,27,26,SSD
39,27,100,RAM
39,27,241,SSD
39,27,131,SSD
39,28,20,RAM
39,28,170,RAM
39,28,149,SSD
39,28,54,RAM
39,28,31,SSD
39,28,0,RAM
39,28,185,SSD
39,28,26,RAM
39,29,69,RAM
39,29,236,RAM
39,29,28,RAM
39,29,101,SSD
39,29,89,RAM
39,29,242,RAM
39,29,187,SSD
39,29,60,RAM
39,30,192,RAM
39,30,117,RAM
39,30,221,RAM
39,30,6,SSD
39,30,13,RAM
39,30,190,RAM
39,30,165,SSD
39,30,17,RAM
39,31,14,RAM
39,31,137,RAM
39,31,51,RAM
39,31,233,SSD
39,31,124,RAM
39,31,226,RAM
39,31,70,SSD
39,31,108,SSD
39,32,89,SSD
39,32,206,RAM
39,32,178,RAM
39,32,17,SSD
39,32,194,RAM
39,32,199,SSD
39,32,50,RAM
39,32,247,SSD
39,33,214,SSD
39,33,49,RAM
39,33,23,SSD
39,33,81,RAM
39,33,94,SSD
39,33,40,RAM
39,33,16,RAM
39,33,105,SSD
39,34,187,SSD
39,34,182,RAM
39,34,21,RAM
39,34,141,RAM
39,34,19,RAM
39,34,54,RAM
39,34,188,RAM
39,34,177,SSD
39,35,214,RAM
39,35,167,RAM
39,35,244,RAM
39,35,212,RAM
39,35,49,RAM
39,35,76,SSD
39,35,7,SSD
39,35,61,RAM
39,36,8,RAM
39,36,253,SSD
39,36,129,RAM
39,36,0,RAM
39,36,158,RAM
39,36,239,RAM
39,36,74,RAM
39,36,188,SSD
39,37,145,RAM
39,37,64,RAM
39,37,164,SSD
39,37,84,SSD
39,37,57,RAM
39,37,220,RAM
39,37,147,SSD
39,37,153,RAM
39,38,22,RAM
39,38,84,RAM
39,38,136,SSD
39,38,94,RAM
39,38,127,SSD
39,38,79,RAM
39,38,139,RAM
39,38,86,RAM
39,39,241,RAM
39,39,68,RAM
39,39,16,RAM
39,39,23,RAM
39,39,145,RAM
39,39,78,RAM
39,39,52,SSD
39,39,203,RAM
40,0,233,SSD
40,0,40,SSD
40,0,127,SSD
40,0,250,SSD
40,0,136,RAM
40,0,147,SSD
40,0,157,RAM
40,0,110,RAM
40,1,98,SSD
40,1,131,SSD
40,1,234,RAM
40,1,81,RAM
40,1,190,SSD
40,1,222,SSD
40,1,166,SSD
40,1,183,SSD
40,2,253,RAM
40,2,211,SSD
40,2,106,RAM
40,2,39,RAM
40,2,117,RAM
40,2,120,SSD
40,2,33,RAM
40,2,158,SSD
40,3,216,RAM
40,3,202,RAM
40,3,255,RAM
40,3,150,SSD
40,3,188,RAM
40,3,17,SSD
40,3,75,SSD
40,3,229,SSD
40,4,154,RAM
40,4,122,SSD
40,4,123,RAM
40,4,119,RAM
40,4,133,SSD
40,4,105,RAM
40,4,98,RAM
40,4,60,RAM
40,5,61,RAM
40,5,158,RAM
40,5,31,RAM
40,5,250,RAM
40,5,151,SSD
40,5,178,RAM
40,5,114,SSD
40,5,2,SSD
40,6,49,SSD
40,6,79,RAM
40,6,129,SSD
40,6,157,RAM
40,6,90,RAM
40,6,55,RAM
40,6,196,RAM
40,6,65,RAM
40,7,199,RAM
40,7,101,RAM
40,7,76,RAM
40,7,79,RAM
40,7,86,SSD
40,7,57,SSD
40,7,221,RAM
40,7,24,RAM
40,8,56,RAM
40,8,159,RAM
40,8,164,RAM
40,8,184,RAM
40,8,103,SSD
40,8,115,RAM
40,8,224,RAM
40,8,107,SSD
40,9,217,RAM
40,9,61,RAM
40,9,120,RAM
40,9,5,RAM
40,9,98,RAM
40,9,9,RAM
40,9,197,RAM
40,9,151,RAM
40,10,62,RAM
40,10,171,RAM
40,10,234,RAM
40,10,63,RAM
40,10,101,RAM
40,10,8,SSD
40,10,196,RAM
40,10,114,RAM
40,11,111,RAM
40,11,3,RAM
40,11,107,RAM
40,11,101,RAM
40,11,145,RAM
40,11,27,RAM
40,11,66,SSD
40,11,164,SSD
40,12,43,SSD
40,12,191,RAM
40,12,3,RAM
40,12,206,SSD
40,12,208,RAM
40,12,154,RAM
40,12,35,SSD
40,12,138,RAM
40,13,199,SSD
40,13,219,RAM
40,13,28,RAM
40,13,74,RAM
40,13,251,SSD
40,13,13,SSD
40,13,137,SSD
40,13,174,RAM
40,14,52,RAM
40,14,138,RAM
40,14,167,RAM
40,14,67,RAM
40,14,93,RAM
40,14,131,RAM
40,14,58,RAM
40,14,161,SSD
40,15,233,RAM
40,15,213,SSD
40,15,206,RAM
40,15,181,RAM
40,15,110,RAM
40,15,162,RAM
40,15,100,SSD
40,15,158,RAM
40,16,170,RAM
40,16,231,RAM
40,16,54,SSD
40,16,205,RAM
40,16,149,SSD
40,16,20,SSD
40,16,188,SSD
40,16,243,SSD
40,17,88,SSD
40,17,236,RAM
40,17,60,RAM
40,17,15,RAM
40,17,166,RAM
40,17,115,RAM
40,17,35,RAM
40,17,242,RAM
40,18,192,RAM
40,18,63,SSD
40,18,205,RAM
40,18,226,RAM
40,18,17,RAM
40,18,117,RAM
40,18,13,RAM
40,18,159,RAM
40,19,4,RAM
40,19,137,RAM
40,19,51,RAM
40,19,229,SSD
40,19,14,RAM
40,19,71,SSD
40,19,197,RAM
40,19,124,RAM
40,20,107,RAM
40,20,41,RAM
40,20,224,RAM
40,20,151,RAM
40,20,103,RAM
40,20,4,RAM
40,20,171,RAM
40,20,65,SSD
40,21,217,SSD
40,21,166,RAM
40,21,207,RAM
40,21,5,RAM
40,21,151,RAM
40,21,96,SSD
40,21,61,SSD
40,21,197,RAM
40,22,62,SSD
40,22,63,RAM
40,22,205,RAM
40,22,234,RAM
40,22,232,RAM
40,22,171,RAM
40,22,196,RAM
40,22,114,RAM
40,23,111,RAM
40,23,107,RAM
40,23,66,RAM
40,23,145,RAM
40,23,247,SSD
40,23,27,RAM
40,23,162,SSD
40,23,137,RAM
40,24,206,RAM
40,24,106,SSD
40,24,104,SSD
40,24,138,RAM
40,24,191,RAM
40,24,154,SSD
40,24,39,RAM
40,24,9,RAM
40,25,199,RAM
40,25,28,RAM
40,25,13,SSD
40,25,137,RAM
40,25,219,RAM
40,25,200,RAM
40,25,251,SSD
40,25,174,RAM
40,26,83,RAM
40,26,52,RAM
40,26,67,RAM
40,26,138,RAM
40,26,180,RAM
40,26,167,RAM
40,26,252,RAM
40,26,137,RAM
40,27,233,RAM
40,27,213,SSD
40,27,206,RAM
40,27,110,RAM
40,27,241,RAM
40,27,80,SSD
40,27,177,RAM
40,27,100,RAM
40,28,54,RAM
40,28,31,RAM
40,28,170,RAM
40,28,231,SSD
40,28,185,RAM
40,28,72,SSD
40,28,224,SSD
40,28,149,RAM
40,29,236,RAM
40,29,229,RAM
40,29,89,RAM
40,29,28,RAM
40,29,115,SSD
40,29,166,RAM
40,29,206,SSD
40,29,238,RAM
40,30,192,RAM
40,30,13,RAM
40,30,117,RAM
40,30,190,RAM
40,30,165,RAM
40,30,17,RAM
40,30,221,RAM
40,30,159,RAM
40,31,137,RAM
40,31,71,RAM
40,31,14,RAM
40,31,229,SSD
40,31,124,RAM
40,31,108,RAM
40,31,233,RAM
40,31,146,SSD
40,32,75,SSD
40,32,18,SSD
40,32,96,SSD
40,32,116,RAM
40,32,186,RAM
40,32,199,RAM
40,32,201,RAM
40,32,21,RAM
40,33,49,RAM
40,33,11,SSD
40,33,253,RAM
40,33,81,RAM
40,33,182,RAM
40,33,58,SSD
40,33,107,SSD
40,33,224,SSD
40,34,205,RAM
40,34,101,RAM
40,34,180,RAM
40,34,95,SSD
40,34,196,SSD
40,34,64,SSD
40,34,56,SSD
40,34,220,SSD
40,35,132,SSD
40,35,167,RAM
40,35,153,RAM
40,35,2,SSD
40,35,85,SSD
40,35,94,SSD
40,35,145,RAM
40,35,218,SSD
40,36,158,RAM
40,36,8,RAM
40,36,248,RAM
40,36,117,RAM
40,36,0,RAM
40,36,211,SSD
40,36,202,SSD
40,36,92,SSD
40,37,64,RAM
40,37,250,SSD
40,37,220,RAM
40,37,84,RAM
40,37,207,SSD
40,37,93,RAM
40,37,175,SSD
40,37,186,SSD
40,38,94,RAM
40,38,35,RAM
40,38,176,SSD
40,38,127,RAM
40,38,42,SSD
40,38,123,SSD
40,38,196,SSD
40,38,139,RAM
40,39,241,RAM
40,39,9,SSD
40,39,68,RAM
40,39,16,RAM
40,39,23,RAM
40,39,27,RAM
40,39,89,SSD
40,39,67,SSD
41,0,57,RAM
41,0,165,SSD
41,0,56,RAM
41,0,127,RAM
41,0,59,SSD
41,0,110,RAM
41,0,170,SSD
41,0,153,SSD
41,1,222,RAM
41,1,135,SSD
41,1,241,SSD
41,1,234,RAM
41,1,134,SSD
41,1,227,SSD
41,1,179,SSD
41,1,16,RAM
41,2,238,SSD
41,2,234,SSD
41,2,108,SSD
41,2,253,RAM
41,2,89,SSD
41,2,0,SSD
41,2,117,RAM
41,2,158,RAM
41,3,70,RAM
41,3,228,SSD
41,3,188,RAM
41,3,171,RAM
41,3,216,RAM
41,3,244,RAM
41,3,202,RAM
41,3,55,SSD
41,4,254,SSD
41,4,138,SSD
41,4,74,RAM
41,4,154,RAM
41,4,122,RAM
41,4,17,SSD
41,4,79,RAM
41,4,133,RAM
41,5,249,SSD
41,5,151,RAM
41,5,250,RAM
41,5,120,RAM
41,5,158,RAM
41,5,178,RAM
41,5,160,SSD
41,5,61,RAM
41,6,102,RAM
41,6,49,RAM
41,6,21,SSD
41,6,209,SSD
41,6,28,RAM
41,6,11,SSD
41,6,100,SSD
41,6,177,RAM
41,7,199,RAM
41,7,24,RAM
41,7,132,RAM
41,7,30,RAM
41,7,96,RAM
41,7,56,SSD
41,7,182,SSD
41,7,203,RAM
41,8,41,RAM
41,8,224,RAM
41,8,151,RAM
41,8,120,SSD
41,8,107,RAM
41,8,1,RAM
41,8,165,SSD
41,8,68,SSD
41,9,166,RAM
41,9,148,SSD
41,9,243,RAM
41,9,96,SSD
41,9,61,RAM
41,9,217,RAM
41,9,201,SSD
41,9,134,RAM
41,10,46,SSD
41,10,116,RAM
41,10,205,RAM
41,10,24,RAM
41,10,77,SSD
41,10,146,RAM
41,10,42,SSD
41,10,8,RAM
41,11,93,SSD
41,11,210,SSD
41,11,56,RAM
41,11,134,RAM
41,11,111,RAM
41,11,141,RAM
41,11,60,SSD
41,11,228,RAM
41,12,50,RAM
41,12,208,RAM
41,12,9,RAM
41,12,2,RAM
41,12,97,SSD
41,12,3,RAM
41,12,116,RAM
41,12,163,SSD
41,13,174,RAM
41,13,219,RAM
41,13,126,SSD
41,13,151,SSD
41,13,228,RAM
41,13,40,RAM
41,13,95,RAM
41,13,19,SSD
41,14,138,RAM
41,14,189,RAM
41,14,44,RAM
41,14,67,RAM
41,14,235,SSD
41,14,58,RAM
41,14,146,SSD
41,14,213,SSD
41,15,12,RAM
41,15,206,RAM
41,15,238,RAM
41,15,220,SSD
41,15,245,SSD
41,15,134,RAM
41,15,3,SSD
41,15,26,SSD
41,16,59,SSD
41,16,224,SSD
41,16,102,SSD
41,16,73,SSD
41,16,169,RAM
41,16,234,RAM
41,16,53,SSD
41,16,67,SSD
41,17,60,RAM
41,17,220,RAM
41,17,104,RAM
41,17,8,RAM
41,17,214,SSD
41,17,124,RAM
41,17,69,RAM
41,17,101,SSD
41,18,117,RAM
41,18,17,RAM
41,18,192,RAM
41,18,209,RAM
41,18,77,RAM
41,18,143,SSD
41,18,90,SSD
41,18,55,SSD
41,19,137,RAM
41,19,48,SSD
41,19,199,SSD
41,19,4,RAM
41,19,59,RAM
41,19,124,RAM
41,19,248,RAM
41,19,225,RAM
41,20,41,RAM
41,20,224,RAM
41,20,151,RAM
41,20,203,SSD
41,20,107,RAM
41,20,117,SSD
41,20,56,RAM
41,20,59,SSD
41,21,166,RAM
41,21,148,RAM
41,21,243,RAM
41,21,251,RAM
41,21,207,RAM
41,21,61,RAM
41,21,103,RAM
41,21,134,RAM
41,22,205,RAM
41,22,116,RAM
41,22,46,RAM
41,22,24,RAM
41,22,122,SSD
41,22,77,SSD
41,22,225,SSD
41,22,68,RAM
41,23,93,SSD
41,23,210,SSD
41,23,141,RAM
41,23,134,RAM
41,23,107,RAM
41,23,56,RAM
41,23,111,RAM
41,23,92,SSD
41,24,9,RAM
41,24,84,SSD
41,24,2,RAM
41,24,50,SSD
41,24,42,RAM
41,24,251,RAM
41,24,3,RAM
41,24,153,SSD
41,25,174,RAM
41,25,219,RAM
41,25,28,RAM
41,25,64,SSD
41,25,137,RAM
41,25,228,RAM
41,25,126,SSD
41,25,13,RAM
41,26,67,RAM
41,26,252,RAM
41,26,138,RAM
41,26,213,SSD
41,26,96,SSD
41,26,58,RAM
41,26,52,RAM
41,26,78,RAM
41,27,206,RAM
41,27,203,RAM
41,27,3,SSD
41,27,233,RAM
41,27,26,RAM
41,27,249,SSD
41,27,142,SSD
41,27,146,SSD
41,28,169,RAM
41,28,224,RAM
41,28,161,SSD
41,28,181,SSD
41,28,130,RAM
41,28,203,SSD
41,28,248,SSD
41,28,72,RAM
41,29,104,RAM
41,29,214,SSD
41,29,69,RAM
41,29,204,RAM
41,29,115,RAM
41,29,28,RAM
41,29,206,RAM
41,29,60,RAM
41,30,192,RAM
41,30,117,RAM
41,30,188,SSD
41,30,94,SSD
41,30,190,RAM
41,30,165,RAM
41,30,204,RAM
41,30,71,SSD
41,31,137,RAM
41,31,199,SSD
41,31,225,RAM
41,31,229,RAM
41,31,28,SSD
41,31,228,RAM
41,31,248,RAM
41,31,14,RAM
41,32,18,RAM
41,32,48,SSD
41,32,221,RAM
41,32,102,SSD
41,32,59,SSD
41,32,21,RAM
41,32,156,SSD
41,32,50,RAM
41,33,96,SSD
41,33,49,RAM
41,33,107,RAM
41,33,81,RAM
41,33,121,RAM
41,33,253,RAM
41,33,224,RAM
41,33,143,SSD
41,34,208,RAM
41,34,64,RAM
41,34,95,RAM
41,34,175,RAM
41,34,220,RAM
41,34,252,SSD
41,34,21,RAM
41,34,56,RAM
41,35,94,RAM
41,35,167,RAM
41,35,85,RAM
41,35,2,RAM
41,35,132,RAM
41,35,5,SSD
41,35,61,RAM
41,35,202,SSD
41,36,152,SSD
41,36,246,SSD
41,36,195,SSD
41,36,67,RAM
41,36,248,RAM
41,36,158,RAM
41,36,202,RAM
41,36,117,RAM
41,37,161,SSD
41,37,43,RAM
41,37,60,SSD
41,37,135,SSD
41,37,153,RAM
41,37,56,RAM
41,37,64,RAM
41,37,67,SSD
41,38,201,SSD
41,38,195,RAM
41,38,234,SSD
41,38,30,SSD
41,38,9,SSD
41,38,163,RAM
41,38,127,RAM
41,38,32,SSD
41,39,246,SSD
41,39,1,SSD
41,39,250,SSD
41,39,138,RAM
41,39,92,SSD
41,39,203,RAM
41,39,215,RAM
41,39,235,RAM
42,0,234,SSD
42,0,144,SSD
42,0,92,SSD
42,0,186,SSD
42,0,122,SSD
42,0,84,RAM
42,0,188,SSD
42,0,172,SSD
42,1,111,SSD
42,1,29,RAM
42,1,198,SSD
42,1,234,RAM
42,1,241,RAM
42,1,255,SSD
42,1,154,SSD
42,1,211,RAM
42,2,234,RAM
42,2,253,RAM
42,2,89,RAM
42,2,108,RAM
42,2,238,RAM
42,2,110,SSD
42,2,23,SSD
42,2,150,SSD
42,3,228,RAM
42,3,188,RAM
42,3,202,RAM
42,3,116,RAM
42,3,132,SSD
42,3,199,RAM
42,3,251,SSD
42,3,218,SSD
42,4,154,RAM
42,4,94,SSD
42,4,164,SSD
42,4,71,SSD
42,4,121,RAM
42,4,12,SSD
42,4,74,RAM
42,4,160,RAM
42,5,81,SSD
42,5,151,RAM
42,5,153,RAM
42,5,236,SSD
42,5,120,RAM
42,5,250,RAM
42,5,183,RAM
42,5,178,RAM
42,6,49,RAM
42,6,79,RAM
42,6,196,RAM
42,6,161,SSD
42,6,102,RAM
42,6,235,SSD
42,6,157,RAM
42,6,209,RAM
42,7,199,RAM
42,7,132,RAM
42,7,24,RAM
42,7,76,RAM
42,7,243,SSD
42,7,185,RAM
42,7,129,SSD
42,7,192,SSD
42,8,56,RAM
42,8,224,RAM
42,8,151,RAM
42,8,41,RAM
42,8,107,RAM
42,8,53,SSD
42,8,220,RAM
42,8,182,SSD
42,9,166,RAM
42,9,96,RAM
42,9,61,RAM
42,9,44,RAM
42,9,243,RAM
42,9,5,RAM
42,9,207,SSD
42,9,98,RAM
42,10,234,RAM
42,10,9,RAM
42,10,46,RAM
42,10,171,RAM
42,10,8,RAM
42,10,218,SSD
42,10,63,RAM
42,10,232,SSD
42,11,111,RAM
42,11,116,SSD
42,11,114,RAM
42,11,93,RAM
42,11,164,RAM
42,11,101,RAM
42,11,134,RAM
42,11,153,SSD
42,12,208,RAM
42,12,3,RAM
42,12,9,RAM
42,12,116,RAM
42,12,2,RAM
42,12,35,RAM
42,12,42,RAM
42,12,39,RAM
42,13,174,RAM
42,13,219,RAM
42,13,13,RAM
42,13,28,RAM
42,13,199,RAM
42,13,95,RAM
42,13,40,RAM
42,13,154,RAM
42,14,189,RAM
42,14,52,RAM
42,14,67,RAM
42,14,138,RAM
42,14,167,RAM
42,14,58,RAM
42,14,252,RAM
42,14,155,SSD
42,15,206,RAM
42,15,233,RAM
42,15,181,RAM
42,15,134,RAM
42,15,238,RAM
42,15,213,RAM
42,15,217,SSD
42,15,85,SSD
42,16,170,RAM
42,16,193,SSD
42,16,169,RAM
42,16,231,RAM
42,16,51,RAM
42,16,26,RAM
42,16,24,RAM
42,16,102,RAM
42,17,60,RAM
42,17,8,RAM
42,17,15,RAM
42,17,104,RAM
42,17,115,RAM
42,17,78,RAM
42,17,69,RAM
42,17,204,RAM
42,18,192,RAM
42,18,226,RAM
42,18,117,RAM
42,18,204,RAM
42,18,77,RAM
42,18,17,RAM
42,18,13,RAM
42,18,205,RAM
42,19,137,RAM
42,19,4,RAM
42,19,117,RAM
42,19,59,RAM
42,19,124,RAM
42,19,70,RAM
42,19,248,RAM
42,19,26,RAM
42,20,41,RAM
42,20,151,RAM
42,20,224,RAM
42,20,107,RAM
42,20,56,RAM
42,20,115,RAM
42,20,171,RAM
42,20,205,SSD
42,21,166,RAM
42,21,207,RAM
42,21,96,RAM
42,21,197,RAM
42,21,131,RAM
42,21,243,RAM
42,21,13,SSD
42,21,103,RAM
42,22,234,RAM
42,22,196,RAM
42,22,205,RAM
42,22,9,RAM
42,22,0,SSD
42,22,116,RAM
42,22,46,RAM
42,22,133,RAM
42,23,111,RAM
42,23,116,SSD
42,23,114,RAM
42,23,107,RAM
42,23,59,SSD
42,23,210,RAM
42,23,145,RAM
42,23,46,SSD
42,24,15,RAM
42,24,128,SSD
42,24,39,RAM
42,24,167,RAM
42,24,235,RAM
42,24,3,RAM
42,24,1,SSD
42,24,6,SSD
42,25,28,RAM
42,25,13,RAM
42,25,78,RAM
42,25,19,SSD
42,25,154,RAM
42,25,113,RAM
42,25,241,SSD
42,25,174,RAM
42,26,52,RAM
42,26,137,RAM
42,26,231,RAM
42,26,67,RAM
42,26,252,RAM
42,26,167,RAM
42,26,71,RAM
42,26,106,RAM
42,27,177,RAM
42,27,206,RAM
42,27,233,RAM
42,27,100,RAM
42,27,181,RAM
42,27,162,RAM
42,27,27,SSD
42,27,165,SSD
42,28,170,RAM
42,28,80,RAM
42,28,193,SSD
42,28,26,RAM
42,28,0,RAM
42,28,134,SSD
42,28,236,SSD
42,28,230,RAM
42,29,49,SSD
42,29,88,SSD
42,29,20,RAM
42,29,166,RAM
42,29,21,SSD
42,29,35,RAM
42,29,89,RAM
42,29,238,RAM
42,30,192,RAM
42,30,162,SSD
42,30,13,RAM
42,30,204,RAM
42,30,39,RAM
42,30,50,SSD
42,30,165,RAM
42,30,232,SSD
42,31,30,RAM
42,31,226,RAM
42,31,28,RAM
42,31,137,RAM
42,31,34,SSD
42,31,228,RAM
42,31,252,SSD
42,31,108,RAM
42,32,179,RAM
42,32,86,RAM
42,32,178,RAM
42,32,125,SSD
42,32,146,RAM
42,32,18,RAM
42,32,21,RAM
42,32,140,SSD
42,33,36,SSD
42,33,49,RAM
42,33,97,SSD
42,33,6,RAM
42,33,104,RAM
42,33,75,RAM
42,33,181,RAM
42,33,96,RAM
42,34,44,RAM
42,34,238,RAM
42,34,212,SSD
42,34,28,SSD
42,34,90,SSD
42,34,21,RAM
42,34,255,SSD
42,34,189,SSD
42,35,190,RAM
42,35,148,RAM
42,35,74,RAM
42,35,114,SSD
42,35,97,SSD
42,35,167,RAM
42,35,49,RAM
42,35,212,RAM
42,36,227,RAM
42,36,115,RAM
42,36,147,RAM
42,36,39,RAM
42,36,19,SSD
42,36,234,SSD
42,36,191,SSD
42,36,109,SSD
42,37,78,RAM
42,37,27,RAM
42,37,169,SSD
42,37,108,SSD
42,37,16,SSD
42,37,194,SSD
42,37,242,SSD
42,37,180,SSD
42,38,0,RAM
42,38,215,RAM
42,38,119,RAM
42,38,169,RAM
42,38,35,RAM
42,38,176,RAM
42,38,117,SSD
42,38,159,SSD
42,39,158,RAM
42,39,117,RAM
42,39,179,RAM
42,39,81,SSD
42,39,224,SSD
42,39,73,SSD
42,39,122,RAM
42,39,151,SSD
43,0,101,SSD
43,0,35,SSD
43,0,197,SSD
43,0,108,SSD
43,0,242,SSD
43,0,135,SSD
43,0,9,SSD
43,0,79,SSD
43,1,155,SSD
43,1,27,SSD
43,1,231,SSD
43,1,150,SSD
43,1,146,SSD
43,1,62,SSD
43,1,97,RAM
43,1,11,SSD
43,2,109,SSD
43,2,43,SSD
43,2,117,RAM
43,2,210,SSD
43,2,121,SSD
43,2,39,RAM
43,2,75,SSD
43,2,158,RAM
43,3,117,SSD
43,3,37,SSD
43,3,236,SSD
43,3,211,SSD
43,3,199,RAM
43,3,119,SSD
43,3,190,SSD
43,3,106,SSD
43,4,154,RAM
43,4,142,SSD
43,4,102,SSD
43,4,108,SSD
43,4,222,SSD
43,4,54,RAM
43,4,105,RAM
43,4,15,SSD
43,5,158,RAM
43,5,104,SSD
43,5,236,RAM
43,5,69,RAM
43,5,186,SSD
43,5,178,RAM
43,5,151,RAM
43,5,220,SSD
43,6,79,RAM
43,6,157,RAM
43,6,196,RAM
43,6,153,SSD
43,6,182,SSD
43,6,167,SSD
43,6,133,RAM
43,6,138,SSD
43,7,199,RAM
43,7,23,SSD
43,7,29,SSD
43,7,79,RAM
43,7,76,RAM
43,7,185,RAM
43,7,64,SSD
43,7,147,SSD
43,8,56,RAM
43,8,35,SSD
43,8,239,SSD
43,8,116,RAM
43,8,180,SSD
43,8,224,RAM
43,8,164,RAM
43,8,151,RAM
43,9,203,SSD
43,9,29,SSD
43,9,94,SSD
43,9,197,RAM
43,9,164,SSD
43,9,255,RAM
43,9,243,RAM
43,9,9,RAM
43,10,169,SSD
43,10,196,RAM
43,10,198,SSD
43,10,234,RAM
43,10,88,SSD
43,10,63,RAM
43,10,171,RAM
43,10,185,SSD
43,11,107,RAM
43,11,111,RAM
43,11,42,RAM
43,11,128,SSD
43,11,189,SSD
43,11,12,SSD
43,11,160,SSD
43,11,106,SSD
43,12,220,SSD
43,12,128,RAM
43,12,3,RAM
43,12,74,SSD
43,12,15,RAM
43,12,26,SSD
43,12,39,RAM
43,12,81,RAM
43,13,154,RAM
43,13,134,SSD
43,13,147,SSD
43,13,174,RAM
43,13,28,RAM
43,13,43,SSD
43,13,32,SSD
43,13,74,RAM
43,14,137,RAM
43,14,52,RAM
43,14,51,RAM
43,14,167,RAM
43,14,189,RAM
43,14,86,SSD
43,14,138,RAM
43,14,148,SSD
43,15,181,RAM
43,15,162,RAM
43,15,165,RAM
43,15,87,SSD
43,15,148,RAM
43,15,206,RAM
43,15,200,SSD
43,15,58,SSD
43,16,150,SSD
43,16,5,SSD
43,16,43,SSD
43,16,170,RAM
43,16,231,RAM
43,16,80,RAM
43,16,106,SSD
43,16,133,SSD
43,17,87,SSD
43,17,250,SSD
43,17,0,SSD
43,17,60,RAM
43,17,166,RAM
43,17,89,SSD
43,17,220,RAM
43,17,64,SSD
43,18,226,RAM
43,18,197,SSD
43,18,192,RAM
43,18,204,RAM
43,18,43,SSD
43,18,205,RAM
43,18,134,SSD
43,18,179,SSD
43,19,4,RAM
43,19,20,SSD
43,19,109,SSD
43,19,205,SSD
43,19,117,RAM
43,19,160,SSD
43,19,197,RAM
43,19,137,RAM
43,20,23,RAM
43,20,239,SSD
43,20,56,RAM
43,20,41,RAM
43,20,116,SSD
43,20,115,RAM
43,20,179,SSD
43,20,224,RAM
43,21,2,SSD
43,21,203,SSD
43,21,164,SSD
43,21,197,RAM
43,21,166,RAM
43,21,29,SSD
43,21,13,RAM
43,21,35,SSD
43,22,169,SSD
43,22,198,SSD
43,22,196,RAM
43,22,65,SSD
43,22,150,SSD
43,22,234,RAM
43,22,88,SSD
43,22,238,SSD
43,23,111,RAM
43,23,128,SSD
43,23,189,SSD
43,23,107,RAM
43,23,206,SSD
43,23,62,SSD
43,23,188,SSD
43,23,86,SSD
43,24,74,SSD
43,24,220,RAM
43,24,15,RAM
43,24,26,SSD
43,24,63,SSD
43,24,54,SSD
43,24,104,RAM
43,24,52,SSD
43,25,134,SSD
43,25,147,SSD
43,25,154,RAM
43,25,182,SSD
43,25,43,SSD
43,25,32,RAM
43,25,253,SSD
43,25,130,SSD
43,26,52,RAM
43,26,137,RAM
43,26,51,RAM
43,26,86,SSD
43,26,252,RAM
43,26,124,SSD
43,26,10,SSD
43,26,148,SSD
43,27,181,RAM
43,27,165,RAM
43,27,162,RAM
43,27,58,RAM
43,27,172,SSD
43,27,87,SSD
43,27,31,SSD
43,27,206,RAM
43,28,43,SSD
43,28,111,SSD
43,28,133,SSD
43,28,80,RAM
43,28,106,SSD
43,28,5,SSD
43,28,170,RAM
43,28,134,RAM
43,29,87,SSD
43,29,250,SSD
43,29,0,SSD
43,29,60,RAM
43,29,20,RAM
43,29,69,RAM
43,29,76,SSD
43,29,89,RAM
43,30,226,SSD
43,30,170,SSD
43,30,192,RAM
43,30,39,RAM
43,30,117,RAM
43,30,197,SSD
43,30,179,SSD
43,30,77,SSD
43,31,20,SSD
43,31,109,SSD
43,31,26,SSD
43,31,205,SSD
43,31,4,SSD
43,31,212,SSD
43,31,137,RAM
43,31,197,SSD
43,32,178,RAM
43,32,90,SSD
43,32,98,SSD
43,32,181,SSD
43,32,112,SSD
43,32,252,SSD
43,32,77,SSD
43,32,53,SSD
43,33,126,SSD
43,33,83,SSD
43,33,184,SSD
43,33,129,SSD
43,33,43,SSD
43,33,127,SSD
43,33,81,RAM
43,33,16,RAM
43,34,116,SSD
43,34,1,SSD
43,34,85,SSD
43,34,26,SSD
43,34,132,SSD
43,34,96,SSD
43,34,21,RAM
43,34,189,RAM
43,35,84,SSD
43,35,42,SSD
43,35,57,SSD
43,35,97,RAM
43,35,160,SSD
43,35,72,SSD
43,35,203,SSD
43,35,194,SSD
43,36,20,SSD
43,36,83,SSD
43,36,221,SSD
43,36,102,SSD
43,36,59,SSD
43,36,161,SSD
43,36,70,SSD
43,36,171,SSD
43,37,65,SSD
43,37,88,SSD
43,37,72,SSD
43,37,229,SSD
43,37,182,SSD
43,37,73,SSD
43,37,61,SSD
43,37,138,SSD
43,38,209,SSD
43,38,176,RAM
43,38,117,RAM
43,38,18,SSD
43,38,166,SSD
43,38,252,SSD
43,38,134,SSD
43,38,151,SSD
43,39,228,SSD
43,39,193,SSD
43,39,164,SSD
43,39,218,SSD
43,39,22,SSD
43,39,198,SSD
43,39,10,SSD
43,39,137,SSD
44,0,115,SSD
44,0,177,SSD
44,0,47,SSD
44,0,132,SSD
44,0,158,SSD
44,0,235,SSD
44,0,81,SSD
44,0,192,SSD
44,1,182,SSD
44,1,217,SSD
44,1,155,RAM
44,1,11,RAM
44,1,146,RAM
44,1,211,RAM
44,1,140,SSD
44,1,62,RAM
44,2,123,SSD
44,2,93,SSD
44,2,167,SSD
44,2,121,RAM
44,2,100,SSD
44,2,43,RAM
44,2,255,SSD
44,2,103,SSD
44,3,117,RAM
44,3,190,RAM
44,3,37,RAM
44,3,119,RAM
44,3,187,SSD
44,3,133,SSD
44,3,41,SSD
44,3,39,SSD
44,4,154,RAM
44,4,54,RAM
44,4,142,RAM
44,4,236,SSD
44,4,102,RAM
44,4,95,SSD
44,4,222,RAM
44,4,108,RAM
44,5,158,RAM
44,5,188,SSD
44,5,90,SSD
44,5,65,SSD
44,5,193,SSD
44,5,43,SSD
44,5,135,SSD
44,5,47,SSD
44,6,153,RAM
44,6,138,RAM
44,6,79,RAM
44,6,196,RAM
44,6,182,RAM
44,6,60,SSD
44,6,157,RAM
44,6,22,SSD
44,7,78,SSD
44,7,23,RAM
44,7,117,SSD
44,7,14,SSD
44,7,229,SSD
44,7,29,RAM
44,7,185,RAM
44,7,184,SSD
44,8,224,RAM
44,8,180,RAM
44,8,239,RAM
44,8,137,SSD
44,8,116,RAM
44,8,4,SSD
44,8,56,RAM
44,8,164,RAM
44,9,255,RAM
44,9,239,SSD
44,9,164,RAM
44,9,2,SSD
44,9,191,SSD
44,9,197,RAM
44,9,8,SSD
44,9,243,RAM
44,10,198,RAM
44,10,169,RAM
44,10,196,RAM
44,10,185,RAM
44,10,65,SSD
44,10,125,SSD
44,10,88,RAM
44,10,247,SSD
44,11,128,RAM
44,11,107,RAM
44,11,206,SSD
44,11,160,RAM
44,11,108,SSD
44,11,111,RAM
44,11,189,RAM
44,11,47,SSD
44,12,128,RAM
44,12,93,SSD
44,12,74,RAM
44,12,220,RAM
44,12,15,RAM
44,12,1,SSD
44,12,223,SSD
44,12,3,RAM
44,13,154,RAM
44,13,134,RAM
44,13,147,RAM
44,13,182,SSD
44,13,202,SSD
44,13,212,SSD
44,13,66,SSD
44,13,93,SSD
44,14,88,SSD
44,14,137,RAM
44,14,51,RAM
44,14,148,RAM
44,14,52,RAM
44,14,32,SSD
44,14,167,RAM
44,14,189,RAM
44,15,58,RAM
44,15,162,RAM
44,15,148,RAM
44,15,165,RAM
44,15,200,RAM
44,15,87,RAM
44,15,242,SSD
44,15,4,SSD
44,16,43,RAM
44,16,238,SSD
44,16,28,SSD
44,16,133,RAM
44,16,35,SSD
44,16,51,RAM
44,16,60,SSD
44,16,40,SSD
44,17,87,RAM
44,17,250,RAM
44,17,0,RAM
44,17,76,SSD
44,17,15,RAM
44,17,89,RAM
44,17,198,SSD
44,17,248,SSD
44,18,43,RAM
44,18,134,RAM
44,18,161,SSD
44,18,204,RAM
44,18,226,RAM
44,18,13,RAM
44,18,163,SSD
44,18,179,RAM
44,19,116,SSD
44,19,20,RAM
44,19,109,RAM
44,19,36,SSD
44,19,19,SSD
44,19,205,RAM
44,19,195,SSD
44,19,243,SSD
44,20,23,RAM
44,20,137,SSD
44,20,4,RAM
44,20,239,RAM
44,20,56,RAM
44,20,116,RAM
44,20,180,SSD
44,20,133,SSD
44,21,197,RAM
44,21,255,SSD
44,21,239,SSD
44,21,164,RAM
44,21,191,SSD
44,21,161,SSD
44,21,2,RAM
44,21,35,RAM
44,22,176,SSD
44,22,65,RAM
44,22,125,SSD
44,22,150,RAM
44,22,243,SSD
44,22,196,RAM
44,22,198,RAM
44,22,185,SSD
44,23,128,RAM
44,23,160,SSD
44,23,206,RAM
44,23,9,SSD
44,23,86,RAM
44,23,111,RAM
44,23,189,RAM
44,23,254,SSD
44,24,145,SSD
44,24,93,SSD
44,24,52,RAM
44,24,151,SSD
44,24,74,RAM
44,24,235,RAM
44,24,220,RAM
44,24,85,SSD
44,25,154,RAM
44,25,134,RAM
44,25,182,RAM
44,25,147,RAM
44,25,32,RAM
44,25,89,SSD
44,25,66,SSD
44,25,6,SSD
44,26,137,RAM
44,26,51,RAM
44,26,88,SSD
44,26,10,RAM
44,26,86,RAM
44,26,52,RAM
44,26,148,RAM
44,26,103,SSD
44,27,87,RAM
44,27,242,SSD
44,27,165,RAM
44,27,58,RAM
44,27,181,RAM
44,27,31,RAM
44,27,162,RAM
44,27,172,RAM
44,28,238,SSD
44,28,43,RAM
44,28,150,SSD
44,28,111,RAM
44,28,106,RAM
44,28,205,SSD
44,28,75,SSD
44,28,133,RAM
44,29,0,RAM
44,29,87,RAM
44,29,124,SSD
44,29,5,SSD
44,29,250,RAM
44,29,76,RAM
44,29,16,SSD
44,29,153,SSD
44,30,226,RAM
44,30,163,SSD
44,30,134,SSD
44,30,43,SSD
44,30,170,RAM
44,30,197,RAM
44,30,13,RAM
44,30,195,SSD
44,31,20,RAM
44,31,116,SSD
44,31,26,RAM
44,31,109,RAM
44,31,205,RAM
44,31,167,SSD
44,31,36,SSD
44,31,4,RAM
44,32,252,RAM
44,32,112,RAM
44,32,119,SSD
44,32,90,RAM
44,32,181,RAM
44,32,178,RAM
44,32,150,SSD
44,32,223,SSD
44,33,184,RAM
44,33,93,SSD
44,33,92,SSD
44,33,43,RAM
44,33,83,RAM
44,33,129,RAM
44,33,210,SSD
44,33,16,RAM
44,34,85,RAM
44,34,26,RAM
44,34,1,RAM
44,34,82,SSD
44,34,186,SSD
44,34,132,RAM
44,34,231,SSD
44,34,133,SSD
44,35,42,RAM
44,35,57,RAM
44,35,84,RAM
44,35,72,RAM
44,35,160,RAM
44,35,97,RAM
44,35,108,SSD
44,35,204,SSD
44,36,83,RAM
44,36,20,RAM
44,36,70,RAM
44,36,221,RAM
44,36,120,SSD
44,36,98,SSD
44,36,222,SSD
44,36,22,SSD
44,37,182,RAM
44,37,88,RAM
44,37,229,RAM
44,37,104,SSD
44,37,39,SSD
44,37,138,RAM
44,37,58,SSD
44,37,72,RAM
44,38,151,RAM
44,38,27,SSD
44,38,148,SSD
44,38,209,RAM
44,38,249,SSD
44,38,64,SSD
44,38,92,SSD
44,38,16,SSD
44,39,154,SSD
44,39,217,SSD
44,39,38,SSD
44,39,11,SSD
44,39,186,SSD
44,39,69,SSD
44,39,37,SSD
44,39,128,SSD
45,0,41,SSD
45,0,238,SSD
45,0,173,SSD
45,0,43,SSD
45,0,30,SSD
45,0,86,SSD
45,0,75,SSD
45,0,169,SSD
45,1,182,RAM
45,1,155,RAM
45,1,217,RAM
45,1,140,RAM
45,1,211,RAM
45,1,11,RAM
45,1,146,RAM
45,1,93,SSD
45,2,49,SSD
45,2,121,RAM
45,2,20,SSD
45,2,167,RAM
45,2,60,SSD
45,2,43,RAM
45,2,11,SSD
45,2,219,SSD
45,3,117,RAM
45,3,199,RAM
45,3,236,RAM
45,3,233,SSD
45,3,113,SSD
45,3,119,RAM
45,3,226,SSD
45,3,39,RAM
45,4,54,RAM
45,4,154,RAM
45,4,58,SSD
45,4,45,SSD
45,4,193,SSD
45,4,235,SSD
45,4,5,SSD
45,4,129,SSD
45,5,188,RAM
45,5,65,RAM
45,5,158,RAM
45,5,90,RAM
45,5,43,RAM
45,5,127,SSD
45,5,198,SSD
45,5,88,SSD
45,6,138,RAM
45,6,79,RAM
45,6,68,SSD
45,6,65,SSD
45,6,60,RAM
45,6,14,SSD
45,6,196,RAM
45,6,143,SSD
45,7,117,RAM
45,7,78,RAM
45,7,23,RAM
45,7,185,RAM
45,7,229,RAM
45,7,76,RAM
45,7,184,RAM
45,7,254,SSD
45,8,239,RAM
45,8,116,RAM
45,8,104,SSD
45,8,137,RAM
45,8,56,RAM
45,8,180,RAM
45,8,224,RAM
45,8,164,RAM
45,9,255,RAM
45,9,2,RAM
45,9,197,RAM
45,9,191,RAM
45,9,8,RAM
45,9,239,RAM
45,9,164,RAM
45,9,171,SSD
45,10,157,SSD
45,10,125,RAM
45,10,65,RAM
45,10,185,RAM
45,10,27,SSD
45,10,196,RAM
45,10,88,RAM
45,10,198,RAM
45,11,111,RAM
45,11,39,SSD
45,11,181,SSD
45,11,108,RAM
45,11,128,RAM
45,11,206,RAM
45,11,47,RAM
45,11,19,SSD
45,12,220,RAM
45,12,151,SSD
45,12,93,RAM
45,12,62,SSD
45,12,54,SSD
45,12,85,SSD
45,12,199,SSD
45,12,15,RAM
45,13,134,RAM
45,13,103,SSD
45,13,138,SSD
45,13,154,RAM
45,13,182,RAM
45,13,212,RAM
45,13,112,SSD
45,13,251,SSD
45,14,52,RAM
45,14,137,RAM
45,14,51,RAM
45,14,86,RAM
45,14,106,SSD
45,14,167,RAM
45,14,148,RAM
45,14,10,SSD
45,15,46,SSD
45,15,162,RAM
45,15,165,RAM
45,15,181,RAM
45,15,58,RAM
45,15,148,RAM
45,15,172,SSD
45,15,4,RAM
45,16,43,RAM
45,16,231,RAM
45,16,205,RAM
45,16,133,RAM
45,16,170,RAM
45,16,51,RAM
45,16,106,RAM
45,16,80,RAM
45,17,5,SSD
45,17,87,RAM
45,17,0,RAM
45,17,166,RAM
45,17,158,SSD
45,17,15,RAM
45,17,89,RAM
45,17,20,SSD
45,18,226,RAM
45,18,192,RAM
45,18,204,RAM
45,18,170,SSD
45,18,197,RAM
45,18,43,RAM
45,18,163,RAM
45,18,161,RAM
45,19,109,RAM
45,19,167,SSD
45,19,4,RAM
45,19,26,RAM
45,19,20,RAM
45,19,195,RAM
45,19,116,RAM
45,19,205,RAM
45,20,239,RAM
45,20,116,RAM
45,20,23,RAM
45,20,179,RAM
45,20,56,RAM
45,20,104,SSD
45,20,115,RAM
45,20,4,RAM
45,21,191,RAM
45,21,2,RAM
45,21,255,RAM
45,21,197,RAM
45,21,239,RAM
45,21,164,RAM
45,21,207,RAM
45,21,169,SSD
45,22,157,SSD
45,22,125,RAM
45,22,65,RAM
45,22,196,RAM
45,22,234,RAM
45,22,63,RAM
45,22,150,RAM
45,22,236,SSD
45,23,111,RAM
45,23,39,SSD
45,23,128,RAM
45,23,206,RAM
45,23,239,SSD
45,23,86,RAM
45,23,188,RAM
45,23,181,SSD
45,24,93,RAM
45,24,220,RAM
45,24,54,RAM
45,24,151,RAM
45,24,235,RAM
45,24,74,RAM
45,24,15,RAM
45,24,199,SSD
45,25,134,RAM
45,25,182,RAM
45,25,6,RAM
45,25,154,RAM
45,25,138,SSD
45,25,103,SSD
45,25,253,RAM
45,25,251,RAM
45,26,52,RAM
45,26,137,RAM
45,26,51,RAM
45,26,86,RAM
45,26,106,RAM
45,26,252,RAM
45,26,167,RAM
45,26,10,RAM
45,27,46,SSD
45,27,162,RAM
45,27,181,RAM
45,27,165,RAM
45,27,58,RAM
45,27,172,RAM
45,27,206,RAM
45,27,31,RAM
45,28,43,RAM
45,28,111,RAM
45,28,170,RAM
45,28,80,RAM
45,28,51,SSD
45,28,133,RAM
45,28,20,SSD
45,28,61,SSD
45,29,5,RAM
45,29,158,SSD
45,29,0,RAM
45,29,87,RAM
45,29,89,RAM
45,29,69,RAM
45,29,60,RAM
45,29,28,RAM
45,30,226,RAM
45,30,192,RAM
45,30,117,RAM
45,30,170,RAM
45,30,163,RAM
45,30,17,RAM
45,30,16,SSD
45,30,77,RAM
45,31,167,RAM
45,31,137,RAM
45,31,109,RAM
45,31,124,RAM
45,31,30,RAM
45,31,226,RAM
45,31,20,RAM
45,31,26,RAM
45,32,178,RAM
45,32,119,RAM
45,32,90,RAM
45,32,223,RAM
45,32,206,SSD
45,32,181,RAM
45,32,59,RAM
45,32,47,SSD
45,33,74,SSD
45,33,83,RAM
45,33,129,RAM
45,33,93,RAM
45,33,81,RAM
45,33,16,RAM
45,33,40,SSD
45,33,220,SSD
45,34,116,RAM
45,34,1,RAM
45,34,141,SSD
45,34,186,RAM
45,34,21,RAM
45,34,85,RAM
45,34,82,RAM
45,34,26,RAM
45,35,167,RAM
45,35,214,SSD
45,35,224,SSD
45,35,244,SSD
45,35,202,RAM
45,35,212,RAM
45,35,76,SSD
45,35,97,RAM
45,36,70,RAM
45,36,129,SSD
45,36,158,RAM
45,36,239,SSD
45,36,83,RAM
45,36,34,SSD
45,36,181,SSD
45,36,74,SSD
45,37,64,RAM
45,37,58,RAM
45,37,57,SSD
45,37,147,SSD
45,37,182,RAM
45,37,88,RAM
45,37,145,SSD
45,37,14,SSD
45,38,92,RAM
45,38,148,RAM
45,38,79,SSD
45,38,84,SSD
45,38,94,RAM
45,38,127,RAM
45,38,151,RAM
45,38,66,SSD
45,39,2,SSD
45,39,189,SSD
45,39,38,RAM
45,39,242,SSD
45,39,78,SSD
45,39,217,RAM
45,39,213,SSD
45,39,69,RAM
46,0,41,RAM
46,0,29,SSD
46,0,86,RAM
46,0,222,SSD
46,0,2,SSD
46,0,223,SSD
46,0,236,SSD
46,0,20,SSD
46,1,124,SSD
46,1,211,RAM
46,1,19,SSD
46,1,245,SSD
46,1,118,SSD
46,1,95,SSD
46,1,52,SSD
46,1,167,SSD
46,2,60,RAM
46,2,49,RAM
46,2,253,RAM
46,2,188,SSD
46,2,11,RAM
46,2,255,RAM
46,2,193,SSD
46,2,139,SSD
46,3,177,SSD
46,3,202,RAM
46,3,199,RAM
46,3,39,RAM
46,3,56,SSD
46,3,197,SSD
46,3,30,SSD
46,3,219,SSD
46,4,154,RAM
46,4,149,SSD
46,4,121,RAM
46,4,88,SSD
46,4,54,RAM
46,4,152,SSD
46,4,70,SSD
46,4,192,SSD
46,5,115,SSD
46,5,213,SSD
46,5,153,RAM
46,5,198,RAM
46,5,210,SSD
46,5,122,SSD
46,5,120,RAM
46,5,0,SSD
46,6,14,RAM
46,6,157,RAM
46,6,156,SSD
46,6,102,RAM
46,6,79,RAM
46,6,38,SSD
46,6,183,SSD
46,6,49,RAM
46,7,199,RAM
46,7,24,RAM
46,7,32,SSD
46,7,132,RAM
46,7,76,RAM
46,7,81,SSD
46,7,185,RAM
46,7,111,SSD
46,8,41,RAM
46,8,151,RAM
46,8,224,RAM
46,8,56,RAM
46,8,116,RAM
46,8,171,SSD
46,8,220,RAM
46,8,246,SSD
46,9,166,RAM
46,9,5,RAM
46,9,98,RAM
46,9,120,SSD
46,9,61,RAM
46,9,243,RAM
46,9,197,RAM
46,9,207,RAM
46,10,122,SSD
46,10,17,SSD
46,10,157,RAM
46,10,205,RAM
46,10,234,RAM
46,10,63,RAM
46,10,171,RAM
46,10,232,RAM
46,11,111,RAM
46,11,209,SSD
46,11,181,RAM
46,11,101,RAM
46,11,14,SSD
46,11,85,SSD
46,11,239,SSD
46,11,134,RAM
46,12,166,SSD
46,12,191,SSD
46,12,3,RAM
46,12,9,RAM
46,12,116,RAM
46,12,220,RAM
46,12,42,RAM
46,12,2,RAM
46,13,174,RAM
46,13,28,RAM
46,13,154,RAM
46,13,219,RAM
46,13,40,RAM
46,13,208,SSD
46,13,113,SSD
46,13,138,RAM
46,14,52,RAM
46,14,58,RAM
46,14,252,RAM
46,14,138,RAM
46,14,189,RAM
46,14,67,RAM
46,14,167,RAM
46,14,201,SSD
46,15,116,SSD
46,15,206,RAM
46,15,110,SSD
46,15,162,RAM
46,15,181,RAM
46,15,238,RAM
46,15,158,SSD
46,15,134,RAM
46,16,20,SSD
46,16,170,RAM
46,16,138,SSD
46,16,181,SSD
46,16,231,RAM
46,16,24,RAM
46,16,169,RAM
46,16,137,SSD
46,17,158,RAM
46,17,60,RAM
46,17,69,RAM
46,17,101,RAM
46,17,204,RAM
46,17,78,RAM
46,17,166,RAM
46,17,89,RAM
46,18,130,SSD
46,18,226,RAM
46,18,117,RAM
46,18,192,RAM
46,18,17,RAM
46,18,204,RAM
46,18,141,SSD
46,18,77,RAM
46,19,4,RAM
46,19,248,RAM
46,19,137,RAM
46,19,59,RAM
46,19,117,RAM
46,19,124,RAM
46,19,252,SSD
46,19,99,SSD
46,20,41,RAM
46,20,151,RAM
46,20,224,RAM
46,20,157,SSD
46,20,1,SSD
46,20,171,RAM
46,20,102,SSD
46,20,53,SSD
46,21,166,RAM
46,21,151,SSD
46,21,207,RAM
46,21,103,RAM
46,21,243,RAM
46,21,5,SSD
46,21,120,SSD
46,21,61,RAM
46,22,205,RAM
46,22,157,RAM
46,22,17,SSD
46,22,122,RAM
46,22,63,RAM
46,22,116,RAM
46,22,8,SSD
46,22,232,SSD
46,23,111,RAM
46,23,209,SSD
46,23,14,SSD
46,23,134,RAM
46,23,56,RAM
46,23,239,RAM
46,23,107,RAM
46,23,195,SSD
46,24,9,RAM
46,24,166,SSD
46,24,2,RAM
46,24,42,RAM
46,24,220,RAM
46,24,191,SSD
46,24,244,SSD
46,24,116,SSD
46,25,174,RAM
46,25,219,RAM
46,25,228,RAM
46,25,6,RAM
46,25,40,SSD
46,25,155,SSD
46,25,208,SSD
46,25,24,SSD
46,26,52,RAM
46,26,252,RAM
46,26,138,RAM
46,26,58,RAM
46,26,67,RAM
46,26,180,SSD
46,26,136,SSD
46,26,78,RAM
46,27,206,RAM
46,27,116,SSD
46,27,110,SSD
46,27,100,RAM
46,27,177,RAM
46,27,233,RAM
46,27,158,SSD
46,27,122,SSD
46,28,20,RAM
46,28,201,SSD
46,28,138,SSD
46,28,170,RAM
46,28,31,SSD
46,28,111,RAM
46,28,26,RAM
46,28,188,SSD
46,29,158,RAM
46,29,69,RAM
46,29,78,SSD
46,29,28,RAM
46,29,101,SSD
46,29,187,SSD
46,29,60,RAM
46,29,204,RAM
46,30,130,SSD
46,30,117,RAM
46,30,226,RAM
46,30,237,SSD
46,30,192,RAM
46,30,221,SSD
46,30,17,RAM
46,30,118,SSD
46,31,137,RAM
46,31,14,RAM
46,31,248,RAM
46,31,124,RAM
46,31,99,SSD
46,31,226,RAM
46,31,70,SSD
46,31,247,SSD
46,32,178,RAM
46,32,206,RAM
46,32,19,SSD
46,32,14,SSD
46,32,75,SSD
46,32,197,SSD
46,32,59,RAM
46,32,157,SSD
46,33,5,SSD
46,33,74,RAM
46,33,81,RAM
46,33,161,SSD
46,33,103,SSD
46,33,18,SSD
46,33,59,SSD
46,33,40,RAM
46,34,11,SSD
46,34,227,SSD
46,34,141,RAM
46,34,213,SSD
46,34,18,SSD
46,34,191,SSD
46,34,63,SSD
46,34,21,RAM
46,35,244,RAM
46,35,214,RAM
46,35,167,RAM
46,35,43,SSD
46,35,202,RAM
46,35,76,RAM
46,35,77,SSD
46,35,36,SSD
46,36,158,RAM
46,36,48,SSD
46,36,129,RAM
46,36,24,SSD
46,36,251,SSD
46,36,239,RAM
46,36,118,SSD
46,36,188,SSD
46,37,58,RAM
46,37,64,RAM
46,37,14,RAM
46,37,57,RAM
46,37,147,RAM
46,37,162,SSD
46,37,103,SSD
46,37,21,SSD
46,38,79,RAM
46,38,92,RAM
46,38,124,SSD
46,38,84,RAM
46,38,127,RAM
46,38,94,RAM
46,38,34,SSD
46,38,250,SSD
46,39,189,RAM
46,39,242,RAM
46,39,78,RAM
46,39,77,SSD
46,39,2,RAM
46,39,213,RAM
46,39,44,SSD
46,39,13,SSD
47,0,199,SSD
47,0,134,SSD
47,0,175,SSD
47,0,231,SSD
47,0,124,SSD
47,0,13,SSD
47,0,155,SSD
47,0,180,SSD
47,1,211,RAM
47,1,17,SSD
47,1,49,SSD
47,1,234,RAM
47,1,16,SSD
47,1,183,SSD
47,1,14,SSD
47,1,245,RAM
47,2,43,RAM
47,2,21,SSD
47,2,83,SSD
47,2,253,RAM
47,2,49,RAM
47,2,97,SSD
47,2,56,SSD
47,2,106,SSD
47,3,213,SSD
47,3,202,RAM
47,3,39,RAM
47,3,199,RAM
47,3,113,RAM
47,3,251,RAM
47,3,218,RAM
47,3,30,RAM
47,4,154,RAM
47,4,54,RAM
47,4,121,RAM
47,4,44,SSD
47,4,124,SSD
47,4,250,SSD
47,4,245,SSD
47,4,243,SSD
47,5,236,RAM
47,5,2,SSD
47,5,115,RAM
47,5,183,RAM
47,5,120,RAM
47,5,153,RAM
47,5,188,RAM
47,5,52,SSD
47,6,14,RAM
47,6,157,RAM
47,6,161,RAM
47,6,49,RAM
47,6,156,RAM
47,6,79,RAM
47,6,100,SSD
47,6,185,SSD
47,7,199,RAM
47,7,132,RAM
47,7,79,RAM
47,7,24,RAM
47,7,76,RAM
47,7,167,SSD
47,7,192,RAM
47,7,28,SSD
47,8,159,SSD
47,8,41,RAM
47,8,151,RAM
47,8,220,RAM
47,8,224,RAM
47,8,56,RAM
47,8,184,SSD
47,8,164,RAM
47,9,5,RAM
47,9,166,RAM
47,9,61,RAM
47,9,98,RAM
47,9,85,SSD
47,9,197,RAM
47,9,8,RAM
47,9,212,SSD
47,10,122,RAM
47,10,9,RAM
47,10,157,RAM
47,10,8,RAM
47,10,234,RAM
47,10,222,SSD
47,10,171,RAM
47,10,63,RAM
47,11,111,RAM
47,11,85,RAM
47,11,59,SSD
47,11,3,SSD
47,11,209,RAM
47,11,101,RAM
47,11,103,SSD
47,11,47,RAM
47,12,3,RAM
47,12,220,RAM
47,12,210,SSD
47,12,191,RAM
47,12,9,RAM
47,12,208,RAM
47,12,42,RAM
47,12,189,SSD
47,13,219,RAM
47,13,28,RAM
47,13,174,RAM
47,13,154,RAM
47,13,228,SSD
47,13,113,RAM
47,13,123,SSD
47,13,95,RAM
47,14,138,RAM
47,14,52,RAM
47,14,189,RAM
47,14,58,RAM
47,14,167,RAM
47,14,252,RAM
47,14,155,RAM
47,14,67,RAM
47,15,206,RAM
47,15,181,RAM
47,15,110,RAM
47,15,162,RAM
47,15,238,RAM
47,15,233,RAM
47,15,100,SSD
47,15,217,RAM
47,16,170,RAM
47,16,190,SSD
47,16,20,RAM
47,16,231,RAM
47,16,181,RAM
47,16,224,SSD
47,16,188,SSD
47,16,152,SSD
47,17,158,RAM
47,17,60,RAM
47,17,78,RAM
47,17,8,RAM
47,17,166,RAM
47,17,187,SSD
47,17,124,SSD
47,17,69,RAM
47,18,226,RAM
47,18,250,SSD
47,18,17,RAM
47,18,192,RAM
47,18,205,RAM
47,18,197,RAM
47,18,130,RAM
47,18,117,RAM
47,19,4,RAM
47,19,248,RAM
47,19,252,RAM
47,19,137,RAM
47,19,124,RAM
47,19,160,RAM
47,19,170,SSD
47,19,75,SSD
47,20,41,RAM
47,20,224,RAM
47,20,159,SSD
47,20,151,RAM
47,20,35,SSD
47,20,4,RAM
47,20,171,RAM
47,20,179,RAM
47,21,151,RAM
47,21,5,RAM
47,21,166,RAM
47,21,13,RAM
47,21,61,RAM
47,21,131,RAM
47,21,156,SSD
47,21,243,RAM
47,22,157,RAM
47,22,122,RAM
47,22,63,RAM
47,22,9,RAM
47,22,8,RAM
47,22,116,RAM
47,22,205,RAM
47,22,242,SSD
47,23,85,SSD
47,23,111,RAM
47,23,107,RAM
47,23,56,RAM
47,23,59,RAM
47,23,66,SSD
47,23,14,RAM
47,23,188,RAM
47,24,220,RAM
47,24,15,RAM
47,24,3,RAM
47,24,191,RAM
47,24,210,SSD
47,24,9,RAM
47,24,128,RAM
47,24,139,SSD
47,25,219,RAM
47,25,174,RAM
47,25,20,SSD
47,25,28,RAM
47,25,29,SSD
47,25,113,RAM
47,25,228,RAM
47,25,154,RAM
47,26,52,RAM
47,26,86,RAM
47,26,138,RAM
47,26,137,RAM
47,26,252,RAM
47,26,67,RAM
47,26,51,RAM
47,26,146,SSD
47,27,162,RAM
47,27,181,RAM
47,27,100,RAM
47,27,206,RAM
47,27,165,RAM
47,27,172,RAM
47,27,110,RAM
47,27,13,SSD
47,28,111,RAM
47,28,170,RAM
47,28,31,RAM
47,28,188,RAM
47,28,190,SSD
47,28,224,SSD
47,28,136,SSD
47,28,71,SSD
47,29,158,RAM
47,29,21,RAM
47,29,255,SSD
47,29,60,RAM
47,29,69,RAM
47,29,187,RAM
47,29,28,RAM
47,29,229,SSD
47,30,197,RAM
47,30,250,SSD
47,30,226,RAM
47,30,117,RAM
47,30,17,RAM
47,30,205,SSD
47,30,192,RAM
47,30,16,RAM
47,31,4,RAM
47,31,252,RAM
47,31,248,RAM
47,31,137,RAM
47,31,124,RAM
47,31,205,RAM
47,31,218,SSD
47,31,228,RAM
47,32,90,RAM
47,32,19,RAM
47,32,77,RAM
47,32,76,SSD
47,32,123,SSD
47,32,254,SSD
47,32,59,RAM
47,32,186,SSD
47,33,95,SSD
47,33,74,RAM
47,33,238,SSD
47,33,56,SSD
47,33,81,RAM
47,33,205,SSD
47,33,83,RAM
47,33,139,SSD
47,34,1,RAM
47,34,191,RAM
47,34,72,SSD
47,34,101,SSD
47,34,240,SSD
47,34,252,SSD
47,34,180,SSD
47,34,195,SSD
47,35,167,RAM
47,35,43,RAM
47,35,202,RAM
47,35,97,RAM
47,35,191,SSD
47,35,218,SSD
47,35,61,SSD
47,35,76,RAM
47,36,158,RAM
47,36,98,RAM
47,36,248,SSD
47,36,120,RAM
47,36,70,RAM
47,36,118,RAM
47,36,34,RAM
47,36,142,SSD
47,37,64,RAM
47,37,58,RAM
47,37,103,RAM
47,37,65,RAM
47,37,229,RAM
47,37,126,SSD
47,37,190,SSD
47,37,227,SSD
47,38,92,RAM
47,38,127,RAM
47,38,0,RAM
47,38,148,RAM
47,38,94,RAM
47,38,84,RAM
47,38,119,RAM
47,38,34,RAM
47,39,189,RAM
47,39,129,SSD
47,39,38,RAM
47,39,78,RAM
47,39,70,SSD
47,39,243,SSD
47,39,122,RAM
47,39,2,RAM
48,0,11,SSD
48,0,79,RAM
48,0,101,RAM
48,0,35,RAM
48,0,197,RAM
48,0,30,RAM
48,0,209,SSD
48,0,108,RAM
48,1,155,RAM
48,1,146,RAM
48,1,97,RAM
48,1,62,RAM
48,1,16,RAM
48,1,70,SSD
48,1,118,RAM
48,1,11,RAM
48,2,43,RAM
48,2,253,RAM
48,2,210,RAM
48,2,109,RAM
48,2,106,RAM
48,2,84,SSD
48,2,149,SSD
48,2,20,RAM
48,3,211,RAM
48,3,236,RAM
48,3,226,RAM
48,3,37,RAM
48,3,199,RAM
48,3,117,RAM
48,3,233,RAM
48,3,150,SSD
48,4,154,RAM
48,4,54,RAM
48,4,15,RAM
48,4,105,RAM
48,4,200,SSD
48,4,142,RAM
48,4,102,RAM
48,4,222,RAM
48,5,188,RAM
48,5,236,RAM
48,5,198,RAM
48,5,44,SSD
48,5,220,RAM
48,5,69,RAM
48,5,158,RAM
48,5,43,RAM
48,6,14,RAM
48,6,156,RAM
48,6,157,RAM
48,6,182,RAM
48,6,79,RAM
48,6,133,RAM
48,6,196,RAM
48,6,55,SSD
48,7,199,RAM
48,7,23,RAM
48,7,2,SSD
48,7,79,RAM
48,7,76,RAM
48,7,185,RAM
48,7,64,RAM
48,7,147,RAM
48,8,35,RAM
48,8,239,RAM
48,8,56,RAM
48,8,159,RAM
48,8,116,RAM
48,8,179,SSD
48,8,164,RAM
48,8,180,RAM
48,9,180,SSD
48,9,203,RAM
48,9,98,RAM
48,9,197,RAM
48,9,85,RAM
48,9,131,SSD
48,9,156,SSD
48,9,166,RAM
48,10,122,RAM
48,10,157,RAM
48,10,88,RAM
48,10,63,RAM
48,10,171,RAM
48,10,194,SSD
48,10,196,RAM
48,10,178,SSD
48,11,14,RAM
48,11,42,RAM
48,11,111,RAM
48,11,39,RAM
48,11,239,RAM
48,11,20,SSD
48,11,66,SSD
48,11,188,SSD
48,12,154,SSD
48,12,9,RAM
48,12,220,RAM
48,12,116,RAM
48,12,42,RAM
48,12,3,RAM
48,12,191,RAM
48,12,56,SSD
48,13,174,RAM
48,13,112,RAM
48,13,228,RAM
48,13,28,RAM
48,13,29,SSD
48,13,219,RAM
48,13,208,RAM
48,13,31,SSD
48,14,189,RAM
48,14,58,RAM
48,14,138,RAM
48,14,252,RAM
48,14,44,SSD
48,14,67,RAM
48,14,201,RAM
48,14,52,RAM
48,15,206,RAM
48,15,36,SSD
48,15,238,RAM
48,15,158,RAM
48,15,120,SSD
48,15,134,RAM
48,15,122,SSD
48,15,100,RAM
48,16,181,RAM
48,16,169,RAM
48,16,96,SSD
48,16,137,RAM
48,16,24,RAM
48,16,179,SSD
48,16,20,RAM
48,16,31,SSD
48,17,60,RAM
48,17,8,RAM
48,17,69,RAM
48,17,158,RAM
48,17,204,RAM
48,17,102,SSD
48,17,187,RAM
48,17,28,SSD
48,18,117,RAM
48,18,170,RAM
48,18,232,SSD
48,18,205,RAM
48,18,226,RAM
48,18,45,SSD
48,18,209,SSD
48,18,17,RAM
48,19,248,RAM
48,19,59,RAM
48,19,137,RAM
48,19,51,SSD
48,19,4,RAM
48,19,157,SSD
48,19,124,RAM
48,19,252,RAM
48,20,41,RAM
48,20,224,RAM
48,20,35,RAM
48,20,151,RAM
48,20,1,RAM
48,20,165,SSD
48,20,102,RAM
48,20,114,SSD
48,21,166,RAM
48,21,103,RAM
48,21,180,SSD
48,21,243,RAM
48,21,207,RAM
48,21,120,RAM
48,21,134,SSD
48,21,61,RAM
48,22,116,RAM
48,22,205,RAM
48,22,236,RAM
48,22,122,RAM
48,22,194,SSD
48,22,157,RAM
48,22,232,RAM
48,22,8,RAM
48,23,39,RAM
48,23,134,RAM
48,23,14,RAM
48,23,141,SSD
48,23,111,RAM
48,23,101,SSD
48,23,66,RAM
48,23,10,SSD
48,24,9,RAM
48,24,42,RAM
48,24,2,RAM
48,24,43,SSD
48,24,116,RAM
48,24,67,SSD
48,24,207,SSD
48,24,111,SSD
48,25,174,RAM
48,25,228,RAM
48,25,28,RAM
48,25,204,SSD
48,25,112,SSD
48,25,29,RAM
48,25,7,SSD
48,25,151,SSD
48,26,252,RAM
48,26,58,RAM
48,26,78,RAM
48,26,67,RAM
48,26,138,RAM
48,26,189,SSD
48,26,96,SSD
48,26,114,SSD
48,27,206,RAM
48,27,142,SSD
48,27,249,SSD
48,27,172,RAM
48,27,100,RAM
48,27,158,RAM
48,27,70,SSD
48,27,192,SSD
48,28,31,RAM
48,28,96,SSD
48,28,169,SSD
48,28,72,SSD
48,28,231,SSD
48,28,47,SSD
48,28,20,RAM
48,28,165,SSD
48,29,69,RAM
48,29,158,RAM
48,29,204,RAM
48,29,28,RAM
48,29,102,SSD
48,29,60,RAM
48,29,5,RAM
48,29,187,RAM
48,30,117,RAM
48,30,170,RAM
48,30,226,RAM
48,30,17,RAM
48,30,52,SSD
48,30,71,SSD
48,30,118,RAM
48,30,103,SSD
48,31,248,RAM
48,31,137,RAM
48,31,135,SSD
48,31,124,RAM
48,31,130,SSD
48,31,233,SSD
48,31,14,RAM
48,31,67,SSD
48,32,158,SSD
48,32,59,RAM
48,32,98,RAM
48,32,194,SSD
48,32,156,SSD
48,32,99,SSD
48,32,149,SSD
48,32,101,SSD
48,33,81,RAM
48,33,74,RAM
48,33,126,RAM
48,33,190,SSD
48,33,232,SSD
48,33,220,RAM
48,33,205,RAM
48,33,245,SSD
48,34,116,RAM
48,34,247,SSD
48,34,19,SSD
48,34,34,SSD
48,34,161,SSD
48,34,1,RAM
48,34,252,RAM
48,34,56,SSD
48,35,167,RAM
48,35,202,RAM
48,35,212,RAM
48,35,14,SSD
48,35,218,RAM
48,35,97,RAM
48,35,76,RAM
48,35,229,SSD
48,36,158,RAM
48,36,70,RAM
48,36,118,RAM
48,36,203,SSD
48,36,34,RAM
48,36,207,SSD
48,36,181,RAM
48,36,248,RAM
48,37,64,RAM
48,37,103,RAM
48,37,58,RAM
48,37,75,SSD
48,37,84,SSD
48,37,35,SSD
48,37,227,RAM
48,37,21,RAM
48,38,127,RAM
48,38,92,RAM
48,38,34,RAM
48,38,148,RAM
48,38,128,SSD
48,38,94,RAM
48,38,71,SSD
48,38,118,SSD
48,39,2,RAM
48,39,189,RAM
48,39,38,RAM
48,39,146,SSD
48,39,69,RAM
48,39,213,RAM
48,39,242,RAM
48,39,70,RAM
49,0,139,SSD
49,0,28,SSD
49,0,192,RAM
49,0,223,RAM
49,0,222,RAM
49,0,236,RAM
49,0,41,RAM
49,0,29,RAM
49,1,14,RAM
49,1,178,SSD
49,1,167,RAM
49,1,245,RAM
49,1,153,SSD
49,1,204,SSD
49,1,191,SSD
49,1,45,SSD
49,2,228,SSD
49,2,188,RAM
49,2,193,RAM
49,2,139,RAM
49,2,60,RAM
49,2,216,SSD
49,2,58,SSD
49,2,187,SSD
49,3,154,SSD
49,3,197,RAM
49,3,243,SSD
49,3,251,RAM
49,3,56,RAM
49,3,16,SSD
49,3,199,RAM
49,3,23,SSD
49,4,121,RAM
49,4,152,RAM
49,4,53,SSD
49,4,110,SSD
49,4,70,RAM
49,4,88,RAM
49,4,186,SSD
49,4,132,SSD
49,5,23,SSD
49,5,210,RAM
49,5,153,RAM
49,5,198,RAM
49,5,0,RAM
49,5,56,SSD
49,5,208,SSD
49,5,122,RAM
49,6,102,RAM
49,6,185,RAM
49,6,168,SSD
49,6,151,SSD
49,6,156,RAM
49,6,38,RAM
49,6,159,SSD
49,6,227,SSD
49,7,24,RAM
49,7,132,RAM
49,7,96,SSD
49,7,203,SSD
49,7,151,SSD
49,7,81,RAM
49,7,212,SSD
49,7,185,RAM
49,8,41,RAM
49,8,224,RAM
49,8,151,RAM
49,8,1,SSD
49,8,161,SSD
49,8,148,SSD
49,8,182,SSD
49,8,163,SSD
49,9,166,RAM
49,9,3,SSD
49,9,134,SSD
49,9,103,SSD
49,9,101,SSD
49,9,61,RAM
49,9,243,RAM
49,9,207,RAM
49,10,233,SSD
49,10,116,SSD
49,10,109,SSD
49,10,205,RAM
49,10,122,RAM
49,10,146,SSD
49,10,232,RAM
49,10,77,SSD
49,11,54,SSD
49,11,97,SSD
49,11,134,RAM
49,11,141,SSD
49,11,225,SSD
49,11,14,RAM
49,11,226,SSD
49,11,146,SSD
49,12,50,SSD
49,12,9,RAM
49,12,2,RAM
49,12,42,RAM
49,12,166,RAM
49,12,116,RAM
49,12,47,SSD
49,12,244,SSD
49,13,174,RAM
49,13,0,SSD
49,13,185,SSD
49,13,228,RAM
49,13,31,RAM
49,13,208,RAM
49,13,201,SSD
49,13,151,SSD
49,14,189,RAM
49,14,44,RAM
49,14,58,RAM
49,14,252,RAM
49,14,134,SSD
49,14,201,RAM
49,14,67,RAM
49,14,115,SSD
49,15,206,RAM
49,15,122,RAM
49,15,151,SSD
49,15,238,RAM
49,15,145,SSD
49,15,249,SSD
49,15,158,RAM
49,15,12,SSD
49,16,169,RAM
49,16,56,SSD
49,16,234,SSD
49,16,138,RAM
49,16,82,SSD
49,16,24,RAM
49,16,195,SSD
49,16,64,SSD
49,17,69,RAM
49,17,60,RAM
49,17,4,SSD
49,17,204,RAM
49,17,8,RAM
49,17,158,RAM
49,17,66,SSD
49,17,151,SSD
49,18,117,RAM
49,18,130,RAM
49,18,141,RAM
49,18,143,SSD
49,18,66,SSD
49,18,45,RAM
49,18,212,SSD
49,18,77,RAM
49,19,248,RAM
49,19,67,SSD
49,19,48,SSD
49,19,137,RAM
49,19,135,SSD
49,19,83,SSD
49,19,59,RAM
49,19,157,RAM
49,20,41,RAM
49,20,151,RAM
49,20,224,RAM
49,20,1,RAM
49,20,47,SSD
49,20,59,SSD
49,20,165,RAM
49,20,102,RAM
49,21,166,RAM
49,21,243,RAM
49,21,32,SSD
49,21,103,RAM
49,21,134,RAM
49,21,207,RAM
49,21,214,SSD
49,21,61,RAM
49,22,109,SSD
49,22,116,RAM
49,22,122,RAM
49,22,233,SSD
49,22,205,RAM
49,22,194,RAM
49,22,146,SSD
49,22,66,SSD
49,23,134,RAM
49,23,146,SSD
49,23,141,RAM
49,23,37,SSD
49,23,99,SSD
49,23,56,RAM
49,23,14,RAM
49,23,10,RAM
49,24,50,SSD
49,24,9,RAM
49,24,2,RAM
49,24,42,RAM
49,24,166,RAM
49,24,210,RAM
49,24,111,RAM
49,24,116,RAM
49,25,174,RAM
49,25,0,SSD
49,25,228,RAM
49,25,7,RAM
49,25,203,SSD
49,25,208,RAM
49,25,20,RAM
49,25,31,SSD
49,26,58,RAM
49,26,252,RAM
49,26,78,RAM
49,26,201,SSD
49,26,67,RAM
49,26,17,SSD
49,26,239,SSD
49,26,189,RAM
49,27,206,RAM
49,27,12,SSD
49,27,55,SSD
49,27,18,SSD
49,27,151,SSD
49,27,112,SSD
49,27,158,RAM
49,27,178,SSD
49,28,56,SSD
49,28,234,SSD
49,28,59,SSD
49,28,169,RAM
49,28,10,SSD
49,28,165,RAM
49,28,72,RAM
49,28,53,SSD
49,29,126,SSD
49,29,69,RAM
49,29,158,RAM
49,29,60,RAM
49,29,204,RAM
49,29,4,SSD
49,29,28,RAM
49,29,170,SSD
49,30,130,RAM
49,30,143,SSD
49,30,117,RAM
49,30,66,SSD
49,30,116,SSD
49,30,209,SSD
49,30,141,SSD
49,30,151,SSD
49,31,83,SSD
49,31,157,SSD
49,31,248,RAM
49,31,67,RAM
49,31,137,RAM
49,31,99,RAM
49,31,55,SSD
49,31,47,SSD
49,32,19,RAM
49,32,92,SSD
49,32,59,RAM
49,32,101,RAM
49,32,14,RAM
49,32,58,SSD
49,32,173,SSD
49,32,248,SSD
49,33,81,RAM
49,33,161,RAM
49,33,74,RAM
49,33,54,SSD
49,33,5,RAM
49,33,176,SSD
49,33,84,SSD
49,33,4,SSD
49,34,15,SSD
49,34,249,SSD
49,34,247,RAM
49,34,18,RAM
49,34,143,SSD
49,34,80,SSD
49,34,166,SSD
49,34,73,SSD
49,35,106,SSD
49,35,167,RAM
49,35,202,RAM
49,35,14,RAM
49,35,114,SSD
49,35,253,SSD
49,35,95,SSD
49,35,97,RAM
49,36,158,RAM
49,36,21,SSD
49,36,55,SSD
49,36,118,RAM
49,36,37,SSD
49,36,241,SSD
49,36,203,RAM
49,36,126,SSD
49,37,196,SSD
49,37,126,RAM
49,37,64,RAM
49,37,92,SSD
49,37,103,RAM
49,37,113,SSD
49,37,58,RAM
49,37,227,RAM
49,38,132,SSD
49,38,52,SSD
49,38,92,RAM
49,38,217,SSD
49,38,243,SSD
49,38,128,RAM
49,38,127,RAM
49,38,205,SSD
49,39,243,RAM
49,39,99,SSD
49,39,66,SSD
49,39,189,RAM
49,39,77,RAM
49,39,67,SSD
49,39,242,RAM
49,39,175,SSD
50,0,79,RAM
50,0,128,SSD
50,0,135,SSD
50,0,241,SSD
50,0,108,RAM
50,0,61,SSD
50,0,164,SSD
50,0,50,SSD
50,1,196,SSD
50,1,67,SSD
50,1,247,SSD
50,1,35,SSD
50,1,178,RAM
50,1,175,SSD
50,1,63,SSD
50,1,1,SSD
50,2,191,SSD
50,2,163,SSD
50,2,105,SSD
50,2,233,SSD
50,2,102,SSD
50,2,116,SSD
50,2,229,SSD
50,2,67,SSD
50,3,137,SSD
50,3,154,RAM
50,3,216,SSD
50,3,204,SSD
50,3,162,SSD
50,3,250,SSD
50,3,41,SSD
50,3,244,SSD
50,4,121,RAM
50,4,240,SSD
50,4,20,SSD
50,4,110,RAM
50,4,81,SSD
50,4,69,SSD
50,4,101,SSD
50,4,176,SSD
50,5,23,RAM
50,5,210,RAM
50,5,234,SSD
50,5,0,RAM
50,5,215,SSD
50,5,129,SSD
50,5,25,SSD
50,5,244,SSD
50,6,102,RAM
50,6,151,RAM
50,6,211,SSD
50,6,21,SSD
50,6,159,RAM
50,6,185,RAM
50,6,254,SSD
50,6,139,SSD
50,7,24,RAM
50,7,132,RAM
50,7,96,RAM
50,7,203,RAM
50,7,81,RAM
50,7,140,SSD
50,7,193,SSD
50,7,151,RAM
50,8,41,RAM
50,8,224,RAM
50,8,151,RAM
50,8,1,RAM
50,8,165,SSD
50,8,3,SSD
50,8,148,RAM
50,8,102,SSD
50,9,166,RAM
50,9,103,RAM
50,9,243,RAM
50,9,81,SSD
50,9,3,RAM
50,9,134,RAM
50,9,90,SSD
50,9,233,SSD
50,10,116,RAM
50,10,205,RAM
50,10,233,RAM
50,10,176,SSD
50,10,146,RAM
50,10,232,RAM
50,10,186,SSD
50,10,109,RAM
50,11,42,RAM
50,11,134,RAM
50,11,97,RAM
50,11,191,SSD
50,11,135,SSD
50,11,10,SSD
50,11,54,RAM
50,11,225,RAM
50,12,9,RAM
50,12,42,RAM
50,12,116,RAM
50,12,50,RAM
50,12,2,RAM
50,12,201,SSD
50,12,130,SSD
50,12,219,SSD
50,13,174,RAM
50,13,228,RAM
50,13,208,RAM
50,13,185,RAM
50,13,151,RAM
50,13,31,RAM
50,13,250,SSD
50,13,0,RAM
50,14,189,RAM
50,14,58,RAM
50,14,201,RAM
50,14,44,RAM
50,14,252,RAM
50,14,67,RAM
50,14,134,RAM
50,14,84,SSD
50,15,206,RAM
50,15,145,RAM
50,15,134,RAM
50,15,249,RAM
50,15,122,RAM
50,15,238,RAM
50,15,28,SSD
50,15,151,RAM
50,16,169,RAM
50,16,74,SSD
50,16,195,RAM
50,16,24,RAM
50,16,234,RAM
50,16,176,SSD
50,16,191,SSD
50,16,197,SSD
50,17,204,RAM
50,17,69,RAM
50,17,8,RAM
50,17,60,RAM
50,17,238,SSD
50,17,66,RAM
50,17,217,SSD
50,17,28,RAM
50,18,117,RAM
50,18,45,RAM
50,18,77,RAM
50,18,143,RAM
50,18,48,SSD
50,18,232,RAM
50,18,64,SSD
50,18,171,SSD
50,19,248,RAM
50,19,59,RAM
50,19,157,RAM
50,19,135,RAM
50,19,95,SSD
50,19,137,RAM
50,19,96,SSD
50,19,129,SSD
50,20,41,RAM
50,20,151,RAM
50,20,224,RAM
50,20,165,RAM
50,20,3,SSD
50,20,1,RAM
50,20,53,RAM
50,20,102,RAM
50,21,166,RAM
50,21,103,RAM
50,21,243,RAM
50,21,22,SSD
50,21,207,RAM
50,21,99,SSD
50,21,107,SSD
50,21,238,SSD
50,22,160,SSD
50,22,207,SSD
50,22,116,RAM
50,22,205,RAM
50,22,232,RAM
50,22,7,SSD
50,22,226,SSD
50,22,86,SSD
50,23,80,SSD
50,23,134,RAM
50,23,54,SSD
50,23,10,RAM
50,23,17,SSD
50,23,221,SSD
50,23,8,SSD
50,23,2,SSD
50,24,9,RAM
50,24,42,RAM
50,24,12,SSD
50,24,2,RAM
50,24,116,RAM
50,24,60,SSD
50,24,232,SSD
50,24,147,SSD
50,25,174,RAM
50,25,228,RAM
50,25,64,SSD
50,25,151,RAM
50,25,208,RAM
50,25,41,SSD
50,25,148,SSD
50,25,95,SSD
50,26,252,RAM
50,26,67,RAM
50,26,201,RAM
50,26,58,RAM
50,26,73,SSD
50,26,189,RAM
50,26,239,RAM
50,26,84,SSD
50,27,206,RAM
50,27,134,SSD
50,27,249,RAM
50,27,70,RAM
50,27,145,SSD
50,27,146,SSD
50,27,158,RAM
50,27,151,RAM
50,28,74,SSD
50,28,169,RAM
50,28,24,SSD
50,28,116,SSD
50,28,197,SSD
50,28,26,RAM
50,28,31,RAM
50,28,176,SSD
50,29,204,RAM
50,29,150,SSD
50,29,69,RAM
50,29,151,SSD
50,29,28,RAM
50,29,158,RAM
50,29,60,RAM
50,29,66,SSD
50,30,117,RAM
50,30,64,SSD
50,30,45,SSD
50,30,52,RAM
50,30,141,RAM
50,30,21,SSD
50,30,174,SSD
50,30,137,SSD
50,31,248,RAM
50,31,137,RAM
50,31,95,SSD
50,31,135,RAM
50,31,236,SSD
50,31,240,SSD
50,31,212,SSD
50,31,221,SSD
50,32,33,SSD
50,32,59,RAM
50,32,31,SSD
50,32,64,SSD
50,32,127,SSD
50,32,247,SSD
50,32,210,SSD
50,32,34,SSD
50,33,192,SSD
50,33,81,RAM
50,33,15,SSD
50,33,74,RAM
50,33,24,SSD
50,33,223,SSD
50,33,39,SSD
50,33,170,SSD
50,34,16,SSD
50,34,15,RAM
50,34,211,SSD
50,34,247,RAM
50,34,120,SSD
50,34,223,SSD
50,34,98,SSD
50,34,45,SSD
50,35,167,RAM
50,35,202,RAM
50,35,53,SSD
50,35,14,RAM
50,35,106,RAM
50,35,97,RAM
50,35,130,SSD
50,35,16,SSD
50,36,158,RAM
50,36,203,RAM
50,36,118,RAM
50,36,110,SSD
50,36,21,RAM
50,36,245,SSD
50,36,126,RAM
50,36,55,RAM
50,37,64,RAM
50,37,103,RAM
50,37,58,RAM
50,37,92,RAM
50,37,196,RAM
50,37,126,RAM
50,37,104,SSD
50,37,55,SSD
50,38,132,RAM
50,38,92,RAM
50,38,185,SSD
50,38,254,SSD
50,38,217,RAM
50,38,173,SSD
50,38,127,RAM
50,38,34,RAM
50,39,99,RAM
50,39,243,RAM
50,39,110,SSD
50,39,224,SSD
50,39,175,RAM
50,39,242,RAM
50,39,46,SSD
50,39,44,RAM
51,0,124,RAM
51,0,50,RAM
51,0,211,SSD
51,0,155,RAM
51,0,72,SSD
51,0,175,RAM
51,0,222,RAM
51,0,76,SSD
51,1,196,RAM
51,1,157,SSD
51,1,12,SSD
51,1,104,SSD
51,1,37,SSD
51,1,245,RAM
51,1,247,RAM
51,1,252,SSD
51,2,191,RAM
51,2,163,RAM
51,2,105,RAM
51,2,15,SSD
51,2,116,RAM
51,2,182,SSD
51,2,246,SSD
51,2,190,SSD
51,3,137,RAM
51,3,243,RAM
51,3,163,SSD
51,3,190,SSD
51,3,154,RAM
51,3,41,RAM
51,3,197,RAM
51,3,48,SSD
51,4,121,RAM
51,4,221,SSD
51,4,175,SSD
51,4,81,RAM
51,4,206,SSD
51,4,84,SSD
51,4,158,SSD
51,4,110,RAM
51,5,77,SSD
51,5,23,RAM
51,5,64,SSD
51,5,164,SSD
51,5,33,SSD
51,5,111,SSD
51,5,80,SSD
51,5,210,RAM
51,6,82,SSD
51,6,195,SSD
51,6,185,RAM
51,6,102,RAM
51,6,151,RAM
51,6,91,SSD
51,6,152,SSD
51,6,227,RAM
51,7,246,SSD
51,7,24,RAM
51,7,96,RAM
51,7,132,RAM
51,7,166,SSD
51,7,203,RAM
51,7,110,SSD
51,7,182,SSD
51,8,41,RAM
51,8,224,RAM
51,8,63,SSD
51,8,121,SSD
51,8,151,RAM
51,8,1,RAM
51,8,249,SSD
51,8,172,SSD
51,9,166,RAM
51,9,3,RAM
51,9,134,RAM
51,9,32,SSD
51,9,243,RAM
51,9,103,RAM
51,9,101,RAM
51,9,61,RAM
51,10,146,RAM
51,10,233,RAM
51,10,116,RAM
51,10,205,RAM
51,10,122,RAM
51,10,138,SSD
51,10,232,RAM
51,10,77,RAM
51,11,134,RAM
51,11,141,RAM
51,11,237,SSD
51,11,97,RAM
51,11,59,RAM
51,11,37,SSD
51,11,222,SSD
51,11,50,SSD
51,12,50,RAM
51,12,2,RAM
51,12,9,RAM
51,12,208,RAM
51,12,42,RAM
51,12,116,RAM
51,12,215,SSD
51,12,201,RAM
51,13,185,RAM
51,13,174,RAM
51,13,0,RAM
51,13,228,RAM
51,13,208,RAM
51,13,31,RAM
51,13,126,SSD
51,13,40,RAM
51,14,189,RAM
51,14,44,RAM
51,14,252,RAM
51,14,58,RAM
51,14,17,SSD
51,14,201,RAM
51,14,138,RAM
51,14,67,RAM
51,15,206,RAM
51,15,151,RAM
51,15,122,RAM
51,15,238,RAM
51,15,145,RAM
51,15,12,RAM
51,15,134,RAM
51,15,6,SSD
51,16,169,RAM
51,16,234,RAM
51,16,24,RAM
51,16,82,RAM
51,16,67,SSD
51,16,230,SSD
51,16,37,SSD
51,16,197,RAM
51,17,60,RAM
51,17,69,RAM
51,17,4,RAM
51,17,25,SSD
51,17,21,SSD
51,17,8,RAM
51,17,158,RAM
51,17,204,RAM
51,18,108,SSD
51,18,117,RAM
51,18,116,SSD
51,18,143,RAM
51,18,250,RAM
51,18,35,SSD
51,18,110,SSD
51,18,209,RAM
51,19,248,RAM
51,19,48,RAM
51,19,67,RAM
51,19,137,RAM
51,19,59,RAM
51,19,247,SSD
51,19,89,SSD
51,19,157,RAM
51,20,41,RAM
51,20,151,RAM
51,20,172,SSD
51,20,224,RAM
51,20,1,RAM
51,20,57,SSD
51,20,56,SSD
51,20,145,SSD
51,21,32,RAM
51,21,166,RAM
51,21,243,RAM
51,21,134,RAM
51,21,214,RAM
51,21,103,RAM
51,21,201,SSD
51,21,207,RAM
51,22,116,RAM
51,22,146,RAM
51,22,122,RAM
51,22,137,SSD
51,22,205,RAM
51,22,194,RAM
51,22,233,RAM
51,22,216,SSD
51,23,134,RAM
51,23,222,SSD
51,23,59,RAM
51,23,141,RAM
51,23,220,SSD
51,23,37,RAM
51,23,174,SSD
51,23,239,RAM
51,24,9,RAM
51,24,50,RAM
51,24,2,RAM
51,24,42,RAM
51,24,128,RAM
51,24,157,SSD
51,24,158,SSD
51,24,210,RAM
51,25,174,RAM
51,25,0,RAM
51,25,101,SSD
51,25,228,RAM
51,25,7,RAM
51,25,20,RAM
51,25,222,SSD
51,25,194,SSD
51,26,252,RAM
51,26,58,RAM
51,26,78,RAM
51,26,67,RAM
51,26,17,RAM
51,26,138,RAM
51,26,201,RAM
51,26,96,RAM
51,27,206,RAM
51,27,12,RAM
51,27,151,RAM
51,27,70,RAM
51,27,100,RAM
51,27,55,RAM
51,27,3,SSD
51,27,129,SSD
51,28,193,SSD
51,28,219,SSD
51,28,102,SSD
51,28,59,RAM
51,28,234,RAM
51,28,56,RAM
51,28,82,SSD
51,28,169,RAM
51,29,158,RAM
51,29,69,RAM
51,29,60,RAM
51,29,19,SSD
51,29,204,RAM
51,29,88,SSD
51,29,21,RAM
51,29,94,SSD
51,30,197,RAM
51,30,117,RAM
51,30,116,RAM
51,30,143,RAM
51,30,232,SSD
51,30,162,SSD
51,30,108,SSD
51,30,66,RAM
51,31,248,RAM
51,31,157,RAM
51,31,137,RAM
51,31,4,RAM
51,31,205,RAM
51,31,83,RAM
51,31,252,RAM
51,31,135,RAM
51,32,19,RAM
51,32,59,RAM
51,32,254,RAM
51,32,12,SSD
51,32,179,SSD
51,32,140,SSD
51,32,85,SSD
51,32,148,SSD
51,33,81,RAM
51,33,56,RAM
51,33,167,SSD
51,33,74,RAM
51,33,181,SSD
51,33,54,RAM
51,33,238,RAM
51,33,75,SSD
51,34,195,RAM
51,34,191,RAM
51,34,143,RAM
51,34,1,RAM
51,34,73,RAM
51,34,44,SSD
51,34,238,SSD
51,34,18,RAM
51,35,167,RAM
51,35,185,SSD
51,35,190,SSD
51,35,148,SSD
51,35,97,RAM
51,35,202,RAM
51,35,14,RAM
51,35,187,SSD
51,36,158,RAM
51,36,39,SSD
51,36,227,SSD
51,36,44,SSD
51,36,26,SSD
51,36,142,RAM
51,36,115,SSD
51,36,125,SSD
51,37,64,RAM
51,37,58,RAM
51,37,65,RAM
51,37,78,SSD
51,37,103,RAM
51,37,126,RAM
51,37,190,RAM
51,37,229,RAM
51,38,92,RAM
51,38,119,RAM
51,38,215,SSD
51,38,242,SSD
51,38,127,RAM
51,38,252,SSD
51,38,96,SSD
51,38,61,SSD
51,39,129,RAM
51,39,189,RAM
51,39,44,RAM
51,39,99,RAM
51,39,219,SSD
51,39,141,SSD
51,39,138,SSD
51,39,158,SSD
52,0,182,SSD
52,0,237,SSD
52,0,208,SSD
52,0,79,RAM
52,0,81,SSD
52,0,132,SSD
52,0,158,SSD
52,0,115,SSD
52,1,155,RAM
52,1,182,SSD
52,1,62,RAM
52,1,11,RAM
52,1,70,RAM
52,1,146,RAM
52,1,93,SSD
52,1,211,RAM
52,2,210,RAM
52,2,164,SSD
52,2,38,SSD
52,2,40,SSD
52,2,109,RAM
52,2,88,SSD
52,2,17,SSD
52,2,158,SSD
52,3,37,RAM
52,3,230,SSD
52,3,235,SSD
52,3,117,RAM
52,3,199,RAM
52,3,233,RAM
52,3,187,SSD
52,3,26,SSD
52,4,54,RAM
52,4,15,RAM
52,4,102,RAM
52,4,142,RAM
52,4,154,RAM
52,4,222,RAM
52,4,144,SSD
52,4,95,SSD
52,5,90,SSD
52,5,188,RAM
52,5,43,RAM
52,5,65,SSD
52,5,235,SSD
52,5,186,SSD
52,5,193,SSD
52,5,198,RAM
52,6,156,RAM
52,6,14,RAM
52,6,138,SSD
52,6,196,RAM
52,6,79,RAM
52,6,157,RAM
52,6,153,SSD
52,6,215,SSD
52,7,199,RAM
52,7,117,SSD
52,7,23,RAM
52,7,185,RAM
52,7,64,RAM
52,7,78,SSD
52,7,184,SSD
52,7,147,RAM
52,8,239,RAM
52,8,180,RAM
52,8,116,RAM
52,8,56,RAM
52,8,35,RAM
52,8,137,SSD
52,8,41,RAM
52,8,151,RAM
52,9,191,SSD
52,9,203,RAM
52,9,239,SSD
52,9,2,SSD
52,9,255,SSD
52,9,13,SSD
52,9,197,RAM
52,9,98,RAM
52,10,122,RAM
52,10,198,SSD
52,10,157,RAM
52,10,196,RAM
52,10,125,SSD
52,10,137,SSD
52,10,169,SSD
52,10,185,SSD
52,11,174,SSD
52,11,111,RAM
52,11,42,RAM
52,11,128,SSD
52,11,14,RAM
52,11,108,SSD
52,11,107,SSD
52,11,189,SSD
52,12,220,RAM
52,12,160,SSD
52,12,93,SSD
52,12,128,SSD
52,12,74,SSD
52,12,15,SSD
52,12,3,RAM
52,12,1,SSD
52,13,29,RAM
52,13,134,SSD
52,13,154,RAM
52,13,43,SSD
52,13,28,RAM
52,13,211,SSD
52,13,32,SSD
52,13,219,RAM
52,14,86,SSD
52,14,51,SSD
52,14,137,SSD
52,14,52,RAM
52,14,252,RAM
52,14,124,SSD
52,14,138,RAM
52,14,224,SSD
52,15,181,RAM
52,15,172,SSD
52,15,162,RAM
52,15,206,RAM
52,15,165,SSD
52,15,148,SSD
52,15,81,SSD
52,15,155,SSD
52,16,5,SSD
52,16,43,SSD
52,16,231,RAM
52,16,170,RAM
52,16,196,SSD
52,16,24,RAM
52,16,51,SSD
52,16,111,SSD
52,17,250,SSD
52,17,87,SSD
52,17,60,RAM
52,17,158,RAM
52,17,166,RAM
52,17,0,SSD
52,17,89,SSD
52,17,61,SSD
52,18,197,RAM
52,18,226,RAM
52,18,204,SSD
52,18,205,RAM
52,18,57,SSD
52,18,170,RAM
52,18,161,SSD
52,18,17,RAM
52,19,4,RAM
52,19,109,SSD
52,19,205,SSD
52,19,116,SSD
52,19,20,SSD
52,19,252,RAM
52,19,117,SSD
52,19,137,RAM
52,20,239,SSD
52,20,23,SSD
52,20,4,RAM
52,20,179,RAM
52,20,56,RAM
52,20,83,SSD
52,20,115,SSD
52,20,41,RAM
52,21,203,SSD
52,21,191,SSD
52,21,13,RAM
52,21,207,RAM
52,21,239,SSD
52,21,2,SSD
52,21,131,RAM
52,21,6,SSD
52,22,198,SSD
52,22,157,RAM
52,22,236,RAM
52,22,169,SSD
52,22,125,SSD
52,22,196,SSD
52,22,63,RAM
52,22,65,SSD
52,23,42,SSD
52,23,128,SSD
52,23,189,SSD
52,23,107,RAM
52,23,111,RAM
52,23,174,RAM
52,23,62,SSD
52,23,86,SSD
52,24,160,SSD
52,24,93,SSD
52,24,74,SSD
52,24,220,RAM
52,24,15,RAM
52,24,26,SSD
52,24,54,SSD
52,24,128,RAM
52,25,134,SSD
52,25,147,SSD
52,25,29,RAM
52,25,43,SSD
52,25,6,SSD
52,25,182,SSD
52,25,154,RAM
52,25,107,SSD
52,26,86,RAM
52,26,52,RAM
52,26,51,RAM
52,26,137,RAM
52,26,124,SSD
52,26,138,RAM
52,26,252,RAM
52,26,146,RAM
52,27,162,RAM
52,27,181,RAM
52,27,172,RAM
52,27,165,RAM
52,27,31,SSD
52,27,58,SSD
52,27,206,RAM
52,27,87,SSD
52,28,43,SSD
52,28,5,SSD
52,28,111,RAM
52,28,188,RAM
52,28,170,RAM
52,28,150,SSD
52,28,238,SSD
52,28,136,RAM
52,29,250,SSD
52,29,87,SSD
52,29,0,SSD
52,29,60,RAM
52,29,5,RAM
52,29,229,RAM
52,29,89,SSD
52,29,69,RAM
52,30,197,RAM
52,30,205,RAM
52,30,179,SSD
52,30,17,RAM
52,30,163,SSD
52,30,117,RAM
52,30,170,RAM
52,30,187,SSD
52,31,116,SSD
52,31,205,RAM
52,31,109,SSD
52,31,4,RAM
52,31,252,RAM
52,31,20,SSD
52,31,137,RAM
52,31,124,RAM
52,32,119,SSD
52,32,90,RAM
52,32,186,RAM
52,32,77,RAM
52,32,134,SSD
52,32,254,RAM
52,32,96,SSD
52,32,192,SSD
52,33,93,SSD
52,33,238,RAM
52,33,183,SSD
52,33,81,RAM
52,33,129,SSD
52,33,86,SSD
52,33,232,RAM
52,33,83,RAM
52,34,82,SSD
52,34,207,SSD
52,34,96,SSD
52,34,101,RAM
52,34,180,RAM
52,34,1,RAM
52,34,173,SSD
52,34,84,SSD
52,35,167,RAM
52,35,57,SSD
52,35,160,SSD
52,35,153,SSD
52,35,202,RAM
52,35,145,SSD
52,35,89,SSD
52,35,76,RAM
52,36,158,RAM
52,36,181,RAM
52,36,70,RAM
52,36,98,RAM
52,36,120,RAM
52,36,34,RAM
52,36,248,RAM
52,36,188,SSD
52,37,64,RAM
52,37,104,RAM
52,37,31,SSD
52,37,190,RAM
52,37,58,RAM
52,37,93,SSD
52,37,182,SSD
52,37,229,RAM
52,38,148,RAM
52,38,27,SSD
52,38,92,RAM
52,38,71,RAM
52,38,94,RAM
52,38,127,RAM
52,38,59,SSD
52,38,212,SSD
52,39,69,RAM
52,39,110,RAM
52,39,38,RAM
52,39,243,RAM
52,39,12,SSD
52,39,217,SSD
52,39,154,SSD
52,39,78,RAM
53,0,40,SSD
53,0,46,SSD
53,0,106,SSD
53,0,66,SSD
53,0,63,SSD
53,0,172,SSD
53,0,121,SSD
53,0,22,SSD
53,1,211,RAM
53,1,242,SSD
53,1,128,SSD
53,1,19,SSD
53,1,252,RAM
53,1,124,SSD
53,1,112,SSD
53,1,14,RAM
53,2,60,RAM
53,2,217,SSD
53,2,49,SSD
53,2,58,RAM
53,2,188,RAM
53,2,255,SSD
53,2,11,SSD
53,2,219,SSD
53,3,202,SSD
53,3,177,SSD
53,3,30,SSD
53,3,118,SSD
53,3,219,SSD
53,3,92,SSD
53,3,199,RAM
53,3,214,SSD
53,4,54,RAM
53,4,155,SSD
53,4,139,SSD
53,4,88,RAM
53,4,118,SSD
53,4,105,RAM
53,4,154,RAM
53,4,242,SSD
53,5,147,SSD
53,5,161,SSD
53,5,114,SSD
53,5,67,SSD
53,5,100,SSD
53,5,194,SSD
53,5,11,SSD
53,5,254,SSD
53,6,55,RAM
53,6,166,SSD
53,6,14,RAM
53,6,183,SSD
53,6,65,SSD
53,6,175,SSD
53,6,68,SSD
53,6,3,SSD
53,7,199,RAM
53,7,253,SSD
53,7,101,SSD
53,7,24,RAM
53,7,79,RAM
53,7,23,RAM
53,7,185,RAM
53,7,132,RAM
53,8,38,SSD
53,8,35,RAM
53,8,151,RAM
53,8,247,SSD
53,8,56,RAM
53,8,49,SSD
53,8,7,SSD
53,8,212,SSD
53,9,240,SSD
53,9,151,SSD
53,9,156,RAM
53,9,22,SSD
53,9,166,RAM
53,9,98,RAM
53,9,13,RAM
53,9,178,SSD
53,10,142,SSD
53,10,62,SSD
53,10,171,RAM
53,10,26,SSD
53,10,163,SSD
53,10,178,RAM
53,10,63,RAM
53,10,101,SSD
53,11,27,SSD
53,11,107,RAM
53,11,69,SSD
53,11,49,SSD
53,11,79,SSD
53,11,195,SSD
53,11,101,SSD
53,11,221,SSD
53,12,56,RAM
53,12,9,RAM
53,12,191,RAM
53,12,203,SSD
53,12,3,RAM
53,12,1,RAM
53,12,116,RAM
53,12,138,SSD
53,13,174,RAM
53,13,29,RAM
53,13,28,RAM
53,13,76,SSD
53,13,168,SSD
53,13,22,SSD
53,13,111,SSD
53,13,151,RAM
53,14,146,SSD
53,14,138,RAM
53,14,189,RAM
53,14,44,RAM
53,14,58,RAM
53,14,40,SSD
53,14,18,SSD
53,14,67,RAM
53,15,206,RAM
53,15,76,SSD
53,15,3,SSD
53,15,238,RAM
53,15,158,RAM
53,15,110,SSD
53,15,249,RAM
53,15,96,SSD
53,16,181,RAM
53,16,78,SSD
53,16,45,SSD
53,16,169,RAM
53,16,119,SSD
53,16,13,SSD
53,16,71,SSD
53,16,31,RAM
53,17,8,RAM
53,17,60,RAM
53,17,102,RAM
53,17,114,SSD
53,17,69,RAM
53,17,229,SSD
53,17,236,SSD
53,17,187,RAM
53,18,117,RAM
53,18,158,SSD
53,18,214,SSD
53,18,215,SSD
53,18,77,RAM
53,18,159,SSD
53,18,17,RAM
53,18,212,RAM
53,19,248,RAM
53,19,137,RAM
53,19,59,RAM
53,19,28,SSD
53,19,4,RAM
53,19,124,RAM
53,19,233,SSD
53,19,33,SSD
53,20,41,RAM
53,20,151,RAM
53,20,224,RAM
53,20,35,SSD
53,20,57,RAM
53,20,171,SSD
53,20,1,RAM
53,20,49,SSD
53,21,166,RAM
53,21,240,SSD
53,21,243,RAM
53,21,103,RAM
53,21,134,RAM
53,21,61,RAM
53,21,178,SSD
53,21,207,RAM
53,22,116,RAM
53,22,205,RAM
53,22,142,SSD
53,22,26,SSD
53,22,163,SSD
53,22,119,SSD
53,22,101,SSD
53,22,66,RAM
53,23,69,SSD
53,23,49,SSD
53,23,134,RAM
53,23,27,SSD
53,23,141,RAM
53,23,79,SSD
53,23,107,RAM
53,23,195,SSD
53,24,9,RAM
53,24,203,SSD
53,24,2,RAM
53,24,42,RAM
53,24,106,SSD
53,24,67,SSD
53,24,147,RAM
53,24,116,RAM
53,25,174,RAM
53,25,192,SSD
53,25,195,SSD
53,25,76,SSD
53,25,228,RAM
53,25,200,SSD
53,25,29,RAM
53,25,245,SSD
53,26,67,RAM
53,26,40,SSD
53,26,146,RAM
53,26,138,RAM
53,26,235,SSD
53,26,78,RAM
53,26,252,RAM
53,26,189,RAM
53,27,206,RAM
53,27,166,SSD
53,27,241,SSD
53,27,158,RAM
53,27,100,RAM
53,27,80,SSD
53,27,76,SSD
53,27,103,SSD
53,28,45,SSD
53,28,73,SSD
53,28,78,SSD
53,28,185,SSD
53,28,72,RAM
53,28,224,SSD
53,28,231,SSD
53,28,149,SSD
53,29,102,SSD
53,29,188,SSD
53,29,236,SSD
53,29,69,RAM
53,29,66,RAM
53,29,204,RAM
53,29,146,SSD
53,29,114,SSD
53,30,117,RAM
53,30,158,SSD
53,30,6,SSD
53,30,17,RAM
53,30,214,SSD
53,30,191,SSD
53,30,215,SSD
53,30,122,SSD
53,31,137,RAM
53,31,248,RAM
53,31,233,SSD
53,31,28,SSD
53,31,67,RAM
53,31,124,RAM
53,31,14,SSD
53,31,70,SSD
53,32,75,SSD
53,32,151,SSD
53,32,116,SSD
53,32,59,RAM
53,32,42,SSD
53,32,194,SSD
53,32,158,SSD
53,32,50,SSD
53,33,81,RAM
53,33,168,SSD
53,33,94,SSD
53,33,182,SSD
53,33,23,SSD
53,33,15,RAM
53,33,214,SSD
53,33,40,SSD
53,34,187,SSD
53,34,19,SSD
53,34,54,SSD
53,34,205,SSD
53,34,173,RAM
53,34,247,RAM
53,34,181,SSD
53,34,196,SSD
53,35,167,RAM
53,35,202,RAM
53,35,253,RAM
53,35,89,RAM
53,35,165,SSD
53,35,39,SSD
53,35,212,SSD
53,35,104,SSD
53,36,158,RAM
53,36,8,SSD
53,36,253,SSD
53,36,203,RAM
53,36,0,SSD
53,36,118,RAM
53,36,188,RAM
53,36,34,RAM
53,37,64,RAM
53,37,103,RAM
53,37,75,SSD
53,37,90,SSD
53,37,89,SSD
53,37,164,SSD
53,37,93,RAM
53,37,21,SSD
53,38,22,SSD
53,38,127,RAM
53,38,128,RAM
53,38,94,RAM
53,38,79,SSD
53,38,212,RAM
53,38,86,SSD
53,38,34,RAM
53,39,16,SSD
53,39,34,SSD
53,39,145,SSD
53,39,203,SSD
53,39,116,SSD
53,39,68,SSD
53,39,62,SSD
53,39,70,SSD
54,0,65,SSD
54,0,41,SSD
54,0,218,SSD
54,0,86,SSD
54,0,212,SSD
54,0,2,SSD
54,0,29,SSD
54,0,4,SSD
54,1,79,SSD
54,1,98,SSD
54,1,153,SSD
54,1,48,SSD
54,1,14,RAM
54,1,82,SSD
54,1,42,SSD
54,1,33,SSD
54,2,237,SSD
54,2,101,SSD
54,2,139,SSD
54,2,5,SSD
54,2,45,SSD
54,2,246,RAM
54,2,13,SSD
54,2,147,SSD
54,3,132,SSD
54,3,202,RAM
54,3,177,RAM
54,3,113,SSD
54,3,39,SSD
54,3,199,RAM
54,3,218,SSD
54,3,94,SSD
54,4,149,SSD
54,4,216,SSD
54,4,121,RAM
54,4,25,SSD
54,4,133,SSD
54,4,215,SSD
54,4,155,RAM
54,4,209,SSD
54,5,62,SSD
54,5,213,SSD
54,5,14,SSD
54,5,170,SSD
54,5,12,SSD
54,5,67,RAM
54,5,254,RAM
54,5,115,SSD
54,6,2,SSD
54,6,175,RAM
54,6,56,SSD
54,6,100,SSD
54,6,166,RAM
54,6,39,SSD
54,6,48,SSD
54,6,18,SSD
54,7,253,RAM
54,7,219,SSD
54,7,199,RAM
54,7,24,RAM
54,7,132,RAM
54,7,66,SSD
54,7,61,SSD
54,7,192,SSD
54,8,157,SSD
54,8,224,RAM
54,8,151,RAM
54,8,41,RAM
54,8,242,SSD
54,8,49,RAM
54,8,51,SSD
54,8,80,SSD
54,9,61,RAM
54,9,240,RAM
54,9,120,SSD
54,9,166,RAM
54,9,0,SSD
54,9,42,SSD
54,9,131,SSD
54,9,108,SSD
54,10,31,SSD
54,10,159,SSD
54,10,142,RAM
54,10,220,SSD
54,10,17,SSD
54,10,59,SSD
54,10,246,SSD
54,10,205,RAM
54,11,17,SSD
54,11,250,SSD
54,11,109,SSD
54,11,207,SSD
54,11,186,SSD
54,11,151,SSD
54,11,69,RAM
54,11,101,RAM
54,12,203,RAM
54,12,166,SSD
54,12,9,RAM
54,12,97,SSD
54,12,42,RAM
54,12,2,RAM
54,12,192,SSD
54,12,56,RAM
54,13,174,RAM
54,13,219,RAM
54,13,192,SSD
54,13,124,SSD
54,13,195,SSD
54,13,228,RAM
54,13,76,RAM
54,13,28,RAM
54,14,138,RAM
54,14,146,RAM
54,14,235,SSD
54,14,189,RAM
54,14,67,RAM
54,14,58,RAM
54,14,40,RAM
54,14,168,SSD
54,15,116,SSD
54,15,206,RAM
54,15,33,SSD
54,15,245,SSD
54,15,238,RAM
54,15,79,SSD
54,15,3,RAM
54,15,76,RAM
54,16,224,SSD
54,16,45,RAM
54,16,185,SSD
54,16,73,SSD
54,16,71,RAM
54,16,138,SSD
54,16,248,SSD
54,16,154,SSD
54,17,229,RAM
54,17,8,RAM
54,17,69,RAM
54,17,213,SSD
54,17,220,SSD
54,17,114,RAM
54,17,124,SSD
54,17,78,SSD
54,18,117,RAM
54,18,17,RAM
54,18,158,RAM
54,18,191,SSD
54,18,106,SSD
54,18,72,SSD
54,18,214,RAM
54,18,237,SSD
54,19,248,RAM
54,19,137,RAM
54,19,14,SSD
54,19,124,RAM
54,19,70,SSD
54,19,28,RAM
54,19,59,RAM
54,19,67,RAM
54,20,41,RAM
54,20,224,RAM
54,20,151,RAM
54,20,157,SSD
54,20,57,RAM
54,20,1,RAM
54,20,171,RAM
54,20,165,RAM
54,21,166,RAM
54,21,243,RAM
54,21,240,RAM
54,21,103,RAM
54,21,61,RAM
54,21,251,SSD
54,21,134,RAM
54,21,214,RAM
54,22,116,RAM
54,22,205,RAM
54,22,17,SSD
54,22,19,SSD
54,22,119,RAM
54,22,220,SSD
54,22,26,RAM
54,22,142,RAM
54,23,109,SSD
54,23,134,RAM
54,23,209,SSD
54,23,207,SSD
54,23,141,RAM
54,23,17,RAM
54,23,158,SSD
54,23,250,SSD
54,24,166,SSD
54,24,42,RAM
54,24,9,RAM
54,24,60,RAM
54,24,203,RAM
54,24,2,RAM
54,24,147,RAM
54,24,7,SSD
54,25,174,RAM
54,25,192,RAM
54,25,195,RAM
54,25,219,SSD
54,25,228,RAM
54,25,110,SSD
54,25,124,SSD
54,25,76,RAM
54,26,138,RAM
54,26,67,RAM
54,26,146,RAM
54,26,235,RAM
54,26,40,RAM
54,26,78,RAM
54,26,168,SSD
54,26,96,RAM
54,27,116,SSD
54,27,206,RAM
54,27,245,SSD
54,27,33,SSD
54,27,44,SSD
54,27,80,RAM
54,27,26,SSD
54,27,79,SSD
54,28,201,SSD
54,28,45,RAM
54,28,138,SSD
54,28,147,SSD
54,28,224,RAM
54,28,73,RAM
54,28,20,SSD
54,28,72,RAM
54,29,213,SSD
54,29,157,SSD
54,29,78,SSD
54,29,66,RAM
54,29,188,RAM
54,29,204,RAM
54,29,101,SSD
54,29,89,RAM
54,30,117,RAM
54,30,158,RAM
54,30,237,SSD
54,30,17,RAM
54,30,191,RAM
54,30,106,SSD
54,30,72,SSD
54,30,118,SSD
54,31,137,RAM
54,31,70,RAM
54,31,14,RAM
54,31,248,RAM
54,31,124,RAM
54,31,67,RAM
54,31,135,RAM
54,31,241,SSD
54,32,197,SSD
54,32,157,SSD
54,32,59,RAM
54,32,75,RAM
54,32,14,SSD
54,32,116,RAM
54,32,50,RAM
54,32,206,SSD
54,33,81,RAM
54,33,18,SSD
54,33,103,SSD
54,33,161,SSD
54,33,5,SSD
54,33,59,SSD
54,33,206,SSD
54,33,15,RAM
54,34,11,SSD
54,34,227,SSD
54,34,141,SSD
54,34,213,SSD
54,34,143,RAM
54,34,205,RAM
54,34,247,RAM
54,34,181,RAM
54,35,167,RAM
54,35,202,RAM
54,35,244,SSD
54,35,253,RAM
54,35,89,RAM
54,35,76,RAM
54,35,214,SSD
54,35,39,RAM
54,36,158,RAM
54,36,48,SSD
54,36,203,RAM
54,36,129,SSD
54,36,251,SSD
54,36,118,RAM
54,36,239,SSD
54,36,188,RAM
54,37,64,RAM
54,37,103,RAM
54,37,75,RAM
54,37,162,SSD
54,37,14,SSD
54,37,21,RAM
54,37,35,SSD
54,37,89,RAM
54,38,127,RAM
54,38,94,RAM
54,38,124,SSD
54,38,79,RAM
54,38,128,RAM
54,38,34,RAM
54,38,212,RAM
54,38,86,RAM
54,39,34,RAM
54,39,13,SSD
54,39,77,SSD
54,39,116,RAM
54,39,203,RAM
54,39,30,SSD
54,39,130,SSD
54,39,62,RAM
55,0,70,SSD
55,0,134,SSD
55,0,231,SSD
55,0,199,SSD
55,0,62,SSD
55,0,192,SSD
55,0,211,RAM
55,0,139,SSD
55,1,49,SSD
55,1,88,SSD
55,1,17,SSD
55,1,101,SSD
55,1,238,SSD
55,1,235,SSD
55,1,42,RAM
55,1,204,SSD
55,2,127,SSD
55,2,94,SSD
55,2,3,SSD
55,2,64,SSD
55,2,71,SSD
55,2,192,SSD
55,2,237,RAM
55,2,45,RAM
55,3,132,RAM
55,3,194,SSD
55,3,213,SSD
55,3,39,RAM
55,3,251,SSD
55,3,11,SSD
55,3,243,RAM
55,3,186,SSD
55,4,121,RAM
55,4,44,SSD
55,4,110,RAM
55,4,175,RAM
55,4,113,SSD
55,4,215,RAM
55,4,207,SSD
55,4,190,SSD
55,5,62,RAM
55,5,210,RAM
55,5,120,SSD
55,5,164,RAM
55,5,170,RAM
55,5,153,SSD
55,5,29,SSD
55,5,12,RAM
55,6,102,RAM
55,6,2,RAM
55,6,100,RAM
55,6,39,RAM
55,6,209,SSD
55,6,57,SSD
55,6,151,RAM
55,6,185,RAM
55,7,38,SSD
55,7,199,RAM
55,7,223,SSD
55,7,24,RAM
55,7,132,RAM
55,7,253,RAM
55,7,30,SSD
55,7,182,RAM
55,8,41,RAM
55,8,224,RAM
55,8,151,RAM
55,8,49,RAM
55,8,1,RAM
55,8,249,RAM
55,8,63,RAM
55,8,119,SSD
55,9,166,RAM
55,9,243,RAM
55,9,61,RAM
55,9,134,RAM
55,9,103,RAM
55,9,65,SSD
55,9,42,RAM
55,9,41,SSD
55,10,116,RAM
55,10,242,SSD
55,10,19,SSD
55,10,146,RAM
55,10,119,SSD
55,10,205,RAM
55,10,220,RAM
55,10,232,RAM
55,11,85,SSD
55,11,134,RAM
55,11,17,RAM
55,11,141,RAM
55,11,218,SSD
55,11,157,SSD
55,11,93,SSD
55,11,220,SSD
55,12,9,RAM
55,12,42,RAM
55,12,208,RAM
55,12,2,RAM
55,12,97,RAM
55,12,203,RAM
55,12,50,RAM
55,12,201,RAM
55,13,174,RAM
55,13,219,RAM
55,13,19,SSD
55,13,228,RAM
55,13,151,RAM
55,13,126,RAM
55,13,95,SSD
55,13,192,RAM
55,14,138,RAM
55,14,189,RAM
55,14,67,RAM
55,14,146,RAM
55,14,235,RAM
55,14,44,RAM
55,14,58,RAM
55,14,201,RAM
55,15,206,RAM
55,15,238,RAM
55,15,33,RAM
55,15,245,RAM
55,15,12,RAM
55,15,3,RAM
55,15,134,RAM
55,15,94,SSD
55,16,190,SSD
55,16,224,RAM
55,16,45,RAM
55,16,169,RAM
55,16,73,RAM
55,16,53,SSD
55,16,59,SSD
55,16,185,RAM
55,17,8,RAM
55,17,164,SSD
55,17,69,RAM
55,17,229,RAM
55,17,60,RAM
55,17,220,RAM
55,17,124,RAM
55,17,21,RAM
55,18,117,RAM
55,18,174,SSD
55,18,72,RAM
55,18,191,RAM
55,18,17,RAM
55,18,158,RAM
55,18,90,SSD
55,18,77,RAM
55,19,137,RAM
55,19,248,RAM
55,19,124,RAM
55,19,85,SSD
55,19,67,RAM
55,19,59,RAM
55,19,14,RAM
55,19,70,RAM
55,20,41,RAM
55,20,224,RAM
55,20,151,RAM
55,20,171,RAM
55,20,165,RAM
55,20,57,RAM
55,20,159,SSD
55,20,1,RAM
55,21,166,RAM
55,21,243,RAM
55,21,251,RAM
55,21,103,RAM
55,21,98,SSD
55,21,61,RAM
55,21,134,RAM
55,21,207,RAM
55,22,205,RAM
55,22,116,RAM
55,22,242,SSD
55,22,19,RAM
55,22,142,RAM
55,22,26,RAM
55,22,119,RAM
55,22,22,SSD
55,23,134,RAM
55,23,220,RAM
55,23,218,SSD
55,23,85,SSD
55,23,158,RAM
55,23,59,RAM
55,23,141,RAM
55,23,154,SSD
55,24,203,RAM
55,24,11,SSD
55,24,9,RAM
55,24,42,RAM
55,24,7,RAM
55,24,84,SSD
55,24,128,RAM
55,24,217,SSD
55,25,192,RAM
55,25,174,RAM
55,25,195,RAM
55,25,76,RAM
55,25,19,SSD
55,25,219,RAM
55,25,100,SSD
55,25,228,RAM
55,26,146,RAM
55,26,138,RAM
55,26,40,RAM
55,26,67,RAM
55,26,235,RAM
55,26,96,RAM
55,26,252,RAM
55,26,58,RAM
55,27,3,RAM
55,27,249,SSD
55,27,33,RAM
55,27,206,RAM
55,27,96,SSD
55,27,28,SSD
55,27,146,SSD
55,27,76,RAM
55,28,45,RAM
55,28,190,SSD
55,28,224,RAM
55,28,73,RAM
55,28,31,SSD
55,28,195,SSD
55,28,2,SSD
55,28,71,SSD
55,29,164,SSD
55,29,21,RAM
55,29,214,SSD
55,29,229,RAM
55,29,204,RAM
55,29,66,RAM
55,29,132,SSD
55,29,114,RAM
55,30,158,RAM
55,30,117,RAM
55,30,63,SSD
55,30,90,SSD
55,30,17,RAM
55,30,118,RAM
55,30,214,RAM
55,30,64,SSD
55,31,137,RAM
55,31,70,RAM
55,31,59,SSD
55,31,124,RAM
55,31,218,SSD
55,31,228,SSD
55,31,211,SSD
55,31,135,RAM
55,32,123,SSD
55,32,59,RAM
55,32,148,RAM
55,32,254,RAM
55,32,18,SSD
55,32,48,SSD
55,32,156,SSD
55,32,47,SSD
55,33,234,SSD
55,33,95,SSD
55,33,81,RAM
55,33,11,SSD
55,33,107,SSD
55,33,151,SSD
55,33,143,SSD
55,33,166,SSD
55,34,240,SSD
55,34,67,SSD
55,34,56,SSD
55,34,252,SSD
55,34,220,SSD
55,34,72,SSD
55,34,44,RAM
55,34,45,SSD
55,35,167,RAM
55,35,202,RAM
55,35,148,RAM
55,35,74,SSD
55,35,218,SSD
55,35,235,SSD
55,35,39,RAM
55,35,2,SSD
55,36,158,RAM
55,36,142,RAM
55,36,115,RAM
55,36,152,SSD
55,36,49,SSD
55,36,248,RAM
55,36,246,SSD
55,36,118,RAM
55,37,64,RAM
55,37,135,SSD
55,37,60,SSD
55,37,67,SSD
55,37,103,RAM
55,37,161,SSD
55,37,78,RAM
55,37,143,SSD
55,38,119,RAM
55,38,127,RAM
55,38,128,RAM
55,38,80,SSD
55,38,169,SSD
55,38,234,SSD
55,38,30,SSD
55,38,94,RAM
55,39,158,RAM
55,39,244,SSD
55,39,122,SSD
55,39,179,SSD
55,39,183,SSD
55,39,92,SSD
55,39,165,SSD
55,39,190,SSD
56,0,49,SSD
56,0,85,SSD
56,0,146,SSD
56,0,233,SSD
56,0,165,SSD
56,0,11,SSD
56,0,22,RAM
56,0,227,SSD
56,1,66,SSD
56,1,133,SSD
56,1,203,SSD
56,1,107,SSD
56,1,158,SSD
56,1,169,SSD
56,1,171,SSD
56,1,43,SSD
56,2,249,SSD
56,2,237,RAM
56,2,169,SSD
56,2,164,RAM
56,2,90,SSD
56,2,64,RAM
56,2,149,SSD
56,2,14,SSD
56,3,132,RAM
56,3,55,SSD
56,3,42,SSD
56,3,171,SSD
56,3,194,RAM
56,3,19,SSD
56,3,75,SSD
56,3,216,SSD
56,4,65,SSD
56,4,228,SSD
56,4,122,SSD
56,4,105,RAM
56,4,17,SSD
56,4,119,SSD
56,4,25,RAM
56,4,242,RAM
56,5,249,SSD
56,5,12,RAM
56,5,170,RAM
56,5,161,RAM
56,5,61,SSD
56,5,62,RAM
56,5,29,RAM
56,5,153,RAM
56,6,90,SSD
56,6,2,RAM
56,6,56,RAM
56,6,39,RAM
56,6,57,RAM
56,6,175,RAM
56,6,166,RAM
56,6,128,SSD
56,7,199,RAM
56,7,131,SSD
56,7,253,RAM
56,7,44,SSD
56,7,242,SSD
56,7,192,RAM
56,7,56,SSD
56,7,219,RAM
56,8,212,RAM
56,8,35,RAM
56,8,49,RAM
56,8,164,SSD
56,8,65,SSD
56,8,103,SSD
56,8,52,SSD
56,8,151,RAM
56,9,217,SSD
56,9,96,SSD
56,9,166,RAM
56,9,98,RAM
56,9,61,RAM
56,9,207,SSD
56,9,178,RAM
56,9,131,RAM
56,10,62,RAM
56,10,142,RAM
56,10,26,RAM
56,10,19,RAM
56,10,220,RAM
56,10,24,SSD
56,10,253,SSD
56,10,40,SSD
56,11,142,SSD
56,11,207,RAM
56,11,250,RAM
56,11,17,RAM
56,11,69,RAM
56,11,20,SSD
56,11,101,RAM
56,11,203,SSD
56,12,56,RAM
56,12,9,RAM
56,12,7,SSD
56,12,42,RAM
56,12,67,SSD
56,12,2,RAM
56,12,43,SSD
56,12,154,SSD
56,13,174,RAM
56,13,228,RAM
56,13,76,RAM
56,13,29,RAM
56,13,219,RAM
56,13,124,RAM
56,13,40,SSD
56,13,195,RAM
56,14,189,RAM
56,14,138,RAM
56,14,146,RAM
56,14,58,RAM
56,14,44,RAM
56,14,67,RAM
56,14,235,RAM
56,14,201,RAM
56,15,206,RAM
56,15,238,RAM
56,15,145,SSD
56,15,249,RAM
56,15,3,RAM
56,15,96,RAM
56,15,158,RAM
56,15,76,RAM
56,16,45,RAM
56,16,169,RAM
56,16,147,SSD
56,16,13,RAM
56,16,195,SSD
56,16,181,RAM
56,16,31,RAM
56,16,191,SSD
56,17,8,RAM
56,17,69,RAM
56,17,102,RAM
56,17,204,SSD
56,17,60,RAM
56,17,114,RAM
56,17,66,SSD
56,17,132,SSD
56,18,117,RAM
56,18,77,RAM
56,18,214,RAM
56,18,158,RAM
56,18,212,RAM
56,18,215,RAM
56,18,174,RAM
56,18,35,SSD
56,19,248,RAM
56,19,59,RAM
56,19,137,RAM
56,19,199,SSD
56,19,135,SSD
56,19,124,RAM
56,19,157,SSD
56,19,67,RAM
56,20,41,RAM
56,20,151,RAM
56,20,35,RAM
56,20,224,RAM
56,20,57,RAM
56,20,1,RAM
56,20,171,RAM
56,20,212,SSD
56,21,166,RAM
56,21,217,SSD
56,21,243,RAM
56,21,103,RAM
56,21,240,RAM
56,21,178,RAM
56,21,207,RAM
56,21,134,RAM
56,22,205,RAM
56,22,116,RAM
56,22,62,SSD
56,22,24,SSD
56,22,250,SSD
56,22,26,RAM
56,22,253,SSD
56,22,236,RAM
56,23,134,RAM
56,23,142,SSD
56,23,49,RAM
56,23,20,SSD
56,23,203,SSD
56,23,101,SSD
56,23,141,RAM
56,23,247,SSD
56,24,203,RAM
56,24,9,RAM
56,24,42,RAM
56,24,2,RAM
56,24,67,RAM
56,24,43,SSD
56,24,116,RAM
56,24,80,SSD
56,25,174,RAM
56,25,100,RAM
56,25,195,RAM
56,25,76,RAM
56,25,228,RAM
56,25,166,SSD
56,25,29,RAM
56,25,192,RAM
56,26,67,RAM
56,26,96,RAM
56,26,58,RAM
56,26,252,RAM
56,26,138,RAM
56,26,146,RAM
56,26,73,SSD
56,26,180,SSD
56,27,206,RAM
56,27,249,RAM
56,27,146,RAM
56,27,3,RAM
56,27,96,RAM
56,27,76,RAM
56,27,158,RAM
56,27,120,SSD
56,28,45,RAM
56,28,96,SSD
56,28,181,SSD
56,28,169,SSD
56,28,195,RAM
56,28,31,RAM
56,28,231,RAM
56,28,72,RAM
56,29,204,RAM
56,29,132,RAM
56,29,229,RAM
56,29,66,RAM
56,29,151,SSD
56,29,141,SSD
56,29,8,SSD
56,29,214,RAM
56,30,117,RAM
56,30,71,SSD
56,30,64,RAM
56,30,158,RAM
56,30,188,SSD
56,30,73,SSD
56,30,118,RAM
56,30,215,RAM
56,31,248,RAM
56,31,137,RAM
56,31,199,SSD
56,31,240,SSD
56,31,135,RAM
56,31,95,SSD
56,31,225,SSD
56,31,211,RAM
56,32,59,RAM
56,32,48,RAM
56,32,221,SSD
56,32,18,RAM
56,32,246,SSD
56,32,102,SSD
56,32,254,RAM
56,32,156,RAM
56,33,81,RAM
56,33,107,RAM
56,33,11,RAM
56,33,121,SSD
56,33,151,RAM
56,33,58,SSD
56,33,224,SSD
56,33,143,RAM
56,34,252,RAM
56,34,56,RAM
56,34,175,SSD
56,34,208,SSD
56,34,220,RAM
56,34,64,SSD
56,34,211,SSD
56,34,67,RAM
56,35,167,RAM
56,35,202,RAM
56,35,85,SSD
56,35,218,RAM
56,35,94,SSD
56,35,5,SSD
56,35,235,RAM
56,35,132,SSD
56,36,158,RAM
56,36,152,RAM
56,36,246,RAM
56,36,203,RAM
56,36,195,SSD
56,36,248,RAM
56,36,118,RAM
56,36,188,RAM
56,37,64,RAM
56,37,161,RAM
56,37,135,RAM
56,37,67,RAM
56,37,60,RAM
56,37,43,SSD
56,37,103,RAM
56,37,75,RAM
56,38,201,SSD
56,38,9,SSD
56,38,234,RAM
56,38,30,RAM
56,38,127,RAM
56,38,163,SSD
56,38,118,SSD
56,38,189,SSD
56,39,246,SSD
56,39,250,SSD
56,39,1,SSD
56,39,183,RAM
56,39,92,RAM
56,39,215,SSD
56,39,203,RAM
56,39,17,SSD
57,0,234,SSD
57,0,92,SSD
57,0,155,SSD
57,0,62,RAM
57,0,144,SSD
57,0,76,SSD
57,0,41,RAM
57,0,186,SSD
57,1,198,SSD
57,1,120,SSD
57,1,14,RAM
57,1,85,SSD
57,1,133,RAM
57,1,92,SSD
57,1,195,SSD
57,1,3,SSD
57,2,150,SSD
57,2,230,SSD
57,2,110,SSD
57,2,92,SSD
57,2,89,SSD
57,2,15,SSD
57,2,86,SSD
57,2,117,SSD
57,3,54,SSD
57,3,155,SSD
57,3,202,RAM
57,3,243,RAM
57,3,156,SSD
57,3,177,RAM
57,3,251,RAM
57,3,92,RAM
57,4,121,RAM
57,4,94,SSD
57,4,71,SSD
57,4,112,SSD
57,4,8,SSD
57,4,110,RAM
57,4,152,SSD
57,4,158,SSD
57,5,81,SSD
57,5,210,RAM
57,5,253,SSD
57,5,115,RAM
57,5,0,SSD
57,5,153,RAM
57,5,208,SSD
57,5,164,RAM
57,6,92,SSD
57,6,102,RAM
57,6,235,SSD
57,6,125,SSD
57,6,200,SSD
57,6,2,RAM
57,6,241,SSD
57,6,185,RAM
57,7,132,RAM
57,7,243,SSD
57,7,181,SSD
57,7,24,RAM
57,7,131,RAM
57,7,253,RAM
57,7,199,RAM
57,7,96,SSD
57,8,41,RAM
57,8,224,RAM
57,8,151,RAM
57,8,49,RAM
57,8,171,SSD
57,8,124,SSD
57,8,165,SSD
57,8,114,SSD
57,9,166,RAM
57,9,120,RAM
57,9,243,RAM
57,9,103,RAM
57,9,81,SSD
57,9,61,RAM
57,9,96,RAM
57,9,220,SSD
57,10,207,SSD
57,10,9,SSD
57,10,116,RAM
57,10,218,SSD
57,10,205,RAM
57,10,232,RAM
57,10,250,SSD
57,10,66,SSD
57,11,153,SSD
57,11,134,RAM
57,11,114,SSD
57,11,97,SSD
57,11,54,SSD
57,11,130,SSD
57,11,10,SSD
57,11,15,SSD
57,12,42,RAM
57,12,9,RAM
57,12,116,RAM
57,12,2,RAM
57,12,206,SSD
57,12,56,RAM
57,12,244,SSD
57,12,203,RAM
57,13,174,RAM
57,13,199,SSD
57,13,228,RAM
57,13,38,SSD
57,13,151,RAM
57,13,222,SSD
57,13,76,RAM
57,13,40,RAM
57,14,67,RAM
57,14,189,RAM
57,14,44,RAM
57,14,201,RAM
57,14,58,RAM
57,14,138,RAM
57,14,252,RAM
57,14,73,SSD
57,15,206,RAM
57,15,248,SSD
57,15,249,RAM
57,15,145,RAM
57,15,3,RAM
57,15,134,RAM
57,15,238,RAM
57,15,76,RAM
57,16,45,RAM
57,16,169,RAM
57,16,230,SSD
57,16,195,RAM
57,16,13,RAM
57,16,31,RAM
57,16,54,SSD
57,16,191,RAM
57,17,8,RAM
57,17,204,RAM
57,17,69,RAM
57,17,236,RAM
57,17,102,RAM
57,17,216,SSD
57,17,197,SSD
57,17,66,RAM
57,18,117,RAM
57,18,69,SSD
57,18,45,SSD
57,18,77,RAM
57,18,64,SSD
57,18,73,SSD
57,18,35,RAM
57,18,214,RAM
57,19,248,RAM
57,19,135,RAM
57,19,59,RAM
57,19,60,SSD
57,19,137,RAM
57,19,157,RAM
57,19,211,SSD
57,19,190,SSD
57,20,41,RAM
57,20,151,RAM
57,20,224,RAM
57,20,57,RAM
57,20,53,SSD
57,20,171,RAM
57,20,165,RAM
57,20,148,SSD
57,21,166,RAM
57,21,103,RAM
57,21,243,RAM
57,21,107,SSD
57,21,96,SSD
57,21,99,SSD
57,21,207,RAM
57,21,214,RAM
57,22,250,RAM
57,22,205,RAM
57,22,0,SSD
57,22,9,SSD
57,22,232,SSD
57,22,218,SSD
57,22,207,SSD
57,22,101,RAM
57,23,134,RAM
57,23,153,SSD
57,23,15,SSD
57,23,2,SSD
57,23,114,SSD
57,23,10,SSD
57,23,202,SSD
57,23,54,SSD
57,24,9,RAM
57,24,42,RAM
57,24,106,RAM
57,24,2,RAM
57,24,178,SSD
57,24,80,RAM
57,24,203,RAM
57,24,116,RAM
57,25,174,RAM
57,25,228,RAM
57,25,76,RAM
57,25,200,RAM
57,25,195,RAM
57,25,199,SSD
57,25,166,RAM
57,25,38,SSD
57,26,67,RAM
57,26,58,RAM
57,26,73,RAM
57,26,189,RAM
57,26,84,SSD
57,26,252,RAM
57,26,201,SSD
57,26,96,RAM
57,27,206,RAM
57,27,249,RAM
57,27,248,SSD
57,27,146,RAM
57,27,241,RAM
57,27,134,SSD
57,27,76,RAM
57,27,44,RAM
57,28,169,RAM
57,28,230,SSD
57,28,45,RAM
57,28,54,SSD
57,28,195,RAM
57,28,146,SSD
57,28,31,RAM
57,28,26,SSD
57,29,204,RAM
57,29,236,RAM
57,29,65,SSD
57,29,151,RAM
57,29,69,RAM
57,29,28,SSD
57,29,102,RAM
57,29,66,RAM
57,30,117,RAM
57,30,69,SSD
57,30,45,SSD
57,30,64,RAM
57,30,214,RAM
57,30,97,SSD
57,30,73,RAM
57,30,158,RAM
57,31,248,RAM
57,31,240,RAM
57,31,95,RAM
57,31,135,RAM
57,31,137,RAM
57,31,233,RAM
57,31,60,SSD
57,31,51,SSD
57,32,195,SSD
57,32,146,SSD
57,32,199,SSD
57,32,86,SSD
57,32,59,RAM
57,32,7,SSD
57,32,247,SSD
57,32,194,RAM
57,33,97,SSD
57,33,81,RAM
57,33,37,SSD
57,33,94,RAM
57,33,75,SSD
57,33,36,SSD
57,33,181,SSD
57,33,217,SSD
57,34,212,SSD
57,34,255,SSD
57,34,187,RAM
57,34,90,SSD
57,34,54,RAM
57,34,19,RAM
57,34,206,SSD
57,34,5,SSD
57,35,49,SSD
57,35,167,RAM
57,35,202,RAM
57,35,129,SSD
57,35,244,RAM
57,35,35,SSD
57,35,16,SSD
57,35,29,SSD
57,36,158,RAM
57,36,203,RAM
57,36,234,SSD
57,36,0,RAM
57,36,8,RAM
57,36,147,SSD
57,36,118,RAM
57,36,129,RAM
57,37,64,RAM
57,37,103,RAM
57,37,84,SSD
57,37,75,RAM
57,37,227,SSD
57,37,22,SSD
57,37,147,SSD
57,37,220,SSD
57,38,22,RAM
57,38,127,RAM
57,38,79,RAM
57,38,106,SSD
57,38,94,RAM
57,38,34,RAM
57,38,97,SSD
57,38,230,SSD
57,39,16,RAM
57,39,145,RAM
57,39,116,RAM
57,39,78,RAM
57,39,203,RAM
57,39,23,SSD
57,39,34,RAM
57,39,30,RAM
58,0,70,RAM
58,0,124,SSD
58,0,174,SSD
58,0,222,SSD
58,0,178,SSD
58,0,199,RAM
58,0,62,RAM
58,0,211,RAM
58,1,153,RAM
58,1,49,RAM
58,1,48,RAM
58,1,40,SSD
58,1,230,SSD
58,1,14,RAM
58,1,206,SSD
58,1,32,SSD
58,2,20,SSD
58,2,94,RAM
58,2,193,SSD
58,2,229,SSD
58,2,189,SSD
58,2,3,RAM
58,2,2,SSD
58,2,169,RAM
58,3,243,RAM
58,3,247,SSD
58,3,54,RAM
58,3,192,SSD
58,3,4,SSD
58,3,251,RAM
58,3,50,SSD
58,3,166,SSD
58,4,121,RAM
58,4,180,SSD
58,4,175,RAM
58,4,158,RAM
58,4,178,SSD
58,4,135,SSD
58,4,110,RAM
58,4,29,SSD
58,5,19,SSD
58,5,164,RAM
58,5,210,RAM
58,5,81,RAM
58,5,33,SSD
58,5,122,SSD
58,5,253,RAM
58,5,208,RAM
58,6,102,RAM
58,6,159,SSD
58,6,125,RAM
58,6,76,SSD
58,6,185,RAM
58,6,209,RAM
58,6,151,RAM
58,6,242,SSD
58,7,132,RAM
58,7,24,RAM
58,7,38,RAM
58,7,203,SSD
58,7,81,SSD
58,7,96,RAM
58,7,246,SSD
58,7,151,SSD
58,8,41,RAM
58,8,224,RAM
58,8,151,RAM
58,8,1,RAM
58,8,165,RAM
58,8,114,RAM
58,8,102,SSD
58,8,3,SSD
58,9,166,RAM
58,9,243,RAM
58,9,103,RAM
58,9,61,RAM
58,9,81,RAM
58,9,146,SSD
58,9,134,RAM
58,9,226,SSD
58,10,232,RAM
58,10,165,SSD
58,10,242,RAM
58,10,81,SSD
58,10,205,RAM
58,10,66,RAM
58,10,116,RAM
58,10,226,SSD
58,11,134,RAM
58,11,218,RAM
58,11,59,SSD
58,11,10,RAM
58,11,85,RAM
58,11,231,SSD
58,11,225,SSD
58,11,54,RAM
58,12,9,RAM
58,12,42,RAM
58,12,116,RAM
58,12,2,RAM
58,12,232,SSD
58,12,100,SSD
58,12,139,SSD
58,12,219,SSD
58,13,174,RAM
58,13,19,RAM
58,13,228,RAM
58,13,149,SSD
58,13,151,RAM
58,13,199,RAM
58,13,208,SSD
58,13,166,SSD
58,14,189,RAM
58,14,67,RAM
58,14,58,RAM
58,14,201,RAM
58,14,252,RAM
58,14,35,SSD
58,14,138,RAM
58,14,87,SSD
58,15,206,RAM
58,15,249,RAM
58,15,134,RAM
58,15,55,SSD
58,15,238,RAM
58,15,145,RAM
58,15,28,SSD
58,15,3,RAM
58,16,169,RAM
58,16,45,RAM
58,16,195,RAM
58,16,141,SSD
58,16,190,RAM
58,16,53,RAM
58,16,26,SSD
58,16,31,RAM
58,17,8,RAM
58,17,204,RAM
58,17,69,RAM
58,17,214,SSD
58,17,28,SSD
58,17,238,SSD
58,17,216,RAM
58,17,66,RAM
58,18,117,RAM
58,18,219,SSD
58,18,35,RAM
58,18,72,RAM
58,18,45,RAM
58,18,77,RAM
58,18,48,SSD
58,18,64,RAM
58,19,248,RAM
58,19,59,RAM
58,19,137,RAM
58,19,99,SSD
58,19,85,RAM
58,19,135,RAM
58,19,157,RAM
58,19,114,SSD
58,20,41,RAM
58,20,151,RAM
58,20,224,RAM
58,20,1,RAM
58,20,171,RAM
58,20,53,RAM
58,20,148,RAM
58,20,57,RAM
58,21,166,RAM
58,21,243,RAM
58,21,103,RAM
58,21,214,RAM
58,21,61,RAM
58,21,207,RAM
58,21,107,RAM
58,21,99,RAM
58,22,205,RAM
58,22,232,RAM
58,22,250,RAM
58,22,242,RAM
58,22,7,SSD
58,22,116,RAM
58,22,207,RAM
58,22,66,RAM
58,23,218,RAM
58,23,134,RAM
58,23,116,SSD
58,23,231,SSD
58,23,2,RAM
58,23,201,SSD
58,23,93,SSD
58,23,10,RAM
58,24,9,RAM
58,24,11,RAM
58,24,42,RAM
58,24,2,RAM
58,24,80,RAM
58,24,178,RAM
58,24,203,RAM
58,24,213,SSD
58,25,174,RAM
58,25,228,RAM
58,25,19,RAM
58,25,76,RAM
58,25,166,RAM
58,25,208,SSD
58,25,40,SSD
58,25,149,SSD
58,26,67,RAM
58,26,58,RAM
58,26,244,SSD
58,26,201,RAM
58,26,87,SSD
58,26,252,RAM
58,26,146,RAM
58,26,215,SSD
58,27,206,RAM
58,27,249,RAM
58,27,146,RAM
58,27,134,RAM
58,27,28,RAM
58,27,76,RAM
58,27,191,SSD
58,27,3,RAM
58,28,169,RAM
58,28,45,RAM
58,28,195,RAM
58,28,31,RAM
58,28,141,SSD
58,28,191,SSD
58,28,26,RAM
58,28,47,SSD
58,29,204,RAM
58,29,69,RAM
58,29,151,RAM
58,29,102,RAM
58,29,99,SSD
58,29,49,SSD
58,29,28,RAM
58,29,66,RAM
58,30,117,RAM
58,30,64,RAM
58,30,77,SSD
58,30,151,SSD
58,30,214,RAM
58,30,158,RAM
58,30,73,RAM
58,30,162,SSD
58,31,248,RAM
58,31,28,RAM
58,31,240,RAM
58,31,137,RAM
58,31,34,SSD
58,31,95,RAM
58,31,70,RAM
58,31,135,RAM
58,32,86,RAM
58,32,85,SSD
58,32,59,RAM
58,32,7,RAM
58,32,123,RAM
58,32,102,RAM
58,32,64,SSD
58,32,246,RAM
58,33,81,RAM
58,33,36,RAM
58,33,95,RAM
58,33,139,SSD
58,33,102,SSD
58,33,6,SSD
58,33,15,RAM
58,33,189,SSD
58,34,238,SSD
58,34,240,RAM
58,34,90,RAM
58,34,44,RAM
58,34,206,RAM
58,34,211,RAM
58,34,195,SSD
58,34,28,SSD
58,35,49,RAM
58,35,202,RAM
58,35,167,RAM
58,35,148,RAM
58,35,190,SSD
58,35,129,RAM
58,35,8,SSD
58,35,14,SSD
58,36,158,RAM
58,36,227,SSD
58,36,147,RAM
58,36,203,RAM
58,36,118,RAM
58,36,34,RAM
58,36,172,SSD
58,36,142,RAM
58,37,64,RAM
58,37,103,RAM
58,37,15,SSD
58,37,78,RAM
58,37,193,SSD
58,37,75,RAM
58,37,227,RAM
58,37,153,SSD
58,38,139,SSD
58,38,215,SSD
58,38,127,RAM
58,38,251,SSD
58,38,119,RAM
58,38,132,SSD
58,38,106,RAM
58,38,230,RAM
58,39,158,RAM
58,39,72,SSD
58,39,36,SSD
58,39,122,RAM
58,39,203,RAM
58,39,254,SSD
58,39,165,RAM
58,39,224,SSD
59,0,218,RAM
59,0,65,RAM
59,0,41,RAM
59,0,86,RAM
59,0,29,RAM
59,0,2,RAM
59,0,212,RAM
59,0,46,RAM
59,1,63,SSD
59,1,13,SSD
59,1,8,SSD
59,1,14,RAM
59,1,178,SSD
59,1,66,RAM
59,1,40,RAM
59,1,222,SSD
59,2,93,SSD
59,2,107,SSD
59,2,169,RAM
59,2,252,SSD
59,2,122,SSD
59,2,63,SSD
59,2,39,SSD
59,2,35,SSD
59,3,166,RAM
59,3,154,SSD
59,3,243,RAM
59,3,156,RAM
59,3,251,RAM
59,3,247,RAM
59,3,54,RAM
59,3,177,RAM
59,4,121,RAM
59,4,180,RAM
59,4,152,RAM
59,4,164,SSD
59,4,158,RAM
59,4,239,SSD
59,4,123,SSD
59,4,132,SSD
59,5,23,SSD
59,5,115,RAM
59,5,210,RAM
59,5,67,RAM
59,5,81,RAM
59,5,164,RAM
59,5,122,RAM
59,5,254,RAM
59,6,102,RAM
59,6,114,SSD
59,6,125,RAM
59,6,185,RAM
59,6,151,RAM
59,6,241,RAM
59,6,2,RAM
59,6,200,RAM
59,7,132,RAM
59,7,24,RAM
59,7,187,SSD
59,7,96,RAM
59,7,142,SSD
59,7,19,SSD
59,7,81,RAM
59,7,179,SSD
59,8,41,RAM
59,8,224,RAM
59,8,151,RAM
59,8,1,RAM
59,8,165,RAM
59,8,117,SSD
59,8,249,RAM
59,8,163,SSD
59,9,166,RAM
59,9,243,RAM
59,9,103,RAM
59,9,146,RAM
59,9,207,RAM
59,9,81,RAM
59,9,226,RAM
59,9,61,RAM
59,10,250,RAM
59,10,232,RAM
59,10,116,RAM
59,10,233,SSD
59,10,31,RAM
59,10,117,SSD
59,10,205,RAM
59,10,54,SSD
59,11,97,RAM
59,11,54,RAM
59,11,134,RAM
59,11,2,SSD
59,11,116,SSD
59,11,10,RAM
59,11,141,RAM
59,11,17,RAM
59,12,2,RAM
59,12,9,RAM
59,12,42,RAM
59,12,116,RAM
59,12,219,RAM
59,12,10,SSD
59,12,55,SSD
59,12,80,SSD
59,13,174,RAM
59,13,228,RAM
59,13,222,RAM
59,13,208,RAM
59,13,151,RAM
59,13,40,RAM
59,13,185,SSD
59,13,195,RAM
59,14,189,RAM
59,14,201,RAM
59,14,44,RAM
59,14,67,RAM
59,14,58,RAM
59,14,252,RAM
59,14,115,SSD
59,14,22,SSD
59,15,206,RAM
59,15,249,RAM
59,15,145,RAM
59,15,3,RAM
59,15,79,RAM
59,15,146,SSD
59,15,238,RAM
59,15,122,SSD
59,16,45,RAM
59,16,169,RAM
59,16,195,RAM
59,16,138,RAM
59,16,191,RAM
59,16,193,SSD
59,16,31,RAM
59,16,82,SSD
59,17,8,RAM
59,17,69,RAM
59,17,204,RAM
59,17,114,RAM
59,17,217,SSD
59,17,4,SSD
59,17,78,RAM
59,17,66,RAM
59,18,141,SSD
59,18,117,RAM
59,18,66,SSD
59,18,77,RAM
59,18,151,SSD
59,18,64,RAM
59,18,45,RAM
59,18,130,SSD
59,19,248,RAM
59,19,59,RAM
59,19,135,RAM
59,19,137,RAM
59,19,247,SSD
59,19,83,SSD
59,19,67,RAM
59,19,114,RAM
59,20,41,RAM
59,20,151,RAM
59,20,224,RAM
59,20,53,RAM
59,20,148,RAM
59,20,165,RAM
59,20,194,SSD
59,20,253,SSD
59,21,166,RAM
59,21,243,RAM
59,21,207,RAM
59,21,103,RAM
59,21,214,RAM
59,21,99,RAM
59,21,84,SSD
59,21,107,RAM
59,22,233,SSD
59,22,250,RAM
59,22,205,RAM
59,22,17,RAM
59,22,151,SSD
59,22,26,RAM
59,22,116,RAM
59,22,216,SSD
59,23,134,RAM
59,23,116,RAM
59,23,59,RAM
59,23,25,SSD
59,23,170,SSD
59,23,2,RAM
59,23,209,RAM
59,23,54,RAM
59,24,9,RAM
59,24,128,RAM
59,24,2,RAM
59,24,42,RAM
59,24,203,RAM
59,24,217,RAM
59,24,213,RAM
59,24,139,SSD
59,25,174,RAM
59,25,0,SSD
59,25,222,SSD
59,25,228,RAM
59,25,211,SSD
59,25,195,RAM
59,25,19,RAM
59,25,76,RAM
59,26,67,RAM
59,26,58,RAM
59,26,252,RAM
59,26,254,SSD
59,26,146,RAM
59,26,78,RAM
59,26,96,RAM
59,26,84,RAM
59,27,79,RAM
59,27,206,RAM
59,27,3,RAM
59,27,249,RAM
59,27,146,RAM
59,27,76,RAM
59,27,220,SSD
59,27,158,RAM
59,28,193,SSD
59,28,82,SSD
59,28,45,RAM
59,28,169,RAM
59,28,219,SSD
59,28,196,SSD
59,28,2,RAM
59,28,146,RAM
59,29,88,SSD
59,29,61,SSD
59,29,204,RAM
59,29,49,RAM
59,29,21,RAM
59,29,225,SSD
59,29,78,RAM
59,29,66,RAM
59,30,117,RAM
59,30,162,RAM
59,30,158,RAM
59,30,141,SSD
59,30,151,RAM
59,30,64,RAM
59,30,232,SSD
59,30,130,SSD
59,31,137,RAM
59,31,34,RAM
59,31,70,RAM
59,31,248,RAM
59,31,28,RAM
59,31,135,RAM
59,31,95,RAM
59,31,211,RAM
59,32,148,RAM
59,32,179,SSD
59,32,59,RAM
59,32,57,SSD
59,32,75,RAM
59,32,86,RAM
59,32,140,SSD
59,32,254,RAM
59,33,5,RAM
59,33,133,SSD
59,33,81,RAM
59,33,132,SSD
59,33,104,SSD
59,33,75,RAM
59,33,68,SSD
59,33,15,RAM
59,34,44,RAM
59,34,5,RAM
59,34,45,RAM
59,34,238,RAM
59,34,227,RAM
59,34,247,RAM
59,34,181,RAM
59,34,173,RAM
59,35,202,RAM
59,35,148,RAM
59,35,167,RAM
59,35,74,RAM
59,35,190,RAM
59,35,253,RAM
59,35,14,RAM
59,35,89,RAM
59,36,158,RAM
59,36,115,RAM
59,36,227,RAM
59,36,203,RAM
59,36,118,RAM
59,36,147,RAM
59,36,188,RAM
59,36,53,SSD
59,37,64,RAM
59,37,103,RAM
59,37,78,RAM
59,37,93,RAM
59,37,27,SSD
59,37,227,RAM
59,37,35,RAM
59,37,97,SSD
59,38,135,SSD
59,38,119,RAM
59,38,128,RAM
59,38,127,RAM
59,38,94,RAM
59,38,169,RAM
59,38,251,RAM
59,38,8,SSD
59,39,129,SSD
59,39,17,RAM
59,39,158,RAM
59,39,75,SSD
59,39,117,SSD
59,39,122,RAM
59,39,222,SSD
59,39,63,SSD
60,0,27,SSD
60,0,35,SSD
60,0,101,SSD
60,0,135,SSD
60,0,166,SSD
60,0,108,SSD
60,0,79,SSD
60,0,133,SSD
60,1,26,SSD
60,1,11,SSD
60,1,139,SSD
60,1,132,SSD
60,1,216,SSD
60,1,158,RAM
60,1,34,SSD
60,1,146,SSD
60,2,210,SSD
60,2,235,SSD
60,2,121,SSD
60,2,59,SSD
60,2,35,RAM
60,2,149,RAM
60,2,130,SSD
60,2,90,RAM
60,3,211,SSD
60,3,226,SSD
60,3,106,SSD
60,3,37,SSD
60,3,146,SSD
60,3,31,SSD
60,3,29,SSD
60,3,199,RAM
60,4,65,RAM
60,4,14,SSD
60,4,167,SSD
60,4,240,SSD
60,4,242,RAM
60,4,17,RAM
60,4,118,SSD
60,4,146,SSD
60,5,161,RAM
60,5,10,SSD
60,5,253,RAM
60,5,235,SSD
60,5,12,RAM
60,5,6,SSD
60,5,186,SSD
60,5,191,SSD
60,6,167,SSD
60,6,215,SSD
60,6,255,SSD
60,6,2,RAM
60,6,241,RAM
60,6,200,RAM
60,6,245,SSD
60,6,175,RAM
60,7,2,SSD
60,7,199,RAM
60,7,253,RAM
60,7,187,RAM
60,7,66,RAM
60,7,121,SSD
60,7,185,SSD
60,7,44,RAM
60,8,35,RAM
60,8,212,RAM
60,8,56,SSD
60,8,49,RAM
60,8,89,SSD
60,8,115,SSD
60,8,164,RAM
60,8,180,SSD
60,9,241,SSD
60,9,180,SSD
60,9,94,SSD
60,9,98,RAM
60,9,13,SSD
60,9,131,RAM
60,9,207,RAM
60,9,84,SSD
60,10,88,SSD
60,10,216,SSD
60,10,26,RAM
60,10,142,RAM
60,10,151,SSD
60,10,1,SSD
60,10,19,RAM
60,10,83,SSD
60,11,20,RAM
60,11,39,SSD
60,11,17,RAM
60,11,248,SSD
60,11,107,SSD
60,11,54,RAM
60,11,170,SSD
60,11,101,RAM
60,12,56,RAM
60,12,160,SSD
60,12,128,SSD
60,12,116,RAM
60,12,2,RAM
60,12,7,RAM
60,12,253,SSD
60,12,26,SSD
60,13,178,SSD
60,13,29,RAM
60,13,222,RAM
60,13,112,SSD
60,13,174,RAM
60,13,195,RAM
60,13,211,SSD
60,13,228,RAM
60,14,146,RAM
60,14,138,RAM
60,14,235,RAM
60,14,44,RAM
60,14,18,SSD
60,14,252,RAM
60,14,189,RAM
60,14,58,RAM
60,15,36,SSD
60,15,206,RAM
60,15,3,RAM
60,15,238,RAM
60,15,79,RAM
60,15,76,RAM
60,15,44,SSD
60,15,166,SSD
60,16,96,SSD
60,16,45,RAM
60,16,71,RAM
60,16,224,RAM
60,16,73,RAM
60,16,169,RAM
60,16,2,SSD
60,16,31,RAM
60,17,94,SSD
60,17,8,RAM
60,17,60,RAM
60,17,102,RAM
60,17,114,RAM
60,17,253,SSD
60,17,229,RAM
60,17,69,RAM
60,18,148,SSD
60,18,117,RAM
60,18,170,SSD
60,18,158,RAM
60,18,214,RAM
60,18,77,RAM
60,18,17,RAM
60,18,174,RAM
60,19,130,SSD
60,19,137,RAM
60,19,70,RAM
60,19,248,RAM
60,19,59,RAM
60,19,4,SSD
60,19,33,SSD
60,19,236,SSD
60,20,41,RAM
60,20,151,RAM
60,20,224,RAM
60,20,35,RAM
60,20,53,RAM
60,20,148,RAM
60,20,171,RAM
60,20,75,SSD
60,21,166,RAM
60,21,180,SSD
60,21,241,SSD
60,21,243,RAM
60,21,103,RAM
60,21,207,RAM
60,21,61,RAM
60,21,107,RAM
60,22,83,SSD
60,22,116,RAM
60,22,88,SSD
60,22,205,RAM
60,22,253,RAM
60,22,26,RAM
60,22,250,RAM
60,22,77,SSD
60,23,20,RAM
60,23,39,SSD
60,23,134,RAM
60,23,141,RAM
60,23,25,RAM
60,23,101,RAM
60,23,54,RAM
60,23,56,SSD
60,24,67,RAM
60,24,9,RAM
60,24,42,RAM
60,24,2,RAM
60,24,203,RAM
60,24,213,RAM
60,24,160,SSD
60,24,116,RAM
60,25,178,SSD
60,25,174,RAM
60,25,112,SSD
60,25,211,RAM
60,25,29,RAM
60,25,228,RAM
60,25,40,RAM
60,25,195,RAM
60,26,78,RAM
60,26,146,RAM
60,26,67,RAM
60,26,58,RAM
60,26,252,RAM
60,26,138,RAM
60,26,215,RAM
60,26,201,RAM
60,27,206,RAM
60,27,166,SSD
60,27,100,SSD
60,27,3,RAM
60,27,36,SSD
60,27,245,RAM
60,27,249,RAM
60,27,158,RAM
60,28,96,RAM
60,28,73,RAM
60,28,45,RAM
60,28,224,RAM
60,28,195,RAM
60,28,173,SSD
60,28,169,RAM
60,28,72,RAM
60,29,94,SSD
60,29,204,RAM
60,29,102,RAM
60,29,229,RAM
60,29,61,RAM
60,29,66,RAM
60,29,151,RAM
60,29,69,RAM
60,30,148,SSD
60,30,117,RAM
60,30,170,SSD
60,30,85,SSD
60,30,17,RAM
60,30,64,RAM
60,30,122,SSD
60,30,77,RAM
60,31,130,SSD
60,31,137,RAM
60,31,70,RAM
60,31,248,RAM
60,31,28,RAM
60,31,67,RAM
60,31,211,RAM
60,31,124,RAM
60,32,99,SSD
60,32,158,SSD
60,32,254,RAM
60,32,60,SSD
60,32,59,RAM
60,32,151,SSD
60,32,156,RAM
60,32,47,RAM
60,33,33,SSD
60,33,81,RAM
60,33,232,SSD
60,33,190,SSD
60,33,41,SSD
60,33,143,RAM
60,33,15,RAM
60,33,205,SSD
60,34,82,SSD
60,34,161,SSD
60,34,97,SSD
60,34,34,SSD
60,34,247,RAM
60,34,181,RAM
60,34,173,RAM
60,34,55,SSD
60,35,24,SSD
60,35,202,RAM
60,35,167,RAM
60,35,89,RAM
60,35,253,RAM
60,35,165,SSD
60,35,74,RAM
60,35,104,SSD
60,36,158,RAM
60,36,207,SSD
60,36,203,RAM
60,36,188,RAM
60,36,118,RAM
60,36,49,RAM
60,36,53,RAM
60,36,10,SSD
60,37,64,RAM
60,37,104,SSD
60,37,103,RAM
60,37,97,RAM
60,37,89,RAM
60,37,200,SSD
60,37,93,RAM
60,37,75,RAM
60,38,71,SSD
60,38,128,RAM
60,38,135,RAM
60,38,127,RAM
60,38,27,SSD
60,38,94,RAM
60,38,212,RAM
60,38,118,RAM
60,39,110,SSD
60,39,69,SSD
60,39,243,SSD
60,39,12,SSD
60,39,70,SSD
60,39,58,SSD
60,39,63,RAM
60,39,78,RAM
61,0,106,SSD
61,0,66,SSD
61,0,22,RAM
61,0,46,RAM
61,0,121,SSD
61,0,172,SSD
61,0,63,SSD
61,0,40,SSD
61,1,28,SSD
61,1,191,SSD
61,1,223,SSD
61,1,217,SSD
61,1,211,SSD
61,1,128,SSD
61,1,189,SSD
61,1,242,SSD
61,2,121,RAM
61,2,87,SSD
61,2,43,SSD
61,2,22,SSD
61,2,217,SSD
61,2,169,RAM
61,2,188,SSD
61,2,249,RAM
61,3,226,RAM
61,3,92,RAM
61,3,202,RAM
61,3,177,RAM
61,3,166,RAM
61,3,214,SSD
61,3,199,RAM
61,3,219,SSD
61,4,242,RAM
61,4,54,SSD
61,4,65,RAM
61,4,118,RAM
61,4,139,SSD
61,4,105,RAM
61,4,228,RAM
61,4,244,SSD
61,5,161,RAM
61,5,10,RAM
61,5,12,RAM
61,5,114,SSD
61,5,170,RAM
61,5,31,SSD
61,5,100,SSD
61,5,153,RAM
61,6,182,SSD
61,6,51,SSD
61,6,114,RAM
61,6,90,RAM
61,6,3,SSD
61,6,157,SSD
61,6,56,RAM
61,6,39,RAM
61,7,253,RAM
61,7,2,RAM
61,7,44,RAM
61,7,199,RAM
61,7,131,RAM
61,7,66,RAM
61,7,24,RAM
61,7,185,RAM
61,8,35,RAM
61,8,212,RAM
61,8,49,RAM
61,8,120,SSD
61,8,56,RAM
61,8,151,RAM
61,8,41,RAM
61,8,52,RAM
61,9,240,SSD
61,9,98,RAM
61,9,156,SSD
61,9,166,RAM
61,9,61,RAM
61,9,169,SSD
61,9,207,RAM
61,9,243,RAM
61,10,253,RAM
61,10,88,RAM
61,10,26,RAM
61,10,163,SSD
61,10,114,SSD
61,10,101,SSD
61,10,161,SSD
61,10,205,RAM
61,11,49,SSD
61,11,195,SSD
61,11,142,RAM
61,11,20,RAM
61,11,101,RAM
61,11,123,SSD
61,11,130,RAM
61,11,66,SSD
61,12,67,RAM
61,12,56,RAM
61,12,9,RAM
61,12,116,RAM
61,12,2,RAM
61,12,42,RAM
61,12,203,RAM
61,12,138,SSD
61,13,112,RAM
61,13,174,RAM
61,13,111,SSD
61,13,178,RAM
61,13,100,SSD
61,13,22,SSD
61,13,228,RAM
61,13,29,RAM
61,14,40,SSD
61,14,138,RAM
61,14,146,RAM
61,14,189,RAM
61,14,67,RAM
61,14,44,RAM
61,14,235,RAM
61,14,38,SSD
61,15,206,RAM
61,15,166,RAM
61,15,36,RAM
61,15,238,RAM
61,15,3,RAM
61,15,142,SSD
61,15,96,RAM
61,15,134,RAM
61,16,96,RAM
61,16,45,RAM
61,16,73,RAM
61,16,185,RAM
61,16,224,RAM
61,16,169,RAM
61,16,71,RAM
61,16,129,SSD
61,17,102,RAM
61,17,69,RAM
61,17,8,RAM
61,17,94,RAM
61,17,229,RAM
61,17,4,RAM
61,17,60,RAM
61,17,66,RAM
61,18,117,RAM
61,18,148,RAM
61,18,77,RAM
61,18,17,RAM
61,18,209,SSD
61,18,122,SSD
61,18,214,RAM
61,18,6,SSD
61,19,137,RAM
61,19,248,RAM
61,19,70,RAM
61,19,28,SSD
61,19,59,RAM
61,19,124,RAM
61,19,233,SSD
61,19,67,RAM
61,20,41,RAM
61,20,224,RAM
61,20,151,RAM
61,20,57,RAM
61,20,75,RAM
61,20,35,RAM
61,20,171,RAM
61,20,53,RAM
61,21,240,RAM
61,21,166,RAM
61,21,243,RAM
61,21,103,RAM
61,21,251,RAM
61,21,134,RAM
61,21,61,RAM
61,21,107,RAM
61,22,253,RAM
61,22,205,RAM
61,22,116,RAM
61,22,88,RAM
61,22,26,RAM
61,22,163,SSD
61,22,66,RAM
61,22,119,RAM
61,23,49,RAM
61,23,142,RAM
61,23,141,RAM
61,23,134,RAM
61,23,20,RAM
61,23,101,RAM
61,23,130,SSD
61,23,56,RAM
61,24,67,RAM
61,24,9,RAM
61,24,42,RAM
61,24,2,RAM
61,24,203,RAM
61,24,213,RAM
61,24,111,SSD
61,24,30,SSD
61,25,174,RAM
61,25,112,RAM
61,25,178,RAM
61,25,192,RAM
61,25,228,RAM
61,25,40,RAM
61,25,195,RAM
61,25,166,RAM
61,26,40,RAM
61,26,78,RAM
61,26,146,RAM
61,26,58,RAM
61,26,67,RAM
61,26,138,RAM
61,26,252,RAM
61,26,235,RAM
61,27,166,RAM
61,27,206,RAM
61,27,100,RAM
61,27,80,SSD
61,27,245,RAM
61,27,241,RAM
61,27,158,RAM
61,27,103,SSD
61,28,73,RAM
61,28,96,RAM
61,28,45,RAM
61,28,129,SSD
61,28,173,RAM
61,28,231,RAM
61,28,146,RAM
61,28,224,RAM
61,29,102,RAM
61,29,204,RAM
61,29,69,RAM
61,29,236,RAM
61,29,66,RAM
61,29,89,SSD
61,29,146,SSD
61,29,220,SSD
61,30,117,RAM
61,30,6,SSD
61,30,148,RAM
61,30,122,RAM
61,30,17,RAM
61,30,118,RAM
61,30,191,SSD
61,30,48,SSD
61,31,137,RAM
61,31,67,RAM
61,31,233,RAM
61,31,248,RAM
61,31,28,RAM
61,31,124,RAM
61,31,196,SSD
61,31,241,SSD
61,32,75,RAM
61,32,158,RAM
61,32,151,RAM
61,32,59,RAM
61,32,116,SSD
61,32,194,RAM
61,32,238,SSD
61,32,17,SSD
61,33,81,RAM
61,33,168,SSD
61,33,94,RAM
61,33,15,RAM
61,33,41,RAM
61,33,182,SSD
61,33,214,SSD
61,33,72,SSD
61,34,205,SSD
61,34,187,RAM
61,34,19,RAM
61,34,247,RAM
61,34,181,RAM
61,34,54,RAM
61,34,12,SSD
61,34,97,RAM
61,35,202,RAM
61,35,167,RAM
61,35,253,RAM
61,35,165,RAM
61,35,24,RAM
61,35,89,RAM
61,35,104,RAM
61,35,132,RAM
61,36,158,RAM
61,36,253,SSD
61,36,203,RAM
61,36,188,RAM
61,36,8,RAM
61,36,118,RAM
61,36,0,RAM
61,36,53,RAM
61,37,64,RAM
61,37,103,RAM
61,37,89,RAM
61,37,75,RAM
61,37,93,RAM
61,37,164,SSD
61,37,97,RAM
61,37,21,SSD
61,38,128,RAM
61,38,127,RAM
61,38,22,RAM
61,38,212,RAM
61,38,94,RAM
61,38,34,RAM
61,38,205,SSD
61,38,118,RAM
61,39,16,RAM
61,39,34,RAM
61,39,145,RAM
61,39,63,RAM
61,39,70,RAM
61,39,146,SSD
61,39,188,SSD
61,39,52,SSD
62,0,254,SSD
62,0,191,SSD
62,0,148,SSD
62,0,120,SSD
62,0,75,SSD
62,0,16,SSD
62,0,45,SSD
62,0,195,SSD
62,1,71,SSD
62,1,100,SSD
62,1,1,SSD
62,1,51,SSD
62,1,167,SSD
62,1,251,SSD
62,1,192,SSD
62,1,3,RAM
62,2,223,SSD
62,2,187,SSD
62,2,228,SSD
62,2,237,RAM
62,2,175,SSD
62,2,216,SSD
62,2,170,SSD
62,2,32,SSD
62,3,154,RAM
62,3,108,SSD
62,3,54,RAM
62,3,16,SSD
62,3,243,RAM
62,3,251,RAM
62,3,56,SSD
62,3,93,SSD
62,4,121,RAM
62,4,216,SSD
62,4,129,SSD
62,4,70,SSD
62,4,110,RAM
62,4,233,SSD
62,4,175,RAM
62,4,178,RAM
62,5,210,RAM
62,5,56,SSD
62,5,163,SSD
62,5,153,RAM
62,5,0,RAM
62,5,164,RAM
62,5,244,SSD
62,5,120,SSD
62,6,102,RAM
62,6,151,RAM
62,6,255,RAM
62,6,32,SSD
62,6,71,SSD
62,6,159,RAM
62,6,10,SSD
62,6,185,RAM
62,7,24,RAM
62,7,96,RAM
62,7,132,RAM
62,7,30,SSD
62,7,137,SSD
62,7,182,SSD
62,7,253,RAM
62,7,203,RAM
62,8,41,RAM
62,8,224,RAM
62,8,151,RAM
62,8,225,SSD
62,8,1,RAM
62,8,165,RAM
62,8,47,SSD
62,8,206,SSD
62,9,243,RAM
62,9,166,RAM
62,9,32,SSD
62,9,3,SSD
62,9,214,SSD
62,9,103,RAM
62,9,134,RAM
62,9,101,SSD
62,10,77,SSD
62,10,109,SSD
62,10,116,RAM
62,10,146,SSD
62,10,205,RAM
62,10,20,SSD
62,10,233,RAM
62,10,59,SSD
62,11,141,RAM
62,11,97,RAM
62,11,37,SSD
62,11,134,RAM
62,11,214,SSD
62,11,71,SSD
62,11,56,SSD
62,11,204,SSD
62,12,50,SSD
62,12,42,RAM
62,12,9,RAM
62,12,47,SSD
62,12,2,RAM
62,12,34,SSD
62,12,251,SSD
62,12,60,SSD
62,13,174,RAM
62,13,0,SSD
62,13,126,SSD
62,13,185,RAM
62,13,212,SSD
62,13,189,SSD
62,13,151,RAM
62,13,228,RAM
62,14,189,RAM
62,14,44,RAM
62,14,138,RAM
62,14,58,RAM
62,14,252,RAM
62,14,67,RAM
62,14,146,RAM
62,14,78,SSD
62,15,206,RAM
62,15,178,SSD
62,15,238,RAM
62,15,12,SSD
62,15,55,RAM
62,15,3,RAM
62,15,184,SSD
62,15,151,SSD
62,16,82,RAM
62,16,45,RAM
62,16,169,RAM
62,16,234,SSD
62,16,93,SSD
62,16,59,SSD
62,16,107,SSD
62,16,53,RAM
62,17,4,RAM
62,17,54,SSD
62,17,94,RAM
62,17,8,RAM
62,17,69,RAM
62,17,103,SSD
62,17,215,SSD
62,17,86,SSD
62,18,117,RAM
62,18,116,SSD
62,18,219,RAM
62,18,66,RAM
62,18,209,RAM
62,18,141,RAM
62,18,143,SSD
62,18,118,SSD
62,19,248,RAM
62,19,67,RAM
62,19,48,SSD
62,19,137,RAM
62,19,247,RAM
62,19,47,SSD
62,19,219,SSD
62,19,59,RAM
62,20,41,RAM
62,20,47,SSD
62,20,151,RAM
62,20,224,RAM
62,20,53,RAM
62,20,18,SSD
62,20,66,SSD
62,20,75,RAM
62,21,166,RAM
62,21,243,RAM
62,21,32,SSD
62,21,251,RAM
62,21,122,SSD
62,21,103,RAM
62,21,61,RAM
62,21,207,RAM
62,22,77,RAM
62,22,116,RAM
62,22,205,RAM
62,22,109,SSD
62,22,146,SSD
62,22,20,SSD
62,22,253,RAM
62,22,233,RAM
62,23,141,RAM
62,23,37,SSD
62,23,146,SSD
62,23,134,RAM
62,23,73,SSD
62,23,71,SSD
62,23,118,SSD
62,23,197,SSD
62,24,53,SSD
62,24,50,SSD
62,24,9,RAM
62,24,42,RAM
62,24,251,SSD
62,24,2,RAM
62,24,47,SSD
62,24,119,SSD
62,25,174,RAM
62,25,0,RAM
62,25,178,RAM
62,25,192,RAM
62,25,211,RAM
62,25,126,SSD
62,25,114,SSD
62,25,195,RAM
62,26,40,RAM
62,26,78,RAM
62,26,144,SSD
62,26,58,RAM
62,26,146,RAM
62,26,67,RAM
62,26,254,RAM
62,26,215,RAM
62,27,12,SSD
62,27,206,RAM
62,27,178,SSD
62,27,79,RAM
62,27,80,RAM
62,27,245,RAM
62,27,130,SSD
62,27,55,SSD
62,28,59,SSD
62,28,234,SSD
62,28,53,SSD
62,28,219,RAM
62,28,227,SSD
62,28,82,RAM
62,28,93,SSD
62,28,10,SSD
62,29,54,SSD
62,29,4,SSD
62,29,225,RAM
62,29,94,RAM
62,29,126,SSD
62,29,69,RAM
62,29,170,SSD
62,29,165,SSD
62,30,117,RAM
62,30,151,RAM
62,30,143,SSD
62,30,116,SSD
62,30,18,SSD
62,30,66,SSD
62,30,209,SSD
62,30,183,SSD
62,31,47,SSD
62,31,15,SSD
62,31,67,RAM
62,31,219,SSD
62,31,37,SSD
62,31,137,RAM
62,31,55,SSD
62,31,83,SSD
62,32,235,SSD
62,32,57,RAM
62,32,202,SSD
62,32,151,RAM
62,32,58,SSD
62,32,120,SSD
62,32,248,SSD
62,32,59,RAM
62,33,81,RAM
62,33,203,SSD
62,33,162,SSD
62,33,47,SSD
62,33,147,SSD
62,33,176,SSD
62,33,84,SSD
62,33,15,RAM
62,34,143,SSD
62,34,185,SSD
62,34,226,SSD
62,34,181,RAM
62,34,158,SSD
62,34,247,RAM
62,34,202,SSD
62,34,249,SSD
62,35,101,SSD
62,35,24,RAM
62,35,253,RAM
62,35,202,RAM
62,35,167,RAM
62,35,106,SSD
62,35,14,RAM
62,35,89,RAM
62,36,158,RAM
62,36,92,SSD
62,36,103,SSD
62,36,118,RAM
62,36,228,SSD
62,36,134,SSD
62,36,188,RAM
62,36,10,RAM
62,37,244,SSD
62,37,156,SSD
62,37,64,RAM
62,37,181,SSD
62,37,214,SSD
62,37,89,RAM
62,37,103,RAM
62,37,208,SSD
62,38,50,SSD
62,38,204,SSD
62,38,243,SSD
62,38,197,SSD
62,38,141,SSD
62,38,102,SSD
62,38,182,SSD
62,38,55,SSD
62,39,198,SSD
62,39,141,SSD
62,39,83,SSD
62,39,226,SSD
62,39,112,SSD
62,39,101,SSD
62,39,58,RAM
62,39,247,SSD
63,0,159,SSD
63,0,220,SSD
63,0,167,SSD
63,0,94,SSD
63,0,8,SSD
63,0,19,SSD
63,0,38,SSD
63,0,26,SSD
63,1,71,RAM
63,1,100,RAM
63,1,56,SSD
63,1,251,RAM
63,1,3,RAM
63,1,228,SSD
63,1,180,SSD
63,1,91,SSD
63,2,175,RAM
63,2,42,SSD
63,2,37,SSD
63,2,223,RAM
63,2,161,SSD
63,2,216,RAM
63,2,187,RAM
63,2,170,RAM
63,3,243,RAM
63,3,163,SSD
63,3,154,RAM
63,3,36,SSD
63,3,56,RAM
63,3,197,SSD
63,3,108,RAM
63,3,110,SSD
63,4,121,RAM
63,4,175,RAM
63,4,233,RAM
63,4,206,SSD
63,4,132,RAM
63,4,110,RAM
63,4,100,SSD
63,4,178,RAM
63,5,77,SSD
63,5,164,RAM
63,5,56,RAM
63,5,91,SSD
63,5,210,RAM
63,5,163,RAM
63,5,64,SSD
63,5,60,SSD
63,6,102,RAM
63,6,151,RAM
63,6,168,SSD
63,6,152,SSD
63,6,144,SSD
63,6,185,RAM
63,6,209,RAM
63,6,191,SSD
63,7,24,RAM
63,7,203,RAM
63,7,96,RAM
63,7,132,RAM
63,7,182,RAM
63,7,246,RAM
63,7,253,RAM
63,7,38,RAM
63,8,41,RAM
63,8,224,RAM
63,8,151,RAM
63,8,63,SSD
63,8,165,RAM
63,8,47,RAM
63,8,3,RAM
63,8,114,RAM
63,9,243,RAM
63,9,166,RAM
63,9,32,RAM
63,9,103,RAM
63,9,3,RAM
63,9,134,RAM
63,9,128,SSD
63,9,101,RAM
63,10,146,RAM
63,10,116,RAM
63,10,77,RAM
63,10,205,RAM
63,10,26,RAM
63,10,233,RAM
63,10,54,RAM
63,10,250,RAM
63,11,141,RAM
63,11,37,RAM
63,11,134,RAM
63,11,97,RAM
63,11,214,RAM
63,11,237,SSD
63,11,56,RAM
63,11,230,SSD
63,12,42,RAM
63,12,50,RAM
63,12,9,RAM
63,12,2,RAM
63,12,251,RAM
63,12,34,RAM
63,12,23,SSD
63,12,116,RAM
63,13,174,RAM
63,13,0,RAM
63,13,185,RAM
63,13,126,RAM
63,13,189,RAM
63,13,228,RAM
63,13,151,RAM
63,13,194,SSD
63,14,189,RAM
63,14,44,RAM
63,14,58,RAM
63,14,146,RAM
63,14,138,RAM
63,14,67,RAM
63,14,201,RAM
63,14,252,RAM
63,15,206,RAM
63,15,238,RAM
63,15,12,RAM
63,15,3,RAM
63,15,55,RAM
63,15,134,RAM
63,15,249,RAM
63,15,145,RAM
63,16,169,RAM
63,16,82,RAM
63,16,45,RAM
63,16,234,RAM
63,16,195,RAM
63,16,93,RAM
63,16,191,RAM
63,16,219,SSD
63,17,4,RAM
63,17,8,RAM
63,17,69,RAM
63,17,54,RAM
63,17,204,RAM
63,17,103,RAM
63,17,94,RAM
63,17,60,RAM
63,18,117,RAM
63,18,116,RAM
63,18,209,RAM
63,18,77,RAM
63,18,66,RAM
63,18,32,SSD
63,18,219,RAM
63,18,141,RAM
63,19,248,RAM
63,19,48,RAM
63,19,137,RAM
63,19,219,RAM
63,19,67,RAM
63,19,59,RAM
63,19,47,RAM
63,19,247,RAM
63,20,41,RAM
63,20,47,RAM
63,20,151,RAM
63,20,224,RAM
63,20,57,RAM
63,20,53,RAM
63,20,148,RAM
63,20,66,RAM
63,21,166,RAM
63,21,32,RAM
63,21,243,RAM
63,21,207,RAM
63,21,103,RAM
63,21,251,RAM
63,21,122,RAM
63,21,61,RAM
63,22,77,RAM
63,22,116,RAM
63,22,205,RAM
63,22,146,RAM
63,22,26,RAM
63,22,19,SSD
63,22,250,RAM
63,22,253,RAM
63,23,37,RAM
63,23,141,RAM
63,23,134,RAM
63,23,25,RAM
63,23,197,RAM
63,23,230,SSD
63,23,146,RAM
63,23,174,SSD
63,24,9,RAM
63,24,50,RAM
63,24,2,RAM
63,24,42,RAM
63,24,211,SSD
63,24,203,RAM
63,24,53,RAM
63,24,119,RAM
63,25,174,RAM
63,25,0,RAM
63,25,192,RAM
63,25,178,RAM
63,25,195,RAM
63,25,228,RAM
63,25,146,SSD
63,25,98,SSD
63,26,40,RAM
63,26,67,RAM
63,26,58,RAM
63,26,254,RAM
63,26,78,RAM
63,26,146,RAM
63,26,252,RAM
63,26,96,RAM
63,27,12,RAM
63,27,206,RAM
63,27,3,RAM
63,27,33,SSD
63,27,137,SSD
63,27,249,RAM
63,27,79,RAM
63,27,76,RAM
63,28,219,RAM
63,28,82,RAM
63,28,193,RAM
63,28,212,SSD
63,28,45,RAM
63,28,53,RAM
63,28,234,RAM
63,28,72,RAM
63,29,94,RAM
63,29,54,RAM
63,29,225,RAM
63,29,164,SSD
63,29,204,RAM
63,29,214,SSD
63,29,88,RAM
63,29,4,RAM
63,30,117,RAM
63,30,116,RAM
63,30,151,RAM
63,30,148,RAM
63,30,143,RAM
63,30,162,RAM
63,30,38,SSD
63,30,17,RAM
63,31,219,RAM
63,31,137,RAM
63,31,47,RAM
63,31,248,RAM
63,31,196,RAM
63,31,236,SSD
63,31,67,RAM
63,31,43,SSD
63,32,235,RAM
63,32,57,RAM
63,32,151,RAM
63,32,148,RAM
63,32,179,RAM
63,32,59,RAM
63,32,140,RAM
63,32,202,RAM
63,33,203,RAM
63,33,162,RAM
63,33,81,RAM
63,33,47,RAM
63,33,15,RAM
63,33,250,SSD
63,33,84,RAM
63,33,234,SSD
63,34,128,SSD
63,34,185,RAM
63,34,143,RAM
63,34,247,RAM
63,34,181,RAM
63,34,48,SSD
63,34,45,RAM
63,34,158,RAM
63,35,101,RAM
63,35,24,RAM
63,35,202,RAM
63,35,167,RAM
63,35,253,RAM
63,35,165,RAM
63,35,14,RAM
63,35,38,SSD
63,36,158,RAM
63,36,103,RAM
63,36,92,RAM
63,36,118,RAM
63,36,188,RAM
63,36,53,RAM
63,36,66,SSD
63,36,203,RAM
63,37,64,RAM
63,37,181,RAM
63,37,100,SSD
63,37,89,RAM
63,37,208,RAM
63,37,214,RAM
63,37,103,RAM
63,37,159,SSD
63,38,243,RAM
63,38,87,SSD
63,38,190,SSD
63,38,128,RAM
63,38,50,RAM
63,38,242,SSD
63,38,197,RAM
63,38,176,SSD
63,39,141,RAM
63,39,219,SSD
63,39,198,RAM
63,39,251,SSD
63,39,136,SSD
63,39,22,SSD
63,39,226,RAM
63,39,247,RAM
64,0,48,SSD
64,0,87,SSD
64,0,19,RAM
64,0,8,RAM
64,0,167,RAM
64,0,58,SSD
64,0,38,RAM
64,0,5,SSD
64,1,91,RAM
64,1,141,SSD
64,1,139,RAM
64,1,187,SSD
64,1,56,RAM
64,1,2,SSD
64,1,71,RAM
64,1,194,SSD
64,2,161,RAM
64,2,175,RAM
64,2,254,SSD
64,2,111,SSD
64,2,148,SSD
64,2,243,SSD
64,2,225,SSD
64,2,240,SSD
64,3,123,SSD
64,3,33,SSD
64,3,72,SSD
64,3,147,SSD
64,3,252,SSD
64,3,132,SSD
64,3,100,SSD
64,3,54,RAM
64,4,121,RAM
64,4,175,RAM
64,4,100,RAM
64,4,35,SSD
64,4,238,SSD
64,4,181,SSD
64,4,221,SSD
64,4,186,SSD
64,5,77,RAM
64,5,103,SSD
64,5,56,RAM
64,5,164,RAM
64,5,160,SSD
64,5,117,SSD
64,5,210,RAM
64,5,120,RAM
64,6,102,RAM
64,6,57,SSD
64,6,151,RAM
64,6,209,RAM
64,6,11,SSD
64,6,77,SSD
64,6,51,RAM
64,6,99,SSD
64,7,253,RAM
64,7,223,SSD
64,7,24,RAM
64,7,199,RAM
64,7,132,RAM
64,7,38,RAM
64,7,96,RAM
64,7,182,RAM
64,8,41,RAM
64,8,224,RAM
64,8,151,RAM
64,8,63,RAM
64,8,49,RAM
64,8,162,SSD
64,8,117,RAM
64,8,165,RAM
64,9,166,RAM
64,9,243,RAM
64,9,61,RAM
64,9,103,RAM
64,9,71,SSD
64,9,134,RAM
64,9,200,SSD
64,9,250,SSD
64,10,77,RAM
64,10,116,RAM
64,10,26,RAM
64,10,19,RAM
64,10,205,RAM
64,10,146,RAM
64,10,137,SSD
64,10,119,SSD
64,11,174,SSD
64,11,134,RAM
64,11,56,RAM
64,11,201,SSD
64,11,248,RAM
64,11,220,SSD
64,11,141,RAM
64,11,37,RAM
64,12,9,RAM
64,12,160,RAM
64,12,42,RAM
64,12,2,RAM
64,12,119,SSD
64,12,97,SSD
64,12,203,RAM
64,12,116,RAM
64,13,174,RAM
64,13,192,SSD
64,13,126,RAM
64,13,228,RAM
64,13,195,RAM
64,13,219,SSD
64,13,211,RAM
64,13,95,SSD
64,14,146,RAM
64,14,138,RAM
64,14,235,RAM
64,14,230,SSD
64,14,44,RAM
64,14,58,RAM
64,14,189,RAM
64,14,40,RAM
64,15,206,RAM
64,15,3,RAM
64,15,238,RAM
64,15,245,SSD
64,15,79,RAM
64,15,55,RAM
64,15,12,RAM
64,15,131,SSD
64,16,45,RAM
64,16,185,RAM
64,16,71,RAM
64,16,224,RAM
64,16,193,RAM
64,16,73,RAM
64,16,219,RAM
64,16,169,RAM
64,17,94,RAM
64,17,8,RAM
64,17,60,RAM
64,17,164,SSD
64,17,114,RAM
64,17,21,SSD
64,17,214,RAM
64,17,229,RAM
64,18,151,RAM
64,18,17,RAM
64,18,16,SSD
64,18,117,RAM
64,18,106,SSD
64,18,148,RAM
64,18,127,SSD
64,18,214,RAM
64,19,137,RAM
64,19,160,SSD
64,19,124,RAM
64,19,248,RAM
64,19,28,RAM
64,19,79,SSD
64,19,218,SSD
64,19,48,RAM
64,20,49,SSD
64,20,41,RAM
64,20,237,SSD
64,20,56,SSD
64,20,7,SSD
64,20,197,SSD
64,20,151,RAM
64,20,209,SSD
64,21,131,SSD
64,21,98,SSD
64,21,61,RAM
64,21,13,SSD
64,21,166,RAM
64,21,207,RAM
64,21,6,SSD
64,21,136,SSD
64,22,19,RAM
64,22,26,RAM
64,22,216,RAM
64,22,77,RAM
64,22,253,RAM
64,22,116,RAM
64,22,137,SSD
64,22,142,SSD
64,23,174,RAM
64,23,201,RAM
64,23,250,SSD
64,23,73,RAM
64,23,228,SSD
64,23,170,RAM
64,23,79,SSD
64,23,154,SSD
64,24,128,RAM
64,24,160,RAM
64,24,217,RAM
64,24,119,RAM
64,24,11,RAM
64,24,32,SSD
64,24,7,SSD
64,24,203,RAM
64,25,192,RAM
64,25,178,RAM
64,25,97,SSD
64,25,19,RAM
64,25,195,RAM
64,25,211,RAM
64,25,76,RAM
64,25,100,SSD
64,26,40,RAM
64,26,138,RAM
64,26,146,RAM
64,26,230,SSD
64,26,215,RAM
64,26,168,SSD
64,26,96,RAM
64,26,18,SSD
64,27,3,RAM
64,27,76,RAM
64,27,220,RAM
64,27,33,RAM
64,27,57,SSD
64,27,96,SSD
64,27,37,SSD
64,27,130,RAM
64,28,193,RAM
64,28,45,RAM
64,28,224,RAM
64,28,82,RAM
64,28,196,RAM
64,28,212,RAM
64,28,219,RAM
64,28,2,RAM
64,29,61,RAM
64,29,94,RAM
64,29,164,RAM
64,29,225,RAM
64,29,88,RAM
64,29,21,RAM
64,29,255,SSD
64,29,114,SSD
64,30,205,SSD
64,30,17,RAM
64,30,215,SSD
64,30,90,SSD
64,30,117,RAM
64,30,162,RAM
64,30,106,SSD
64,30,148,RAM
64,31,4,SSD
64,31,137,RAM
64,31,218,SSD
64,31,252,SSD
64,31,124,RAM
64,31,135,RAM
64,31,211,RAM
64,31,59,SSD
64,32,148,RAM
64,32,57,RAM
64,32,186,SSD
64,32,235,RAM
64,32,156,RAM
64,32,179,RAM
64,32,131,SSD
64,32,254,RAM
64,33,234,RAM
64,33,238,SSD
64,33,132,RAM
64,33,162,RAM
64,33,81,RAM
64,33,227,SSD
64,33,215,SSD
64,33,213,SSD
64,34,45,RAM
64,34,44,RAM
64,34,101,SSD
64,34,240,RAM
64,34,20,SSD
64,34,128,RAM
64,34,40,SSD
64,34,180,SSD
64,35,24,RAM
64,35,167,RAM
64,35,74,RAM
64,35,101,RAM
64,35,202,RAM
64,35,14,RAM
64,35,152,SSD
64,35,209,SSD
64,36,158,RAM
64,36,115,RAM
64,36,92,RAM
64,36,103,RAM
64,36,142,RAM
64,36,102,SSD
64,36,172,RAM
64,36,98,SSD
64,37,100,RAM
64,37,64,RAM
64,37,93,RAM
64,37,88,SSD
64,37,101,SSD
64,37,16,SSD
64,37,103,RAM
64,37,169,SSD
64,38,243,RAM
64,38,128,RAM
64,38,94,RAM
64,38,59,SSD
64,38,88,SSD
64,38,127,RAM
64,38,212,RAM
64,38,61,SSD
64,39,40,SSD
64,39,129,RAM
64,39,163,SSD
64,39,112,RAM
64,39,139,SSD
64,39,58,RAM
64,39,219,RAM
64,39,223,SSD
65,0,113,SSD
65,0,249,SSD
65,0,118,SSD
65,0,101,RAM
65,0,179,SSD
65,0,196,SSD
65,0,91,SSD
65,0,48,RAM
65,1,34,RAM
65,1,59,SSD
65,1,26,RAM
65,1,11,RAM
65,1,199,SSD
65,1,132,RAM
65,1,225,SSD
65,1,200,SSD
65,2,34,SSD
65,2,227,SSD
65,2,59,RAM
65,2,164,SSD
65,2,103,SSD
65,2,249,RAM
65,2,162,SSD
65,2,44,SSD
65,3,31,RAM
65,3,211,RAM
65,3,42,SSD
65,3,132,RAM
65,3,37,RAM
65,3,146,RAM
65,3,194,SSD
65,3,135,SSD
65,4,161,SSD
65,4,17,RAM
65,4,241,SSD
65,4,131,SSD
65,4,102,SSD
65,4,167,RAM
65,4,251,SSD
65,4,67,SSD
65,5,12,RAM
65,5,161,RAM
65,5,186,RAM
65,5,10,RAM
65,5,253,RAM
65,5,104,SSD
65,5,14,SSD
65,5,204,SSD
65,6,167,RAM
65,6,175,RAM
65,6,51,RAM
65,6,56,RAM
65,6,2,RAM
65,6,196,SSD
65,6,61,SSD
65,6,18,SSD
65,7,253,RAM
65,7,23,SSD
65,7,199,RAM
65,7,40,SSD
65,7,29,SSD
65,7,91,SSD
65,7,66,RAM
65,7,242,SSD
65,8,33,SSD
65,8,89,RAM
65,8,56,RAM
65,8,49,RAM
65,8,212,RAM
65,8,164,RAM
65,8,35,RAM
65,8,57,SSD
65,9,39,SSD
65,9,94,RAM
65,9,13,RAM
65,9,29,SSD
65,9,240,RAM
65,9,98,RAM
65,9,131,RAM
65,9,84,RAM
65,10,142,RAM
65,10,130,SSD
65,10,216,RAM
65,10,62,SSD
65,10,248,SSD
65,10,26,RAM
65,10,1,RAM
65,10,171,SSD
65,11,203,SSD
65,11,107,RAM
65,11,79,SSD
65,11,248,RAM
65,11,20,RAM
65,11,236,SSD
65,11,49,RAM
65,11,250,SSD
65,12,56,RAM
65,12,26,RAM
65,12,63,SSD
65,12,128,RAM
65,12,32,SSD
65,12,7,RAM
65,12,203,RAM
65,12,160,RAM
65,13,43,SSD
65,13,29,RAM
65,13,76,SSD
65,13,28,SSD
65,13,174,RAM
65,13,124,SSD
65,13,192,RAM
65,13,219,RAM
65,14,138,RAM
65,14,146,RAM
65,14,235,RAM
65,14,18,RAM
65,14,124,SSD
65,14,51,SSD
65,14,44,RAM
65,14,224,SSD
65,15,65,SSD
65,15,206,RAM
65,15,3,RAM
65,15,181,SSD
65,15,44,RAM
65,15,96,RAM
65,15,81,SSD
65,15,238,RAM
65,16,5,SSD
65,16,196,SSD
65,16,71,RAM
65,16,224,RAM
65,16,181,SSD
65,16,169,RAM
65,16,231,SSD
65,16,188,SSD
65,17,166,SSD
65,17,61,SSD
65,17,60,RAM
65,17,8,RAM
65,17,172,SSD
65,17,132,SSD
65,17,238,SSD
65,17,187,SSD
65,18,90,SSD
65,18,117,RAM
65,18,187,SSD
65,18,17,RAM
65,18,232,SSD
65,18,57,SSD
65,18,77,RAM
65,18,205,SSD
65,19,137,RAM
65,19,4,RAM
65,19,248,RAM
65,19,59,RAM
65,19,205,SSD
65,19,252,SSD
65,19,120,SSD
65,19,124,RAM
65,20,41,RAM
65,20,151,RAM
65,20,33,SSD
65,20,212,SSD
65,20,224,RAM
65,20,35,RAM
65,20,4,SSD
65,20,53,RAM
65,21,166,RAM
65,21,39,SSD
65,21,240,RAM
65,21,61,RAM
65,21,207,RAM
65,21,13,RAM
65,21,94,SSD
65,21,243,RAM
65,22,62,SSD
65,22,205,RAM
65,22,130,SSD
65,22,116,RAM
65,22,142,RAM
65,22,236,SSD
65,22,66,RAM
65,22,26,RAM
65,23,107,SSD
65,23,42,SSD
65,23,203,SSD
65,23,49,RAM
65,23,170,RAM
65,23,134,RAM
65,23,79,RAM
65,23,250,RAM
65,24,26,SSD
65,24,63,SSD
65,24,9,RAM
65,24,2,RAM
65,24,15,SSD
65,24,203,RAM
65,24,74,SSD
65,24,160,RAM
65,25,174,RAM
65,25,43,SSD
65,25,29,RAM
65,25,28,SSD
65,25,147,SSD
65,25,208,SSD
65,25,21,SSD
65,25,228,RAM
65,26,138,RAM
65,26,67,RAM
65,26,58,RAM
65,26,124,SSD
65,26,146,RAM
65,26,96,RAM
65,26,18,RAM
65,26,51,SSD
65,27,65,SSD
65,27,206,RAM
65,27,96,RAM
65,27,3,RAM
65,27,249,RAM
65,27,37,RAM
65,27,162,SSD
65,27,158,RAM
65,28,5,SSD
65,28,237,SSD
65,28,224,RAM
65,28,31,SSD
65,28,195,RAM
65,28,188,SSD
65,28,169,RAM
65,28,181,SSD
65,29,204,RAM
65,29,229,RAM
65,29,132,SSD
65,29,60,SSD
65,29,172,SSD
65,29,255,RAM
65,29,8,SSD
65,29,146,RAM
65,30,117,RAM
65,30,205,RAM
65,30,17,RAM
65,30,187,SSD
65,30,90,RAM
65,30,16,SSD
65,30,115,SSD
65,30,64,RAM
65,31,137,RAM
65,31,130,RAM
65,31,252,RAM
65,31,124,RAM
65,31,135,RAM
65,31,218,RAM
65,31,248,RAM
65,31,233,RAM
65,32,148,RAM
65,32,96,SSD
65,32,113,SSD
65,32,59,RAM
65,32,186,RAM
65,32,151,RAM
65,32,247,SSD
65,32,99,RAM
65,33,190,RAM
65,33,81,RAM
65,33,232,RAM
65,33,143,RAM
65,33,238,RAM
65,33,58,SSD
65,33,107,SSD
65,33,126,SSD
65,34,88,SSD
65,34,252,SSD
65,34,56,SSD
65,34,101,RAM
65,34,180,RAM
65,34,45,RAM
65,34,196,SSD
65,34,161,RAM
65,35,167,RAM
65,35,218,SSD
65,35,202,RAM
65,35,153,SSD
65,35,235,SSD
65,35,2,SSD
65,35,251,SSD
65,35,245,SSD
65,36,158,RAM
65,36,207,RAM
65,36,248,SSD
65,36,8,RAM
65,36,181,SSD
65,36,118,RAM
65,36,211,SSD
65,36,28,SSD
65,37,64,RAM
65,37,93,RAM
65,37,103,RAM
65,37,229,SSD
65,37,31,SSD
65,37,75,RAM
65,37,67,SSD
65,37,143,SSD
65,38,127,RAM
65,38,59,RAM
65,38,128,RAM
65,38,94,RAM
65,38,34,RAM
65,38,71,RAM
65,38,22,RAM
65,38,118,RAM
65,39,9,SSD
65,39,145,RAM
65,39,16,RAM
65,39,213,SSD
65,39,68,SSD
65,39,241,SSD
65,39,70,RAM
65,39,146,RAM
66,0,192,SSD
66,0,211,SSD
66,0,222,SSD
66,0,191,RAM
66,0,254,RAM
66,0,163,SSD
66,0,208,SSD
66,0,70,SSD
66,1,75,SSD
66,1,153,SSD
66,1,59,RAM
66,1,167,RAM
66,1,14,SSD
66,1,64,SSD
66,1,11,RAM
66,1,114,SSD
66,2,223,RAM
66,2,58,SSD
66,2,170,RAM
66,2,216,RAM
66,2,187,RAM
66,2,3,SSD
66,2,203,SSD
66,2,254,RAM
66,3,243,RAM
66,3,54,RAM
66,3,163,RAM
66,3,56,RAM
66,3,36,RAM
66,3,154,RAM
66,3,23,SSD
66,3,196,SSD
66,4,121,RAM
66,4,175,RAM
66,4,233,RAM
66,4,132,RAM
66,4,206,RAM
66,4,110,RAM
66,4,8,SSD
66,4,42,SSD
66,5,77,RAM
66,5,164,RAM
66,5,60,RAM
66,5,64,RAM
66,5,132,SSD
66,5,71,SSD
66,5,210,RAM
66,5,163,RAM
66,6,102,RAM
66,6,57,RAM
66,6,195,SSD
66,6,151,RAM
66,6,11,RAM
66,6,209,RAM
66,6,185,RAM
66,6,32,RAM
66,7,24,RAM
66,7,96,RAM
66,7,223,RAM
66,7,38,RAM
66,7,132,RAM
66,7,30,RAM
66,7,166,SSD
66,7,199,RAM
66,8,41,RAM
66,8,224,RAM
66,8,63,RAM
66,8,151,RAM
66,8,121,SSD
66,8,1,RAM
66,8,100,SSD
66,8,3,RAM
66,9,166,RAM
66,9,243,RAM
66,9,134,RAM
66,9,32,RAM
66,9,3,RAM
66,9,103,RAM
66,9,44,SSD
66,9,61,RAM
66,10,146,RAM
66,10,116,RAM
66,10,19,RAM
66,10,228,SSD
66,10,205,RAM
66,10,20,RAM
66,10,242,SSD
66,10,26,RAM
66,11,141,RAM
66,11,37,RAM
66,11,237,RAM
66,11,70,SSD
66,11,71,RAM
66,11,97,RAM
66,11,134,RAM
66,11,19,SSD
66,12,50,RAM
66,12,2,RAM
66,12,9,RAM
66,12,208,SSD
66,12,42,RAM
66,12,116,RAM
66,12,23,RAM
66,12,97,RAM
66,13,174,RAM
66,13,0,RAM
66,13,185,RAM
66,13,126,RAM
66,13,19,SSD
66,13,20,SSD
66,13,13,SSD
66,13,158,SSD
66,14,189,RAM
66,14,44,RAM
66,14,138,RAM
66,14,213,SSD
66,14,252,RAM
66,14,17,SSD
66,14,58,RAM
66,14,67,RAM
66,15,206,RAM
66,15,12,RAM
66,15,3,RAM
66,15,151,RAM
66,15,238,RAM
66,15,122,SSD
66,15,33,SSD
66,15,134,RAM
66,16,169,RAM
66,16,234,RAM
66,16,102,SSD
66,16,59,RAM
66,16,53,RAM
66,16,224,RAM
66,16,82,RAM
66,16,67,SSD
66,17,60,RAM
66,17,69,RAM
66,17,4,RAM
66,17,8,RAM
66,17,164,RAM
66,17,220,SSD
66,17,214,RAM
66,17,62,SSD
66,18,90,RAM
66,18,117,RAM
66,18,209,RAM
66,18,66,RAM
66,18,116,RAM
66,18,141,RAM
66,18,77,RAM
66,18,17,RAM
66,19,248,RAM
66,19,137,RAM
66,19,199,SSD
66,19,48,RAM
66,19,59,RAM
66,19,47,RAM
66,19,124,RAM
66,19,4,RAM
66,20,41,RAM
66,20,224,RAM
66,20,151,RAM
66,20,1,SSD
66,20,117,SSD
66,20,172,SSD
66,20,56,RAM
66,20,53,RAM
66,21,166,RAM
66,21,243,RAM
66,21,103,RAM
66,21,207,RAM
66,21,214,SSD
66,21,251,RAM
66,21,32,RAM
66,21,61,RAM
66,22,205,RAM
66,22,116,RAM
66,22,19,RAM
66,22,228,SSD
66,22,20,RAM
66,22,24,SSD
66,22,146,RAM
66,22,104,SSD
66,23,134,RAM
66,23,107,RAM
66,23,141,RAM
66,23,71,RAM
66,23,164,SSD
66,23,70,SSD
66,23,203,RAM
66,23,154,RAM
66,24,9,RAM
66,24,2,RAM
66,24,84,SSD
66,24,50,RAM
66,24,42,RAM
66,24,43,SSD
66,24,11,RAM
66,24,232,SSD
66,25,174,RAM
66,25,28,RAM
66,25,228,RAM
66,25,0,RAM
66,25,64,SSD
66,25,20,SSD
66,25,71,SSD
66,25,40,RAM
66,26,58,RAM
66,26,67,RAM
66,26,213,SSD
66,26,189,SSD
66,26,252,RAM
66,26,138,RAM
66,26,96,RAM
66,26,78,RAM
66,27,206,RAM
66,27,249,RAM
66,27,146,SSD
66,27,96,RAM
66,27,3,RAM
66,27,33,RAM
66,27,158,RAM
66,27,134,SSD
66,28,169,RAM
66,28,181,RAM
66,28,31,RAM
66,28,237,RAM
66,28,245,SSD
66,28,195,RAM
66,28,161,SSD
66,28,102,SSD
66,29,204,RAM
66,29,214,RAM
66,29,132,RAM
66,29,69,RAM
66,29,164,RAM
66,29,229,RAM
66,29,60,RAM
66,29,66,RAM
66,30,117,RAM
66,30,71,SSD
66,30,90,RAM
66,30,188,SSD
66,30,64,RAM
66,30,73,SSD
66,30,17,RAM
66,30,118,RAM
66,31,248,RAM
66,31,137,RAM
66,31,135,RAM
66,31,199,SSD
66,31,228,SSD
66,31,124,RAM
66,31,91,SSD
66,31,59,RAM
66,32,59,RAM
66,32,48,SSD
66,32,156,RAM
66,32,254,RAM
66,32,247,RAM
66,32,123,SSD
66,32,102,SSD
66,32,64,SSD
66,33,234,RAM
66,33,81,RAM
66,33,107,RAM
66,33,151,SSD
66,33,58,RAM
66,33,47,RAM
66,33,181,SSD
66,33,224,SSD
66,34,252,RAM
66,34,56,RAM
66,34,175,SSD
66,34,240,RAM
66,34,220,SSD
66,34,5,SSD
66,34,67,SSD
66,34,21,SSD
66,35,167,RAM
66,35,85,SSD
66,35,5,SSD
66,35,94,SSD
66,35,218,RAM
66,35,202,RAM
66,35,235,RAM
66,35,61,SSD
66,36,158,RAM
66,36,152,SSD
66,36,246,SSD
66,36,248,RAM
66,36,195,SSD
66,36,67,SSD
66,36,118,RAM
66,36,142,RAM
66,37,161,SSD
66,37,64,RAM
66,37,135,SSD
66,37,67,RAM
66,37,60,SSD
66,37,103,RAM
66,37,43,SSD
66,37,75,RAM
66,38,127,RAM
66,38,9,SSD
66,38,234,SSD
66,38,30,SSD
66,38,201,SSD
66,38,163,SSD
66,38,34,RAM
66,38,118,RAM
66,39,246,SSD
66,39,1,SSD
66,39,250,SSD
66,39,92,SSD
66,39,248,SSD
66,39,215,SSD
66,39,203,SSD
66,39,70,RAM
67,0,234,SSD
67,0,124,SSD
67,0,62,SSD
67,0,211,RAM
67,0,178,SSD
67,0,146,SSD
67,0,74,SSD
67,0,144,SSD
67,1,123,SSD
67,1,198,SSD
67,1,43,SSD
67,1,120,SSD
67,1,14,RAM
67,1,66,SSD
67,1,239,SSD
67,1,92,SSD
67,2,150,SSD
67,2,92,SSD
67,2,249,RAM
67,2,110,SSD
67,2,230,SSD
67,2,40,SSD
67,2,15,SSD
67,2,86,SSD
67,3,155,SSD
67,3,177,SSD
67,3,54,RAM
67,3,30,SSD
67,3,116,SSD
67,3,191,SSD
67,3,243,RAM
67,3,156,SSD
67,4,121,RAM
67,4,94,SSD
67,4,71,SSD
67,4,152,SSD
67,4,8,RAM
67,4,112,SSD
67,4,244,SSD
67,4,53,SSD
67,5,81,SSD
67,5,210,RAM
67,5,115,SSD
67,5,164,RAM
67,5,23,SSD
67,5,0,RAM
67,5,153,RAM
67,5,208,SSD
67,6,92,SSD
67,6,102,RAM
67,6,235,SSD
67,6,125,SSD
67,6,55,SSD
67,6,166,SSD
67,6,151,RAM
67,6,12,SSD
67,7,132,RAM
67,7,24,RAM
67,7,181,SSD
67,7,243,SSD
67,7,199,RAM
67,7,40,RAM
67,7,96,RAM
67,7,187,SSD
67,8,41,RAM
67,8,224,RAM
67,8,151,RAM
67,8,216,SSD
67,8,148,SSD
67,8,165,RAM
67,8,1,RAM
67,8,246,SSD
67,9,166,RAM
67,9,120,SSD
67,9,243,RAM
67,9,103,RAM
67,9,207,SSD
67,9,61,RAM
67,9,134,RAM
67,9,96,SSD
67,10,218,SSD
67,10,207,SSD
67,10,9,SSD
67,10,116,RAM
67,10,205,RAM
67,10,250,RAM
67,10,232,SSD
67,10,54,RAM
67,11,153,SSD
67,11,164,SSD
67,11,114,SSD
67,11,134,RAM
67,11,97,RAM
67,11,54,SSD
67,11,130,SSD
67,11,101,SSD
67,12,9,RAM
67,12,42,RAM
67,12,2,RAM
67,12,116,RAM
67,12,3,SSD
67,12,244,SSD
67,12,206,SSD
67,12,239,SSD
67,13,174,RAM
67,13,38,SSD
67,13,199,SSD
67,13,72,SSD
67,13,228,RAM
67,13,185,RAM
67,13,208,SSD
67,13,40,SSD
67,14,189,RAM
67,14,58,RAM
67,14,67,RAM
67,14,201,RAM
67,14,44,RAM
67,14,252,RAM
67,14,22,SSD
67,14,73,SSD
67,15,206,RAM
67,15,248,SSD
67,15,249,RAM
67,15,145,RAM
67,15,134,RAM
67,15,96,RAM
67,15,3,RAM
67,15,146,SSD
67,16,169,RAM
67,16,230,SSD
67,16,13,SSD
67,16,181,RAM
67,16,195,RAM
67,16,54,SSD
67,16,31,SSD
67,16,191,RAM
67,17,8,RAM
67,17,204,RAM
67,17,69,RAM
67,17,218,SSD
67,17,236,SSD
67,17,238,RAM
67,17,47,SSD
67,17,102,SSD
67,18,117,RAM
67,18,69,SSD
67,18,35,SSD
67,18,45,SSD
67,18,77,RAM
67,18,64,SSD
67,18,73,SSD
67,18,48,SSD
67,19,248,RAM
67,19,135,SSD
67,19,59,RAM
67,19,60,SSD
67,19,157,SSD
67,19,95,SSD
67,19,137,RAM
67,19,190,SSD
67,20,41,RAM
67,20,151,RAM
67,20,224,RAM
67,20,57,RAM
67,20,53,RAM
67,20,35,RAM
67,20,165,SSD
67,20,102,SSD
67,21,166,RAM
67,21,103,RAM
67,21,243,RAM
67,21,214,RAM
67,21,207,RAM
67,21,99,SSD
67,21,96,SSD
67,21,84,SSD
67,22,9,SSD
67,22,0,SSD
67,22,205,RAM
67,22,251,SSD
67,22,108,SSD
67,22,232,SSD
67,22,250,RAM
67,22,116,RAM
67,23,153,SSD
67,23,134,RAM
67,23,15,SSD
67,23,54,SSD
67,23,114,SSD
67,23,40,SSD
67,23,10,SSD
67,23,2,SSD
67,24,9,RAM
67,24,106,SSD
67,24,178,SSD
67,24,2,RAM
67,24,42,RAM
67,24,203,RAM
67,24,116,SSD
67,24,60,SSD
67,25,174,RAM
67,25,200,SSD
67,25,208,RAM
67,25,199,SSD
67,25,228,RAM
67,25,21,RAM
67,25,38,SSD
67,25,166,SSD
67,26,189,RAM
67,26,67,RAM
67,26,58,RAM
67,26,73,SSD
67,26,201,SSD
67,26,248,SSD
67,26,252,RAM
67,26,35,SSD
67,27,206,RAM
67,27,249,RAM
67,27,248,SSD
67,27,241,SSD
67,27,70,SSD
67,27,134,RAM
67,27,146,RAM
67,27,139,SSD
67,28,169,RAM
67,28,230,SSD
67,28,54,SSD
67,28,185,SSD
67,28,231,SSD
67,28,146,SSD
67,28,195,RAM
67,28,191,SSD
67,29,204,RAM
67,29,69,RAM
67,29,236,SSD
67,29,65,SSD
67,29,102,SSD
67,29,151,SSD
67,29,28,SSD
67,29,66,RAM
67,30,117,RAM
67,30,45,SSD
67,30,69,SSD
67,30,64,RAM
67,30,97,SSD
67,30,73,RAM
67,30,77,SSD
67,30,251,SSD
67,31,248,RAM
67,31,135,RAM
67,31,240,SSD
67,31,233,RAM
67,31,95,SSD
67,31,137,RAM
67,31,60,SSD
67,31,221,SSD
67,32,195,SSD
67,32,146,SSD
67,32,199,SSD
67,32,86,SSD
67,32,64,RAM
67,32,247,RAM
67,32,59,RAM
67,32,245,SSD
67,33,97,SSD
67,33,81,RAM
67,33,37,SSD
67,33,94,SSD
67,33,75,SSD
67,33,36,SSD
67,33,217,SSD
67,33,181,RAM
67,34,212,SSD
67,34,187,SSD
67,34,54,SSD
67,34,255,SSD
67,34,19,SSD
67,34,90,SSD
67,34,206,SSD
67,34,196,RAM
67,35,49,SSD
67,35,167,RAM
67,35,202,RAM
67,35,244,SSD
67,35,129,SSD
67,35,16,SSD
67,35,35,SSD
67,35,212,SSD
67,36,158,RAM
67,36,8,RAM
67,36,0,SSD
67,36,234,SSD
67,36,203,RAM
67,36,118,RAM
67,36,147,SSD
67,36,34,SSD
67,37,64,RAM
67,37,103,RAM
67,37,75,RAM
67,37,220,SSD
67,37,84,SSD
67,37,229,RAM
67,37,90,SSD
67,37,227,SSD
67,38,22,RAM
67,38,127,RAM
67,38,79,SSD
67,38,106,SSD
67,38,86,SSD
67,38,94,RAM
67,38,139,SSD
67,38,230,SSD
67,39,16,RAM
67,39,145,RAM
67,39,23,SSD
67,39,68,RAM
67,39,116,SSD
67,39,30,SSD
67,39,203,RAM
67,39,62,SSD
68,0,88,SSD
68,0,108,SSD
68,0,135,SSD
68,0,61,SSD
68,0,103,SSD
68,0,79,SSD
68,0,243,SSD
68,0,160,SSD
68,1,140,SSD
68,1,192,SSD
68,1,70,SSD
68,1,181,SSD
68,1,152,SSD
68,1,146,SSD
68,1,155,SSD
68,1,48,SSD
68,2,36,SSD
68,2,8,SSD
68,2,236,SSD
68,2,20,SSD
68,2,178,SSD
68,2,43,SSD
68,2,115,SSD
68,2,120,SSD
68,3,106,SSD
68,3,226,SSD
68,3,236,SSD
68,3,199,SSD
68,3,211,RAM
68,3,12,SSD
68,3,110,RAM
68,3,29,SSD
68,4,240,SSD
68,4,171,SSD
68,4,45,SSD
68,4,133,SSD
68,4,54,SSD
68,4,96,SSD
68,4,129,SSD
68,4,132,RAM
68,5,47,SSD
68,5,254,SSD
68,5,65,SSD
68,5,67,SSD
68,5,245,SSD
68,5,69,SSD
68,5,19,SSD
68,5,250,SSD
68,6,255,SSD
68,6,122,SSD
68,6,182,SSD
68,6,246,SSD
68,6,114,SSD
68,6,166,RAM
68,6,196,RAM
68,6,173,SSD
68,7,117,SSD
68,7,199,RAM
68,7,254,SSD
68,7,78,SSD
68,7,185,SSD
68,7,61,SSD
68,7,123,SSD
68,7,19,SSD
68,8,115,SSD
68,8,180,SSD
68,8,35,RAM
68,8,56,RAM
68,8,179,SSD
68,8,151,RAM
68,8,116,SSD
68,8,137,SSD
68,9,69,SSD
68,9,180,SSD
68,9,255,SSD
68,9,13,RAM
68,9,98,RAM
68,9,9,SSD
68,9,84,RAM
68,9,6,SSD
68,10,240,SSD
68,10,125,SSD
68,10,88,SSD
68,10,120,SSD
68,10,247,SSD
68,10,150,SSD
68,10,251,SSD
68,10,17,SSD
68,11,39,SSD
68,11,99,SSD
68,11,19,RAM
68,11,108,SSD
68,11,188,SSD
68,11,11,SSD
68,11,101,RAM
68,11,156,SSD
68,12,85,SSD
68,12,151,SSD
68,12,128,RAM
68,12,54,SSD
68,12,254,SSD
68,12,253,SSD
68,12,252,SSD
68,12,69,SSD
68,13,204,SSD
68,13,103,SSD
68,13,112,SSD
68,13,107,SSD
68,13,29,RAM
68,13,212,SSD
68,13,222,SSD
68,13,74,SSD
68,14,149,SSD
68,14,226,SSD
68,14,51,RAM
68,14,252,RAM
68,14,189,RAM
68,14,88,SSD
68,14,107,SSD
68,14,86,SSD
68,15,36,SSD
68,15,46,SSD
68,15,206,RAM
68,15,174,SSD
68,15,162,SSD
68,15,158,SSD
68,15,249,RAM
68,15,181,RAM
68,16,61,SSD
68,16,169,RAM
68,16,137,SSD
68,16,231,RAM
68,16,181,RAM
68,16,111,SSD
68,16,26,SSD
68,16,31,RAM
68,17,198,SSD
68,17,60,RAM
68,17,166,RAM
68,17,69,RAM
68,17,87,SSD
68,17,46,SSD
68,17,102,RAM
68,17,47,RAM
68,18,170,SSD
68,18,117,RAM
68,18,220,SSD
68,18,161,SSD
68,18,163,SSD
68,18,77,RAM
68,18,209,RAM
68,18,45,RAM
68,19,166,SSD
68,19,248,RAM
68,19,137,RAM
68,19,59,RAM
68,19,212,SSD
68,19,135,RAM
68,19,4,RAM
68,19,236,SSD
68,20,41,RAM
68,20,224,RAM
68,20,35,RAM
68,20,151,RAM
68,20,23,SSD
68,20,4,RAM
68,20,171,SSD
68,20,1,RAM
68,21,69,SSD
68,21,166,RAM
68,21,180,SSD
68,21,103,RAM
68,21,243,RAM
68,21,120,SSD
68,21,61,RAM
68,21,99,RAM
68,22,120,SSD
68,22,251,RAM
68,22,232,RAM
68,22,205,RAM
68,22,194,SSD
68,22,125,SSD
68,22,116,RAM
68,22,176,SSD
68,23,39,SSD
68,23,99,SSD
68,23,107,RAM
68,23,156,SSD
68,23,54,RAM
68,23,134,RAM
68,23,19,SSD
68,23,138,SSD
68,24,9,RAM
68,24,151,SSD
68,24,42,RAM
68,24,139,SSD
68,24,2,RAM
68,24,207,SSD
68,24,116,RAM
68,24,54,SSD
68,25,204,SSD
68,25,174,RAM
68,25,228,RAM
68,25,103,SSD
68,25,208,RAM
68,25,64,RAM
68,25,7,SSD
68,25,222,SSD
68,26,149,SSD
68,26,67,RAM
68,26,58,RAM
68,26,252,RAM
68,26,201,RAM
68,26,114,SSD
68,26,226,SSD
68,26,215,RAM
68,27,206,RAM
68,27,249,RAM
68,27,139,RAM
68,27,70,RAM
68,27,158,RAM
68,27,192,SSD
68,27,134,RAM
68,27,151,SSD
68,28,61,SSD
68,28,169,RAM
68,28,31,RAM
68,28,146,RAM
68,28,191,RAM
68,28,147,SSD
68,28,173,SSD
68,28,187,SSD
68,29,204,RAM
68,29,69,RAM
68,29,102,RAM
68,29,28,RAM
68,29,151,RAM
68,29,198,SSD
68,29,66,RAM
68,29,177,SSD
68,30,170,SSD
68,30,117,RAM
68,30,69,RAM
68,30,64,RAM
68,30,45,RAM
68,30,97,RAM
68,30,73,RAM
68,30,77,RAM
68,31,166,SSD
68,31,248,RAM
68,31,135,RAM
68,31,137,RAM
68,31,240,RAM
68,31,95,RAM
68,31,236,SSD
68,31,120,SSD
68,32,60,SSD
68,32,59,RAM
68,32,158,SSD
68,32,247,RAM
68,32,7,SSD
68,32,156,RAM
68,32,195,RAM
68,32,64,RAM
68,33,229,SSD
68,33,81,RAM
68,33,33,SSD
68,33,217,RAM
68,33,190,RAM
68,33,36,RAM
68,33,206,SSD
68,33,168,SSD
68,34,82,SSD
68,34,206,RAM
68,34,54,RAM
68,34,19,RAM
68,34,34,SSD
68,34,90,RAM
68,34,211,SSD
68,34,152,SSD
68,35,202,RAM
68,35,49,RAM
68,35,167,RAM
68,35,35,RAM
68,35,16,RAM
68,35,254,SSD
68,35,129,RAM
68,35,14,RAM
68,36,158,RAM
68,36,0,RAM
68,36,203,RAM
68,36,118,RAM
68,36,8,RAM
68,36,207,RAM
68,36,119,SSD
68,36,188,SSD
68,37,104,SSD
68,37,64,RAM
68,37,103,RAM
68,37,84,RAM
68,37,220,RAM
68,37,75,RAM
68,37,97,SSD
68,37,164,SSD
68,38,135,SSD
68,38,127,RAM
68,38,22,RAM
68,38,27,SSD
68,38,136,SSD
68,38,230,RAM
68,38,79,RAM
68,38,139,RAM
68,39,23,RAM
68,39,243,SSD
68,39,110,SSD
68,39,12,SSD
68,39,36,SSD
68,39,78,SSD
68,39,16,RAM
68,39,70,RAM
69,0,218,SSD
69,0,65,SSD
69,0,212,SSD
69,0,46,SSD
69,0,40,SSD
69,0,157,SSD
69,0,29,SSD
69,0,58,SSD
69,1,191,SSD
69,1,98,SSD
69,1,40,SSD
69,1,234,SSD
69,1,183,SSD
69,1,48,RAM
69,1,96,SSD
69,1,209,SSD
69,2,20,RAM
69,2,178,RAM
69,2,94,SSD
69,2,189,SSD
69,2,125,SSD
69,2,209,SSD
69,2,236,RAM
69,2,120,RAM
69,3,177,RAM
69,3,55,SSD
69,3,156,RAM
69,3,4,SSD
69,3,113,SSD
69,3,154,RAM
69,3,218,SSD
69,3,2,SSD
69,4,121,RAM
69,4,180,SSD
69,4,123,SSD
69,4,132,RAM
69,4,152,RAM
69,4,216,SSD
69,4,133,RAM
69,4,110,RAM
69,5,213,SSD
69,5,31,SSD
69,5,19,RAM
69,5,23,RAM
69,5,18,SSD
69,5,210,RAM
69,5,0,RAM
69,5,81,RAM
69,6,241,SSD
69,6,125,RAM
69,6,102,RAM
69,6,92,RAM
69,6,200,SSD
69,6,151,RAM
69,6,235,RAM
69,6,185,RAM
69,7,61,RAM
69,7,132,RAM
69,7,24,RAM
69,7,187,RAM
69,7,243,RAM
69,7,169,SSD
69,7,151,SSD
69,7,225,SSD
69,8,41,RAM
69,8,157,SSD
69,8,224,RAM
69,8,151,RAM
69,8,65,SSD
69,8,1,RAM
69,8,102,SSD
69,8,165,RAM
69,9,166,RAM
69,9,243,RAM
69,9,103,RAM
69,9,120,RAM
69,9,61,RAM
69,9,146,SSD
69,9,81,SSD
69,9,101,SSD
69,10,220,SSD
69,10,250,RAM
69,10,251,RAM
69,10,207,RAM
69,10,205,RAM
69,10,232,RAM
69,10,226,SSD
69,10,54,RAM
69,11,54,RAM
69,11,134,RAM
69,11,158,SSD
69,11,156,RAM
69,11,97,RAM
69,11,99,RAM
69,11,10,SSD
69,11,2,SSD
69,12,9,RAM
69,12,42,RAM
69,12,2,RAM
69,12,206,RAM
69,12,116,RAM
69,12,219,SSD
69,12,10,SSD
69,12,201,SSD
69,13,174,RAM
69,13,228,RAM
69,13,199,RAM
69,13,208,RAM
69,13,185,RAM
69,13,40,RAM
69,13,151,SSD
69,13,250,SSD
69,14,189,RAM
69,14,201,RAM
69,14,44,RAM
69,14,67,RAM
69,14,58,RAM
69,14,180,SSD
69,14,115,SSD
69,14,22,RAM
69,15,206,RAM
69,15,116,SSD
69,15,249,RAM
69,15,145,RAM
69,15,3,RAM
69,15,241,SSD
69,15,134,RAM
69,15,248,RAM
69,16,169,RAM
69,16,13,RAM
69,16,195,RAM
69,16,149,SSD
69,16,138,SSD
69,16,31,RAM
69,16,191,RAM
69,16,54,RAM
69,17,216,SSD
69,17,8,RAM
69,17,69,RAM
69,17,204,RAM
69,17,217,SSD
69,17,238,RAM
69,17,66,SSD
69,17,78,SSD
69,18,117,RAM
69,18,45,RAM
69,18,69,RAM
69,18,64,RAM
69,18,73,RAM
69,18,77,RAM
69,18,212,SSD
69,18,35,RAM
69,19,248,RAM
69,19,135,RAM
69,19,59,RAM
69,19,151,SSD
69,19,95,RAM
69,19,114,SSD
69,19,157,RAM
69,19,71,SSD
69,20,41,RAM
69,20,157,SSD
69,20,151,RAM
69,20,224,RAM
69,20,65,SSD
69,20,165,RAM
69,20,57,RAM
69,20,247,SSD
69,21,166,RAM
69,21,103,RAM
69,21,243,RAM
69,21,214,RAM
69,21,206,SSD
69,21,22,SSD
69,21,99,RAM
69,21,240,RAM
69,22,220,SSD
69,22,251,RAM
69,22,108,RAM
69,22,250,RAM
69,22,17,SSD
69,22,205,RAM
69,22,207,SSD
69,22,101,SSD
69,23,134,RAM
69,23,156,RAM
69,23,54,RAM
69,23,158,SSD
69,23,40,RAM
69,23,99,RAM
69,23,10,RAM
69,23,2,RAM
69,24,106,RAM
69,24,9,RAM
69,24,42,RAM
69,24,178,RAM
69,24,91,SSD
69,24,60,RAM
69,24,2,RAM
69,24,243,SSD
69,25,174,RAM
69,25,119,SSD
69,25,200,RAM
69,25,228,RAM
69,25,208,RAM
69,25,199,RAM
69,25,164,SSD
69,25,151,SSD
69,26,189,RAM
69,26,58,RAM
69,26,201,RAM
69,26,73,RAM
69,26,67,RAM
69,26,35,RAM
69,26,239,SSD
69,26,248,RAM
69,27,206,RAM
69,27,241,RAM
69,27,116,SSD
69,27,249,RAM
69,27,134,RAM
69,27,145,SSD
69,27,139,RAM
69,27,138,SSD
69,28,201,SSD
69,28,169,RAM
69,28,185,RAM
69,28,149,SSD
69,28,191,RAM
69,28,146,RAM
69,28,197,SSD
69,28,147,RAM
69,29,204,RAM
69,29,216,SSD
69,29,69,RAM
69,29,65,RAM
69,29,151,RAM
69,29,177,RAM
69,29,99,SSD
69,29,28,RAM
69,30,117,RAM
69,30,45,RAM
69,30,64,RAM
69,30,97,RAM
69,30,69,RAM
69,30,72,SSD
69,30,57,SSD
69,30,35,SSD
69,31,248,RAM
69,31,240,RAM
69,31,135,RAM
69,31,95,RAM
69,31,236,RAM
69,31,70,SSD
69,31,137,RAM
69,31,96,SSD
69,32,116,SSD
69,32,197,SSD
69,32,7,RAM
69,32,59,RAM
69,32,75,SSD
69,32,64,RAM
69,32,31,SSD
69,32,199,RAM
69,33,59,SSD
69,33,206,RAM
69,33,18,SSD
69,33,182,SSD
69,33,81,RAM
69,33,229,RAM
69,33,72,SSD
69,33,217,RAM
69,34,205,SSD
69,34,11,SSD
69,34,213,SSD
69,34,152,RAM
69,34,206,RAM
69,34,196,RAM
69,34,90,RAM
69,34,211,RAM
69,35,129,RAM
69,35,167,RAM
69,35,244,RAM
69,35,202,RAM
69,35,35,RAM
69,35,224,SSD
69,35,49,RAM
69,35,7,SSD
69,36,158,RAM
69,36,251,SSD
69,36,203,RAM
69,36,118,RAM
69,36,117,SSD
69,36,57,SSD
69,36,129,SSD
69,36,239,SSD
69,37,103,RAM
69,37,64,RAM
69,37,75,RAM
69,37,22,SSD
69,37,55,SSD
69,37,227,RAM
69,37,14,SSD
69,37,97,RAM
69,38,124,SSD
69,38,127,RAM
69,38,79,RAM
69,38,106,RAM
69,38,118,RAM
69,38,230,RAM
69,38,32,SSD
69,38,22,RAM
69,39,116,RAM
69,39,13,SSD
69,39,30,RAM
69,39,203,RAM
69,39,34,SSD
69,39,70,RAM
69,39,130,SSD
69,39,78,RAM
70,0,70,RAM
70,0,192,RAM
70,0,211,RAM
70,0,124,RAM
70,0,231,SSD
70,0,62,RAM
70,0,69,SSD
70,0,134,SSD
70,1,101,SSD
70,1,14,RAM
70,1,11,RAM
70,1,132,RAM
70,1,22,SSD
70,1,114,RAM
70,1,34,RAM
70,1,215,SSD
70,2,3,RAM
70,2,189,RAM
70,2,71,SSD
70,2,143,SSD
70,2,97,SSD
70,2,83,SSD
70,2,183,SSD
70,2,42,SSD
70,3,243,RAM
70,3,54,RAM
70,3,23,RAM
70,3,20,SSD
70,3,22,SSD
70,3,154,RAM
70,3,36,RAM
70,3,15,SSD
70,4,121,RAM
70,4,44,SSD
70,4,175,RAM
70,4,132,RAM
70,4,110,RAM
70,4,79,SSD
70,4,180,RAM
70,4,10,SSD
70,5,164,RAM
70,5,210,RAM
70,5,19,RAM
70,5,77,RAM
70,5,95,SSD
70,5,217,SSD
70,5,32,SSD
70,5,132,RAM
70,6,39,SSD
70,6,125,RAM
70,6,152,SSD
70,6,241,RAM
70,6,102,RAM
70,6,240,SSD
70,6,185,RAM
70,6,57,RAM
70,7,132,RAM
70,7,24,RAM
70,7,223,RAM
70,7,246,SSD
70,7,38,RAM
70,7,96,RAM
70,7,203,SSD
70,7,151,RAM
70,8,41,RAM
70,8,224,RAM
70,8,151,RAM
70,8,1,RAM
70,8,63,RAM
70,8,163,SSD
70,8,121,RAM
70,8,3,RAM
70,9,166,RAM
70,9,243,RAM
70,9,103,RAM
70,9,134,RAM
70,9,101,RAM
70,9,58,SSD
70,9,81,RAM
70,9,3,RAM
70,10,220,RAM
70,10,226,RAM
70,10,242,RAM
70,10,232,RAM
70,10,19,RAM
70,10,251,RAM
70,10,245,SSD
70,10,250,RAM
70,11,218,SSD
70,11,134,RAM
70,11,158,RAM
70,11,54,RAM
70,11,191,SSD
70,11,97,RAM
70,11,141,RAM
70,11,225,SSD
70,12,9,RAM
70,12,42,RAM
70,12,50,RAM
70,12,2,RAM
70,12,148,SSD
70,12,60,SSD
70,12,91,SSD
70,12,116,RAM
70,13,174,RAM
70,13,185,RAM
70,13,151,RAM
70,13,37,SSD
70,13,19,RAM
70,13,228,RAM
70,13,55,SSD
70,13,119,SSD
70,14,189,RAM
70,14,201,RAM
70,14,67,RAM
70,14,252,RAM
70,14,229,SSD
70,14,115,RAM
70,14,44,RAM
70,14,58,RAM
70,15,28,SSD
70,15,249,RAM
70,15,206,RAM
70,15,134,RAM
70,15,145,RAM
70,15,54,SSD
70,15,55,SSD
70,15,133,SSD
70,16,169,RAM
70,16,195,RAM
70,16,82,RAM
70,16,190,SSD
70,16,63,SSD
70,16,31,RAM
70,16,201,SSD
70,16,56,SSD
70,17,164,RAM
70,17,69,RAM
70,17,204,RAM
70,17,216,RAM
70,17,217,RAM
70,17,8,RAM
70,17,151,SSD
70,17,214,RAM
70,18,117,RAM
70,18,45,RAM
70,18,209,RAM
70,18,64,RAM
70,18,72,SSD
70,18,123,SSD
70,18,151,SSD
70,18,219,SSD
70,19,85,SSD
70,19,248,RAM
70,19,135,RAM
70,19,96,SSD
70,19,95,RAM
70,19,59,RAM
70,19,221,SSD
70,19,114,RAM
70,20,41,RAM
70,20,224,RAM
70,20,151,RAM
70,20,1,RAM
70,20,3,SSD
70,20,165,RAM
70,20,246,SSD
70,20,193,SSD
70,21,103,RAM
70,21,243,RAM
70,21,166,RAM
70,21,107,SSD
70,21,22,RAM
70,21,214,RAM
70,21,137,SSD
70,21,98,SSD
70,22,251,RAM
70,22,242,SSD
70,22,19,RAM
70,22,220,RAM
70,22,146,RAM
70,22,250,RAM
70,22,226,SSD
70,22,86,SSD
70,23,134,RAM
70,23,158,RAM
70,23,218,SSD
70,23,54,RAM
70,23,59,SSD
70,23,201,SSD
70,23,37,SSD
70,23,116,SSD
70,24,9,RAM
70,24,11,RAM
70,24,50,RAM
70,24,148,SSD
70,24,42,RAM
70,24,91,RAM
70,24,2,RAM
70,24,128,SSD
70,25,174,RAM
70,25,0,RAM
70,25,37,SSD
70,25,228,RAM
70,25,19,SSD
70,25,208,RAM
70,25,119,RAM
70,25,166,RAM
70,26,67,RAM
70,26,203,SSD
70,26,115,SSD
70,26,201,RAM
70,26,58,RAM
70,26,73,RAM
70,26,239,RAM
70,26,248,RAM
70,27,249,RAM
70,27,206,RAM
70,27,28,SSD
70,27,146,RAM
70,27,134,RAM
70,27,145,RAM
70,27,90,SSD
70,27,133,SSD
70,28,169,RAM
70,28,63,SSD
70,28,102,RAM
70,28,190,SSD
70,28,24,SSD
70,28,195,RAM
70,28,191,RAM
70,28,82,SSD
70,29,204,RAM
70,29,216,RAM
70,29,164,RAM
70,29,151,RAM
70,29,69,RAM
70,29,173,SSD
70,29,21,SSD
70,29,128,SSD
70,30,117,RAM
70,30,63,SSD
70,30,64,RAM
70,30,162,SSD
70,30,73,RAM
70,30,151,SSD
70,30,97,RAM
70,30,91,SSD
70,31,135,RAM
70,31,248,RAM
70,31,85,SSD
70,31,28,SSD
70,31,34,SSD
70,31,43,SSD
70,31,95,RAM
70,31,240,RAM
70,32,109,SSD
70,32,123,RAM
70,32,86,RAM
70,32,59,RAM
70,32,7,RAM
70,32,140,SSD
70,32,144,SSD
70,32,246,SSD
70,33,102,SSD
70,33,234,RAM
70,33,229,RAM
70,33,36,RAM
70,33,81,RAM
70,33,104,SSD
70,33,95,SSD
70,33,59,RAM
70,34,238,SSD
70,34,240,RAM
70,34,44,SSD
70,34,90,RAM
70,34,72,SSD
70,34,206,RAM
70,34,28,SSD
70,34,183,SSD
70,35,190,SSD
70,35,148,SSD
70,35,167,RAM
70,35,49,RAM
70,35,202,RAM
70,35,129,RAM
70,35,212,RAM
70,35,35,RAM
70,36,227,SSD
70,36,158,RAM
70,36,147,RAM
70,36,142,RAM
70,36,203,RAM
70,36,118,RAM
70,36,92,SSD
70,36,34,RAM
70,37,64,RAM
70,37,78,SSD
70,37,103,RAM
70,37,193,SSD
70,37,15,SSD
70,37,27,SSD
70,37,75,RAM
70,37,229,RAM
70,38,215,SSD
70,38,139,RAM
70,38,119,SSD
70,38,251,SSD
70,38,127,RAM
70,38,106,RAM
70,38,32,RAM
70,38,230,RAM
70,39,158,SSD
70,39,72,SSD
70,39,197,SSD
70,39,122,SSD
70,39,36,RAM
70,39,244,SSD
70,39,203,RAM
70,39,99,SSD
71,0,185,SSD
71,0,68,SSD
71,0,226,SSD
71,0,117,SSD
71,0,146,RAM
71,0,243,RAM
71,0,11,SSD
71,0,171,SSD
71,1,13,SSD
71,1,133,SSD
71,1,169,SSD
71,1,202,SSD
71,1,43,RAM
71,1,104,SSD
71,1,66,RAM
71,1,222,SSD
71,2,189,RAM
71,2,249,RAM
71,2,183,RAM
71,2,31,SSD
71,2,71,RAM
71,2,97,RAM
71,2,254,RAM
71,2,22,SSD
71,3,221,SSD
71,3,166,SSD
71,3,170,SSD
71,3,188,SSD
71,3,20,RAM
71,3,14,SSD
71,3,200,SSD
71,3,227,SSD
71,4,182,SSD
71,4,8,RAM
71,4,55,SSD
71,4,121,RAM
71,4,123,RAM
71,4,139,SSD
71,4,180,RAM
71,4,152,RAM
71,5,61,SSD
71,5,223,SSD
71,5,95,RAM
71,5,19,RAM
71,5,0,RAM
71,5,210,RAM
71,5,208,RAM
71,5,142,SSD
71,6,3,SSD
71,6,39,RAM
71,6,241,RAM
71,6,125,RAM
71,6,114,RAM
71,6,240,RAM
71,6,227,SSD
71,6,38,SSD
71,7,24,RAM
71,7,132,RAM
71,7,131,SSD
71,7,19,RAM
71,7,151,RAM
71,7,160,SSD
71,7,243,RAM
71,7,187,RAM
71,8,41,RAM
71,8,151,RAM
71,8,68,SSD
71,8,224,RAM
71,8,163,RAM
71,8,1,RAM
71,8,112,SSD
71,8,148,RAM
71,9,206,SSD
71,9,166,RAM
71,9,19,SSD
71,9,103,RAM
71,9,243,RAM
71,9,107,SSD
71,9,101,RAM
71,9,140,SSD
71,10,220,RAM
71,10,163,SSD
71,10,251,RAM
71,10,226,RAM
71,10,250,RAM
71,10,108,SSD
71,10,19,RAM
71,10,7,SSD
71,11,18,SSD
71,11,54,RAM
71,11,158,RAM
71,11,142,SSD
71,11,134,RAM
71,11,116,SSD
71,11,97,RAM
71,11,2,RAM
71,12,67,SSD
71,12,9,RAM
71,12,42,RAM
71,12,106,SSD
71,12,2,RAM
71,12,148,RAM
71,12,116,RAM
71,12,206,RAM
71,13,174,RAM
71,13,200,SSD
71,13,37,RAM
71,13,228,RAM
71,13,148,SSD
71,13,151,RAM
71,13,208,RAM
71,13,31,SSD
71,14,38,SSD
71,14,189,RAM
71,14,201,RAM
71,14,180,RAM
71,14,115,RAM
71,14,58,RAM
71,14,67,RAM
71,14,229,RAM
71,15,241,RAM
71,15,103,SSD
71,15,249,RAM
71,15,206,RAM
71,15,145,RAM
71,15,134,RAM
71,15,28,RAM
71,15,146,RAM
71,16,232,SSD
71,16,149,RAM
71,16,169,RAM
71,16,195,RAM
71,16,13,RAM
71,16,31,RAM
71,16,147,SSD
71,16,228,SSD
71,17,155,SSD
71,17,216,RAM
71,17,8,RAM
71,17,204,RAM
71,17,69,RAM
71,17,47,RAM
71,17,217,RAM
71,17,151,RAM
71,18,117,RAM
71,18,6,SSD
71,18,45,RAM
71,18,162,SSD
71,18,64,RAM
71,18,77,RAM
71,18,73,RAM
71,18,188,SSD
71,19,248,RAM
71,19,135,RAM
71,19,59,RAM
71,19,95,RAM
71,19,233,SSD
71,19,96,RAM
71,19,91,SSD
71,19,34,SSD
71,20,41,RAM
71,20,68,SSD
71,20,151,RAM
71,20,224,RAM
71,20,112,SSD
71,20,165,RAM
71,20,53,RAM
71,20,102,RAM
71,21,206,RAM
71,21,166,RAM
71,21,103,RAM
71,21,19,SSD
71,21,243,RAM
71,21,207,RAM
71,21,214,RAM
71,21,99,RAM
71,22,163,SSD
71,22,250,RAM
71,22,251,RAM
71,22,255,SSD
71,22,220,RAM
71,22,159,SSD
71,22,205,RAM
71,22,229,SSD
71,23,142,SSD
71,23,18,SSD
71,23,134,RAM
71,23,54,RAM
71,23,156,RAM
71,23,25,SSD
71,23,40,RAM
71,23,2,RAM
71,24,91,RAM
71,24,9,RAM
71,24,2,RAM
71,24,42,RAM
71,24,67,SSD
71,24,175,SSD
71,24,178,RAM
71,24,116,RAM
71,25,174,RAM
71,25,119,RAM
71,25,228,RAM
71,25,200,RAM
71,25,208,RAM
71,25,5,SSD
71,25,166,RAM
71,25,7,RAM
71,26,189,RAM
71,26,58,RAM
71,26,201,RAM
71,26,38,SSD
71,26,67,RAM
71,26,229,SSD
71,26,35,RAM
71,26,73,RAM
71,27,206,RAM
71,27,103,SSD
71,27,241,RAM
71,27,249,RAM
71,27,134,RAM
71,27,146,RAM
71,27,158,RAM
71,27,145,RAM
71,28,169,RAM
71,28,232,SSD
71,28,149,RAM
71,28,185,RAM
71,28,146,RAM
71,28,78,SSD
71,28,173,RAM
71,28,63,RAM
71,29,155,SSD
71,29,204,RAM
71,29,69,RAM
71,29,216,RAM
71,29,151,RAM
71,29,65,RAM
71,29,173,RAM
71,29,177,RAM
71,30,117,RAM
71,30,6,SSD
71,30,45,RAM
71,30,64,RAM
71,30,73,RAM
71,30,97,RAM
71,30,77,RAM
71,30,91,RAM
71,31,248,RAM
71,31,233,RAM
71,31,135,RAM
71,31,240,RAM
71,31,137,RAM
71,31,28,RAM
71,31,95,RAM
71,31,236,RAM
71,32,175,SSD
71,32,37,SSD
71,32,17,SSD
71,32,199,RAM
71,32,59,RAM
71,32,7,RAM
71,32,156,RAM
71,32,247,RAM
71,33,117,SSD
71,33,214,SSD
71,33,23,SSD
71,33,81,RAM
71,33,94,RAM
71,33,229,RAM
71,33,72,RAM
71,33,108,SSD
71,34,182,SSD
71,34,58,SSD
71,34,187,RAM
71,34,54,RAM
71,34,12,SSD
71,34,19,RAM
71,34,206,RAM
71,34,28,RAM
71,35,7,RAM
71,35,202,RAM
71,35,167,RAM
71,35,212,RAM
71,35,16,RAM
71,35,129,RAM
71,35,35,RAM
71,35,14,RAM
71,36,245,SSD
71,36,158,RAM
71,36,8,RAM
71,36,203,RAM
71,36,0,RAM
71,36,118,RAM
71,36,188,RAM
71,36,119,RAM
71,37,164,RAM
71,37,64,RAM
71,37,84,RAM
71,37,103,RAM
71,37,75,RAM
71,37,22,RAM
71,37,220,RAM
71,37,55,RAM
71,38,136,RAM
71,38,22,RAM
71,38,127,RAM
71,38,177,SSD
71,38,37,SSD
71,38,106,RAM
71,38,139,RAM
71,38,230,RAM
71,39,16,RAM
71,39,23,RAM
71,39,145,RAM
71,39,146,SSD
71,39,37,SSD
71,39,68,RAM
71,39,203,RAM
71,39,34,RAM
72,0,122,SSD
72,0,29,RAM
72,0,250,SSD
72,0,41,SSD
72,0,62,RAM
72,0,211,RAM
72,0,50,SSD
72,0,116,SSD
72,1,154,SSD
72,1,28,SSD
72,1,190,SSD
72,1,153,SSD
72,1,14,RAM
72,1,193,SSD
72,1,105,SSD
72,1,149,SSD
72,2,47,SSD
72,2,107,SSD
72,2,185,SSD
72,2,83,RAM
72,2,93,SSD
72,2,249,RAM
72,2,201,SSD
72,2,189,RAM
72,3,243,RAM
72,3,154,RAM
72,3,247,SSD
72,3,218,RAM
72,3,251,SSD
72,3,166,RAM
72,3,113,RAM
72,3,22,RAM
72,4,121,RAM
72,4,180,RAM
72,4,164,SSD
72,4,149,SSD
72,4,110,RAM
72,4,152,RAM
72,4,132,RAM
72,4,123,RAM
72,5,23,RAM
72,5,67,RAM
72,5,210,RAM
72,5,223,RAM
72,5,115,RAM
72,5,164,RAM
72,5,81,RAM
72,5,3,SSD
72,6,114,RAM
72,6,102,RAM
72,6,241,RAM
72,6,125,RAM
72,6,39,RAM
72,6,43,SSD
72,6,3,RAM
72,6,185,RAM
72,7,24,RAM
72,7,132,RAM
72,7,187,RAM
72,7,203,RAM
72,7,111,SSD
72,7,151,RAM
72,7,96,RAM
72,7,246,RAM
72,8,41,RAM
72,8,224,RAM
72,8,151,RAM
72,8,247,SSD
72,8,50,SSD
72,8,165,RAM
72,8,246,RAM
72,8,182,SSD
72,9,166,RAM
72,9,22,SSD
72,9,243,RAM
72,9,103,RAM
72,9,58,RAM
72,9,61,RAM
72,9,3,RAM
72,9,101,RAM
72,10,250,RAM
72,10,233,SSD
72,10,116,RAM
72,10,205,RAM
72,10,207,RAM
72,10,220,RAM
72,10,232,RAM
72,10,117,SSD
72,11,54,RAM
72,11,97,RAM
72,11,134,RAM
72,11,116,RAM
72,11,158,RAM
72,11,10,RAM
72,11,137,SSD
72,11,40,SSD
72,12,9,RAM
72,12,2,RAM
72,12,42,RAM
72,12,116,RAM
72,12,91,RAM
72,12,178,SSD
72,12,60,RAM
72,12,30,SSD
72,13,174,RAM
72,13,185,RAM
72,13,208,RAM
72,13,40,RAM
72,13,37,RAM
72,13,228,RAM
72,13,151,RAM
72,13,98,SSD
72,14,189,RAM
72,14,44,RAM
72,14,201,RAM
72,14,58,RAM
72,14,67,RAM
72,14,22,RAM
72,14,115,RAM
72,14,252,RAM
72,15,206,RAM
72,15,3,RAM
72,15,145,RAM
72,15,249,RAM
72,15,79,SSD
72,15,134,RAM
72,15,122,RAM
72,15,238,RAM
72,16,169,RAM
72,16,138,RAM
72,16,193,SSD
72,16,195,RAM
72,16,82,RAM
72,16,191,RAM
72,16,67,RAM
72,16,173,SSD
72,17,8,RAM
72,17,238,RAM
72,17,216,RAM
72,17,69,RAM
72,17,78,RAM
72,17,204,RAM
72,17,4,RAM
72,17,217,RAM
72,18,117,RAM
72,18,151,RAM
72,18,66,RAM
72,18,77,RAM
72,18,212,RAM
72,18,130,SSD
72,18,108,SSD
72,18,171,SSD
72,19,248,RAM
72,19,137,RAM
72,19,135,RAM
72,19,60,RAM
72,19,247,SSD
72,19,59,RAM
72,19,157,RAM
72,19,83,SSD
72,20,41,RAM
72,20,151,RAM
72,20,224,RAM
72,20,1,RAM
72,20,117,RAM
72,20,114,SSD
72,20,75,SSD
72,20,53,RAM
72,21,166,RAM
72,21,243,RAM
72,21,103,RAM
72,21,207,RAM
72,21,22,RAM
72,21,61,RAM
72,21,99,RAM
72,21,98,RAM
72,22,216,SSD
72,22,233,SSD
72,22,116,RAM
72,22,205,RAM
72,22,17,RAM
72,22,250,RAM
72,22,117,SSD
72,22,66,SSD
72,23,116,RAM
72,23,134,RAM
72,23,170,SSD
72,23,59,RAM
72,23,54,RAM
72,23,209,SSD
72,23,158,RAM
72,23,141,RAM
72,24,9,RAM
72,24,2,RAM
72,24,178,RAM
72,24,128,RAM
72,24,119,SSD
72,24,50,RAM
72,24,91,RAM
72,24,32,SSD
72,25,174,RAM
72,25,0,RAM
72,25,222,RAM
72,25,208,RAM
72,25,97,SSD
72,25,19,RAM
72,25,140,SSD
72,25,40,RAM
72,26,58,RAM
72,26,67,RAM
72,26,96,RAM
72,26,84,SSD
72,26,73,RAM
72,26,201,RAM
72,26,189,RAM
72,26,138,RAM
72,27,206,RAM
72,27,3,RAM
72,27,79,SSD
72,27,249,RAM
72,27,146,RAM
72,27,158,RAM
72,27,16,SSD
72,27,139,RAM
72,28,193,SSD
72,28,196,SSD
72,28,82,RAM
72,28,169,RAM
72,28,219,SSD
72,28,78,RAM
72,28,228,SSD
72,28,195,RAM
72,29,88,SSD
72,29,204,RAM
72,29,61,SSD
72,29,216,RAM
72,29,21,RAM
72,29,49,SSD
72,29,66,RAM
72,29,78,SSD
72,30,117,RAM
72,30,162,RAM
72,30,232,SSD
72,30,64,RAM
72,30,50,SSD
72,30,151,RAM
72,30,130,SSD
72,30,73,RAM
72,31,135,RAM
72,31,137,RAM
72,31,248,RAM
72,31,34,RAM
72,31,43,RAM
72,31,59,RAM
72,31,28,RAM
72,31,228,RAM
72,32,179,SSD
72,32,156,RAM
72,32,125,SSD
72,32,59,RAM
72,32,140,RAM
72,32,86,RAM
72,32,254,RAM
72,32,157,SSD
72,33,133,SSD
72,33,5,SSD
72,33,104,RAM
72,33,132,SSD
72,33,229,RAM
72,33,143,SSD
72,33,81,RAM
72,33,161,SSD
72,34,44,RAM
72,34,238,RAM
72,34,5,RAM
72,34,227,SSD
72,34,67,RAM
72,34,220,RAM
72,34,240,RAM
72,34,143,SSD
72,35,190,RAM
72,35,74,SSD
72,35,148,RAM
72,35,167,RAM
72,35,202,RAM
72,35,136,SSD
72,35,21,SSD
72,35,61,RAM
72,36,227,RAM
72,36,115,SSD
72,36,248,RAM
72,36,158,RAM
72,36,39,SSD
72,36,147,RAM
72,36,142,RAM
72,36,19,SSD
72,37,78,RAM
72,37,100,SSD
72,37,229,RAM
72,37,169,SSD
72,37,27,RAM
72,37,64,RAM
72,37,103,RAM
72,37,16,SSD
72,38,169,SSD
72,38,61,SSD
72,38,215,RAM
72,38,176,SSD
72,38,140,SSD
72,38,251,RAM
72,38,180,SSD
72,38,158,SSD
72,39,197,RAM
72,39,163,SSD
72,39,158,RAM
72,39,11,SSD
72,39,179,SSD
72,39,139,SSD
72,39,18,SSD
72,39,90,SSD
73,0,179,SSD
73,0,91,SSD
73,0,145,SSD
73,0,197,SSD
73,0,130,SSD
73,0,213,SSD
73,0,79,RAM
73,0,119,SSD
73,1,64,SSD
73,1,139,SSD
73,1,216,SSD
73,1,87,SSD
73,1,59,SSD
73,1,11,RAM
73,1,155,RAM
73,1,200,SSD
73,2,88,SSD
73,2,17,SSD
73,2,210,SSD
73,2,164,SSD
73,2,59,SSD
73,2,109,SSD
73,2,146,SSD
73,2,35,SSD
73,3,211,RAM
73,3,59,SSD
73,3,37,SSD
73,3,142,SSD
73,3,146,SSD
73,3,129,SSD
73,3,27,SSD
73,3,31,SSD
73,4,131,SSD
73,4,241,SSD
73,4,240,RAM
73,4,170,SSD
73,4,230,SSD
73,4,15,SSD
73,4,129,RAM
73,4,151,SSD
73,5,186,SSD
73,5,6,SSD
73,5,235,SSD
73,5,3,RAM
73,5,223,RAM
73,5,191,SSD
73,5,204,SSD
73,5,142,RAM
73,6,255,RAM
73,6,241,RAM
73,6,125,RAM
73,6,167,SSD
73,6,200,RAM
73,6,39,RAM
73,6,114,RAM
73,6,55,RAM
73,7,199,RAM
73,7,24,RAM
73,7,23,SSD
73,7,187,RAM
73,7,132,RAM
73,7,66,SSD
73,7,185,RAM
73,7,214,SSD
73,8,41,RAM
73,8,89,SSD
73,8,247,RAM
73,8,115,RAM
73,8,151,RAM
73,8,224,RAM
73,8,253,SSD
73,8,100,SSD
73,9,69,RAM
73,9,166,RAM
73,9,22,RAM
73,9,103,RAM
73,9,243,RAM
73,9,29,SSD
73,9,94,SSD
73,9,207,RAM
73,10,130,SSD
73,10,220,RAM
73,10,216,SSD
73,10,207,RAM
73,10,205,RAM
73,10,250,RAM
73,10,251,RAM
73,10,227,SSD
73,11,54,RAM
73,11,107,SSD
73,11,99,RAM
73,11,20,SSD
73,11,158,RAM
73,11,134,RAM
73,11,97,RAM
73,11,170,SSD
73,12,63,SSD
73,12,56,SSD
73,12,9,RAM
73,12,26,SSD
73,12,128,RAM
73,12,116,RAM
73,12,2,RAM
73,12,3,RAM
73,13,174,RAM
73,13,43,SSD
73,13,29,RAM
73,13,204,RAM
73,13,222,RAM
73,13,72,RAM
73,13,51,SSD
73,13,228,RAM
73,14,124,SSD
73,14,18,SSD
73,14,138,SSD
73,14,44,RAM
73,14,252,RAM
73,14,189,RAM
73,14,22,RAM
73,14,58,RAM
73,15,206,RAM
73,15,3,RAM
73,15,81,SSD
73,15,249,RAM
73,15,79,RAM
73,15,142,SSD
73,15,238,RAM
73,15,158,RAM
73,16,169,RAM
73,16,5,SSD
73,16,196,SSD
73,16,33,SSD
73,16,195,RAM
73,16,71,SSD
73,16,31,RAM
73,16,193,RAM
73,17,8,RAM
73,17,61,SSD
73,17,238,RAM
73,17,172,SSD
73,17,166,RAM
73,17,216,RAM
73,17,60,RAM
73,17,69,RAM
73,18,117,RAM
73,18,232,SSD
73,18,187,SSD
73,18,57,SSD
73,18,151,RAM
73,18,50,SSD
73,18,77,RAM
73,18,148,SSD
73,19,137,RAM
73,19,130,SSD
73,19,4,RAM
73,19,59,RAM
73,19,108,SSD
73,19,248,RAM
73,19,160,SSD
73,19,252,SSD
73,20,41,RAM
73,20,151,RAM
73,20,224,RAM
73,20,212,SSD
73,20,1,RAM
73,20,171,RAM
73,20,53,RAM
73,20,4,RAM
73,21,69,RAM
73,21,166,RAM
73,21,61,RAM
73,21,207,RAM
73,21,29,SSD
73,21,103,RAM
73,21,243,RAM
73,21,39,SSD
73,22,216,RAM
73,22,130,SSD
73,22,116,RAM
73,22,205,RAM
73,22,120,RAM
73,22,53,SSD
73,22,61,SSD
73,22,83,SSD
73,23,107,RAM
73,23,116,RAM
73,23,20,SSD
73,23,170,RAM
73,23,134,RAM
73,23,138,RAM
73,23,45,SSD
73,23,54,RAM
73,24,128,RAM
73,24,160,SSD
73,24,9,RAM
73,24,32,RAM
73,24,63,SSD
73,24,3,SSD
73,24,26,SSD
73,24,178,RAM
73,25,28,SSD
73,25,97,RAM
73,25,43,SSD
73,25,174,RAM
73,25,140,RAM
73,25,147,SSD
73,25,204,RAM
73,25,228,RAM
73,26,58,RAM
73,26,215,RAM
73,26,96,RAM
73,26,67,RAM
73,26,138,RAM
73,26,18,SSD
73,26,84,RAM
73,26,114,RAM
73,27,23,SSD
73,27,206,RAM
73,27,3,RAM
73,27,158,RAM
73,27,249,RAM
73,27,16,RAM
73,27,81,SSD
73,27,96,SSD
73,28,196,RAM
73,28,193,RAM
73,28,195,RAM
73,28,31,RAM
73,28,71,SSD
73,28,169,RAM
73,28,72,SSD
73,28,4,SSD
73,29,204,RAM
73,29,88,RAM
73,29,61,RAM
73,29,66,RAM
73,29,8,SSD
73,29,49,RAM
73,29,69,RAM
73,29,21,RAM
73,30,117,RAM
73,30,162,RAM
73,30,232,RAM
73,30,204,SSD
73,30,118,SSD
73,30,64,RAM
73,30,148,SSD
73,30,50,RAM
73,31,248,RAM
73,31,135,RAM
73,31,137,RAM
73,31,228,RAM
73,31,59,RAM
73,31,124,SSD
73,31,166,RAM
73,31,28,RAM
73,32,59,RAM
73,32,179,RAM
73,32,156,RAM
73,32,254,RAM
73,32,247,RAM
73,32,86,RAM
73,32,47,SSD
73,32,159,SSD
73,33,126,SSD
73,33,104,RAM
73,33,132,RAM
73,33,81,RAM
73,33,36,RAM
73,33,143,RAM
73,33,11,SSD
73,33,107,SSD
73,34,44,RAM
73,34,238,RAM
73,34,252,SSD
73,34,240,RAM
73,34,220,RAM
73,34,62,SSD
73,34,56,SSD
73,34,67,RAM
73,35,190,RAM
73,35,167,RAM
73,35,74,RAM
73,35,148,RAM
73,35,202,RAM
73,35,218,SSD
73,35,61,RAM
73,35,212,RAM
73,36,158,RAM
73,36,227,RAM
73,36,248,RAM
73,36,115,RAM
73,36,2,SSD
73,36,142,RAM
73,36,39,RAM
73,36,147,RAM
73,37,27,RAM
73,37,78,RAM
73,37,64,RAM
73,37,103,RAM
73,37,15,RAM
73,37,135,SSD
73,37,60,SSD
73,37,143,SSD
73,38,215,RAM
73,38,119,RAM
73,38,127,RAM
73,38,251,RAM
73,38,169,RAM
73,38,139,RAM
73,38,80,SSD
73,38,252,SSD
73,39,158,RAM
73,39,72,RAM
73,39,122,RAM
73,39,244,RAM
73,39,165,SSD
73,39,147,SSD
73,39,139,RAM
73,39,179,RAM
74,0,111,SSD
74,0,187,SSD
74,0,172,SSD
74,0,121,SSD
74,0,92,SSD
74,0,58,RAM
74,0,188,SSD
74,0,186,SSD
74,1,13,RAM
74,1,223,SSD
74,1,158,SSD
74,1,43,RAM
74,1,66,RAM
74,1,183,RAM
74,1,81,SSD
74,1,198,SSD
74,2,107,RAM
74,2,59,RAM
74,2,35,RAM
74,2,22,RAM
74,2,252,SSD
74,2,169,SSD
74,2,149,SSD
74,2,102,SSD
74,3,92,SSD
74,3,9,SSD
74,3,170,RAM
74,3,166,RAM
74,3,216,SSD
74,3,221,RAM
74,3,202,SSD
74,3,156,RAM
74,4,8,RAM
74,4,139,RAM
74,4,228,SSD
74,4,123,RAM
74,4,55,RAM
74,4,121,RAM
74,4,152,RAM
74,4,239,SSD
74,5,210,RAM
74,5,114,SSD
74,5,81,RAM
74,5,23,RAM
74,5,208,RAM
74,5,0,RAM
74,5,122,SSD
74,5,150,SSD
74,6,16,SSD
74,6,3,RAM
74,6,114,RAM
74,6,125,RAM
74,6,92,RAM
74,6,102,RAM
74,6,241,RAM
74,6,43,RAM
74,7,132,RAM
74,7,44,SSD
74,7,24,RAM
74,7,187,RAM
74,7,243,RAM
74,7,151,RAM
74,7,81,SSD
74,7,108,SSD
74,8,41,RAM
74,8,35,RAM
74,8,212,SSD
74,8,151,RAM
74,8,224,RAM
74,8,247,RAM
74,8,117,SSD
74,8,148,RAM
74,9,178,SSD
74,9,166,RAM
74,9,19,RAM
74,9,120,RAM
74,9,103,RAM
74,9,243,RAM
74,9,98,RAM
74,9,207,RAM
74,10,163,RAM
74,10,116,RAM
74,10,207,RAM
74,10,205,RAM
74,10,253,SSD
74,10,9,SSD
74,10,66,SSD
74,10,192,SSD
74,11,130,SSD
74,11,142,RAM
74,11,116,RAM
74,11,18,RAM
74,11,54,RAM
74,11,107,RAM
74,11,134,RAM
74,11,20,RAM
74,12,67,RAM
74,12,9,RAM
74,12,116,RAM
74,12,2,RAM
74,12,42,RAM
74,12,144,SSD
74,12,3,RAM
74,12,41,SSD
74,13,174,RAM
74,13,200,RAM
74,13,29,RAM
74,13,208,RAM
74,13,40,RAM
74,13,228,RAM
74,13,185,RAM
74,13,31,RAM
74,14,38,RAM
74,14,58,RAM
74,14,44,RAM
74,14,189,RAM
74,14,201,RAM
74,14,252,RAM
74,14,67,RAM
74,14,180,RAM
74,15,103,RAM
74,15,206,RAM
74,15,249,RAM
74,15,145,RAM
74,15,122,RAM
74,15,134,RAM
74,15,158,RAM
74,15,240,SSD
74,16,228,RAM
74,16,179,SSD
74,16,169,RAM
74,16,181,RAM
74,16,13,RAM
74,16,96,SSD
74,16,24,SSD
74,16,195,RAM
74,17,218,SSD
74,17,8,RAM
74,17,60,RAM
74,17,204,RAM
74,17,236,SSD
74,17,69,RAM
74,17,155,RAM
74,17,102,RAM
74,18,117,RAM
74,18,6,RAM
74,18,69,RAM
74,18,45,RAM
74,18,77,RAM
74,18,212,RAM
74,18,64,RAM
74,18,148,RAM
74,19,248,RAM
74,19,59,RAM
74,19,135,RAM
74,19,157,RAM
74,19,137,RAM
74,19,233,RAM
74,19,95,RAM
74,19,83,RAM
74,20,41,RAM
74,20,151,RAM
74,20,224,RAM
74,20,1,RAM
74,20,35,RAM
74,20,165,RAM
74,20,53,RAM
74,20,117,RAM
74,21,166,RAM
74,21,178,SSD
74,21,207,RAM
74,21,103,RAM
74,21,243,RAM
74,21,226,SSD
74,21,120,RAM
74,21,61,RAM
74,22,116,RAM
74,22,205,RAM
74,22,163,RAM
74,22,253,SSD
74,22,232,RAM
74,22,66,RAM
74,22,9,SSD
74,22,86,RAM
74,23,130,SSD
74,23,134,RAM
74,23,142,RAM
74,23,107,RAM
74,23,18,RAM
74,23,20,RAM
74,23,141,RAM
74,23,10,RAM
74,24,9,RAM
74,24,67,RAM
74,24,2,RAM
74,24,42,RAM
74,24,116,RAM
74,24,111,SSD
74,24,154,SSD
74,24,244,SSD
74,25,174,RAM
74,25,208,RAM
74,25,228,RAM
74,25,29,SSD
74,25,200,RAM
74,25,28,RAM
74,25,7,RAM
74,25,40,RAM
74,26,58,RAM
74,26,78,SSD
74,26,67,RAM
74,26,252,RAM
74,26,189,RAM
74,26,38,RAM
74,26,44,SSD
74,26,138,RAM
74,27,206,RAM
74,27,103,RAM
74,27,249,RAM
74,27,158,RAM
74,27,100,SSD
74,27,55,SSD
74,27,213,SSD
74,27,151,RAM
74,28,228,RAM
74,28,179,SSD
74,28,169,RAM
74,28,72,RAM
74,28,231,SSD
74,28,31,RAM
74,28,47,SSD
74,28,146,RAM
74,29,69,RAM
74,29,204,RAM
74,29,236,SSD
74,29,102,RAM
74,29,28,RAM
74,29,60,SSD
74,29,218,SSD
74,29,66,RAM
74,30,117,RAM
74,30,6,RAM
74,30,204,RAM
74,30,69,RAM
74,30,118,RAM
74,30,64,RAM
74,30,122,SSD
74,30,17,SSD
74,31,248,RAM
74,31,137,RAM
74,31,233,RAM
74,31,135,RAM
74,31,124,RAM
74,31,67,SSD
74,31,240,RAM
74,31,51,SSD
74,32,59,RAM
74,32,17,RAM
74,32,194,SSD
74,32,195,RAM
74,32,162,SSD
74,32,247,RAM
74,32,156,RAM
74,32,47,RAM
74,33,81,RAM
74,33,94,RAM
74,33,23,RAM
74,33,97,SSD
74,33,214,RAM
74,33,37,SSD
74,33,217,RAM
74,33,69,SSD
74,34,54,RAM
74,34,19,RAM
74,34,187,RAM
74,34,247,SSD
74,34,212,SSD
74,34,58,RAM
74,34,141,SSD
74,34,188,SSD
74,35,167,RAM
74,35,202,RAM
74,35,212,RAM
74,35,14,RAM
74,35,251,SSD
74,35,196,SSD
74,35,31,SSD
74,35,76,SSD
74,36,158,RAM
74,36,0,RAM
74,36,8,RAM
74,36,118,RAM
74,36,239,RAM
74,36,129,RAM
74,36,203,RAM
74,36,253,SSD
74,37,64,RAM
74,37,103,RAM
74,37,229,RAM
74,37,75,RAM
74,37,35,SSD
74,37,164,RAM
74,37,90,SSD
74,37,82,SSD
74,38,22,RAM
74,38,127,RAM
74,38,34,SSD
74,38,128,SSD
74,38,86,SSD
74,38,79,RAM
74,38,94,SSD
74,38,12,SSD
74,39,16,RAM
74,39,145,RAM
74,39,30,RAM
74,39,130,RAM
74,39,116,RAM
74,39,160,SSD
74,39,68,RAM
74,39,34,RAM
75,0,136,SSD
75,0,78,SSD
75,0,241,SSD
75,0,56,SSD
75,0,18,SSD
75,0,14,SSD
75,0,89,SSD
75,0,33,SSD
75,1,166,SSD
75,1,119,SSD
75,1,6,SSD
75,1,165,SSD
75,1,183,RAM
75,1,186,SSD
75,1,220,SSD
75,1,237,SSD
75,2,115,SSD
75,2,56,SSD
75,2,81,SSD
75,2,209,RAM
75,2,5,SSD
75,2,128,SSD
75,2,156,SSD
75,2,241,SSD
75,3,9,RAM
75,3,89,SSD
75,3,153,SSD
75,3,65,SSD
75,3,119,SSD
75,3,50,SSD
75,3,100,SSD
75,3,195,SSD
75,4,253,SSD
75,4,121,RAM
75,4,123,RAM
75,4,8,RAM
75,4,152,RAM
75,4,133,RAM
75,4,120,SSD
75,4,156,SSD
75,5,174,SSD
75,5,9,SSD
75,5,210,RAM
75,5,23,RAM
75,5,0,RAM
75,5,68,SSD
75,5,114,RAM
75,5,56,SSD
75,6,102,RAM
75,6,16,RAM
75,6,151,RAM
75,6,194,SSD
75,6,124,SSD
75,6,55,RAM
75,6,25,SSD
75,6,186,SSD
75,7,24,RAM
75,7,132,RAM
75,7,203,RAM
75,7,195,SSD
75,7,96,RAM
75,7,111,RAM
75,7,90,SSD
75,7,140,SSD
75,8,41,RAM
75,8,157,RAM
75,8,151,RAM
75,8,224,RAM
75,8,148,RAM
75,8,163,RAM
75,8,102,RAM
75,8,1,RAM
75,9,166,RAM
75,9,243,RAM
75,9,103,RAM
75,9,226,SSD
75,9,3,RAM
75,9,201,SSD
75,9,134,RAM
75,9,90,SSD
75,10,205,RAM
75,10,68,SSD
75,10,116,RAM
75,10,12,SSD
75,10,186,SSD
75,10,202,SSD
75,10,66,RAM
75,10,86,SSD
75,11,64,SSD
75,11,130,RAM
75,11,134,RAM
75,11,97,RAM
75,11,25,SSD
75,11,54,RAM
75,11,223,SSD
75,11,221,SSD
75,12,2,RAM
75,12,9,RAM
75,12,42,RAM
75,12,116,RAM
75,12,157,SSD
75,12,244,SSD
75,12,146,SSD
75,12,179,SSD
75,13,174,RAM
75,13,42,SSD
75,13,208,RAM
75,13,40,RAM
75,13,228,RAM
75,13,31,RAM
75,13,185,RAM
75,13,164,SSD
75,14,189,RAM
75,14,201,RAM
75,14,58,RAM
75,14,44,RAM
75,14,180,RAM
75,14,252,RAM
75,14,67,RAM
75,14,244,SSD
75,15,206,RAM
75,15,134,RAM
75,15,122,RAM
75,15,103,RAM
75,15,249,RAM
75,15,145,RAM
75,15,116,RAM
75,15,238,RAM
75,16,169,RAM
75,16,179,RAM
75,16,228,RAM
75,16,181,RAM
75,16,195,RAM
75,16,247,SSD
75,16,24,RAM
75,16,173,RAM
75,17,185,SSD
75,17,60,RAM
75,17,69,RAM
75,17,204,RAM
75,17,8,RAM
75,17,4,RAM
75,17,212,SSD
75,17,102,RAM
75,18,117,RAM
75,18,209,RAM
75,18,77,RAM
75,18,45,RAM
75,18,72,RAM
75,18,143,SSD
75,18,141,SSD
75,18,212,RAM
75,19,248,RAM
75,19,59,RAM
75,19,157,RAM
75,19,137,RAM
75,19,83,RAM
75,19,135,RAM
75,19,124,SSD
75,19,117,SSD
75,20,41,RAM
75,20,151,RAM
75,20,224,RAM
75,20,157,RAM
75,20,1,RAM
75,20,53,RAM
75,20,117,RAM
75,20,171,RAM
75,21,166,RAM
75,21,207,RAM
75,21,103,RAM
75,21,243,RAM
75,21,214,RAM
75,21,226,RAM
75,21,134,SSD
75,21,140,SSD
75,22,68,SSD
75,22,12,SSD
75,22,116,RAM
75,22,205,RAM
75,22,208,SSD
75,22,232,RAM
75,22,107,SSD
75,22,86,RAM
75,23,64,SSD
75,23,134,RAM
75,23,141,RAM
75,23,107,RAM
75,23,213,SSD
75,23,130,RAM
75,23,25,RAM
75,23,56,SSD
75,24,9,RAM
75,24,2,RAM
75,24,42,RAM
75,24,116,RAM
75,24,111,RAM
75,24,80,SSD
75,24,244,RAM
75,24,139,SSD
75,25,174,RAM
75,25,42,SSD
75,25,228,RAM
75,25,208,RAM
75,25,64,SSD
75,25,158,SSD
75,25,40,RAM
75,25,7,RAM
75,26,252,RAM
75,26,78,RAM
75,26,58,RAM
75,26,189,RAM
75,26,67,RAM
75,26,201,RAM
75,26,138,RAM
75,26,44,RAM
75,27,206,RAM
75,27,103,RAM
75,27,142,SSD
75,27,116,RAM
75,27,100,RAM
75,27,249,RAM
75,27,158,RAM
75,27,151,RAM
75,28,169,RAM
75,28,20,SSD
75,28,179,RAM
75,28,228,RAM
75,28,247,SSD
75,28,31,RAM
75,28,72,RAM
75,28,147,RAM
75,29,69,RAM
75,29,185,SSD
75,29,60,RAM
75,29,204,RAM
75,29,28,RAM
75,29,220,SSD
75,29,187,SSD
75,29,8,RAM
75,30,117,RAM
75,30,72,RAM
75,30,190,SSD
75,30,221,SSD
75,30,118,RAM
75,30,204,RAM
75,30,238,SSD
75,30,17,RAM
75,31,248,RAM
75,31,137,RAM
75,31,14,SSD
75,31,124,RAM
75,31,233,RAM
75,31,135,RAM
75,31,113,SSD
75,31,212,SSD
75,32,224,SSD
75,32,59,RAM
75,32,197,RAM
75,32,206,SSD
75,32,156,RAM
75,32,64,RAM
75,32,47,RAM
75,32,254,RAM
75,33,63,SSD
75,33,81,RAM
75,33,156,SSD
75,33,18,RAM
75,33,217,RAM
75,33,40,SSD
75,33,12,SSD
75,33,245,SSD
75,34,152,RAM
75,34,54,RAM
75,34,247,RAM
75,34,141,RAM
75,34,213,RAM
75,34,55,SSD
75,34,188,RAM
75,34,49,SSD
75,35,167,RAM
75,35,202,RAM
75,35,244,RAM
75,35,214,SSD
75,35,39,SSD
75,35,212,RAM
75,35,254,SSD
75,35,14,RAM
75,36,158,RAM
75,36,239,RAM
75,36,24,SSD
75,36,129,RAM
75,36,118,RAM
75,36,251,RAM
75,36,203,RAM
75,36,188,RAM
75,37,64,RAM
75,37,103,RAM
75,37,50,SSD
75,37,229,RAM
75,37,14,RAM
75,37,35,RAM
75,37,90,RAM
75,37,75,RAM
75,38,146,SSD
75,38,127,RAM
75,38,79,RAM
75,38,34,RAM
75,38,86,RAM
75,38,128,RAM
75,38,94,RAM
75,38,189,SSD
75,39,13,RAM
75,39,85,SSD
75,39,177,SSD
75,39,116,RAM
75,39,30,RAM
75,39,130,RAM
75,39,34,RAM
75,39,62,SSD
76,0,36,SSD
76,0,134,RAM
76,0,62,RAM
76,0,211,RAM
76,0,231,RAM
76,0,199,SSD
76,0,124,RAM
76,0,175,SSD
76,1,49,SSD
76,1,254,SSD
76,1,14,RAM
76,1,198,RAM
76,1,101,RAM
76,1,61,SSD
76,1,22,RAM
76,1,76,SSD
76,2,115,RAM
76,2,56,RAM
76,2,3,RAM
76,2,182,SSD
76,2,201,RAM
76,2,5,RAM
76,2,71,RAM
76,2,194,SSD
76,3,251,RAM
76,3,177,SSD
76,3,243,RAM
76,3,199,SSD
76,3,202,RAM
76,3,167,SSD
76,3,101,SSD
76,3,218,RAM
76,4,121,RAM
76,4,253,RAM
76,4,152,RAM
76,4,44,RAM
76,4,53,SSD
76,4,186,SSD
76,4,70,SSD
76,4,59,SSD
76,5,115,RAM
76,5,210,RAM
76,5,9,RAM
76,5,153,SSD
76,5,120,SSD
76,5,52,SSD
76,5,183,SSD
76,5,164,RAM
76,6,161,SSD
76,6,102,RAM
76,6,185,RAM
76,6,243,SSD
76,6,55,RAM
76,6,151,RAM
76,6,38,RAM
76,6,125,RAM
76,7,24,RAM
76,7,132,RAM
76,7,199,RAM
76,7,203,RAM
76,7,30,SSD
76,7,96,RAM
76,7,111,RAM
76,7,32,SSD
76,8,41,RAM
76,8,151,RAM
76,8,224,RAM
76,8,50,RAM
76,8,165,RAM
76,8,1,RAM
76,8,102,RAM
76,8,171,SSD
76,9,166,RAM
76,9,134,RAM
76,9,243,RAM
76,9,101,RAM
76,9,61,RAM
76,9,207,RAM
76,9,3,RAM
76,9,226,RAM
76,10,116,RAM
76,10,12,RAM
76,10,8,SSD
76,10,205,RAM
76,10,242,RAM
76,10,232,RAM
76,10,9,RAM
76,10,253,RAM
76,11,85,SSD
76,11,134,RAM
76,11,97,RAM
76,11,59,SSD
76,11,213,SSD
76,11,101,SSD
76,11,207,SSD
76,11,231,SSD
76,12,157,RAM
76,12,116,RAM
76,12,9,RAM
76,12,42,RAM
76,12,3,RAM
76,12,2,RAM
76,12,244,RAM
76,12,210,SSD
76,13,174,RAM
76,13,42,RAM
76,13,28,SSD
76,13,100,SSD
76,13,228,RAM
76,13,40,RAM
76,13,199,SSD
76,13,219,SSD
76,14,58,RAM
76,14,252,RAM
76,14,189,RAM
76,14,138,RAM
76,14,44,RAM
76,14,201,RAM
76,14,67,RAM
76,14,84,SSD
76,15,206,RAM
76,15,158,RAM
76,15,238,RAM
76,15,100,SSD
76,15,122,RAM
76,15,134,RAM
76,15,249,RAM
76,15,233,SSD
76,16,190,RAM
76,16,169,RAM
76,16,179,RAM
76,16,228,RAM
76,16,181,RAM
76,16,247,RAM
76,16,147,RAM
76,16,96,RAM
76,17,60,RAM
76,17,8,RAM
76,17,96,SSD
76,17,185,RAM
76,17,69,RAM
76,17,204,RAM
76,17,78,RAM
76,17,124,SSD
76,18,117,RAM
76,18,72,RAM
76,18,250,SSD
76,18,209,RAM
76,18,130,RAM
76,18,17,SSD
76,18,35,SSD
76,18,232,RAM
76,19,248,RAM
76,19,137,RAM
76,19,59,RAM
76,19,85,RAM
76,19,124,RAM
76,19,4,RAM
76,19,157,RAM
76,19,252,RAM
76,20,41,RAM
76,20,151,RAM
76,20,224,RAM
76,20,1,RAM
76,20,165,RAM
76,20,35,RAM
76,20,103,SSD
76,20,212,RAM
76,21,166,RAM
76,21,207,RAM
76,21,134,RAM
76,21,243,RAM
76,21,103,RAM
76,21,61,RAM
76,21,226,RAM
76,21,131,SSD
76,22,116,RAM
76,22,12,RAM
76,22,242,RAM
76,22,253,RAM
76,22,205,RAM
76,22,8,SSD
76,22,232,RAM
76,22,9,RAM
76,23,85,SSD
76,23,107,RAM
76,23,134,RAM
76,23,213,RAM
76,23,56,RAM
76,23,59,RAM
76,23,111,SSD
76,23,231,SSD
76,24,9,RAM
76,24,157,SSD
76,24,251,SSD
76,24,42,RAM
76,24,3,RAM
76,24,116,RAM
76,24,2,RAM
76,24,128,RAM
76,25,42,RAM
76,25,174,RAM
76,25,28,RAM
76,25,29,RAM
76,25,228,RAM
76,25,100,SSD
76,25,219,SSD
76,25,222,RAM
76,26,252,RAM
76,26,138,RAM
76,26,78,RAM
76,26,58,RAM
76,26,67,RAM
76,26,146,SSD
76,26,96,RAM
76,26,52,SSD
76,27,206,RAM
76,27,150,SSD
76,27,100,RAM
76,27,155,SSD
76,27,26,SSD
76,27,249,RAM
76,27,3,RAM
76,27,28,RAM
76,28,190,RAM
76,28,147,RAM
76,28,73,SSD
76,28,169,RAM
76,28,31,RAM
76,28,224,SSD
76,28,228,RAM
76,28,179,RAM
76,29,60,RAM
76,29,185,RAM
76,29,229,SSD
76,29,69,RAM
76,29,220,RAM
76,29,204,RAM
76,29,21,RAM
76,29,8,RAM
76,30,250,SSD
76,30,72,RAM
76,30,117,RAM
76,30,232,RAM
76,30,63,RAM
76,30,204,RAM
76,30,220,SSD
76,30,17,RAM
76,31,248,RAM
76,31,137,RAM
76,31,228,RAM
76,31,135,RAM
76,31,252,SSD
76,31,124,RAM
76,31,146,SSD
76,31,28,RAM
76,32,254,RAM
76,32,123,RAM
76,32,76,SSD
76,32,18,SSD
76,32,59,RAM
76,32,156,RAM
76,32,85,SSD
76,32,47,RAM
76,33,95,RAM
76,33,11,RAM
76,33,81,RAM
76,33,139,SSD
76,33,56,SSD
76,33,143,RAM
76,33,205,SSD
76,33,68,SSD
76,34,240,RAM
76,34,67,RAM
76,34,72,RAM
76,34,220,RAM
76,34,64,SSD
76,34,44,RAM
76,34,202,SSD
76,34,195,SSD
76,35,191,SSD
76,35,167,RAM
76,35,39,RAM
76,35,202,RAM
76,35,79,SSD
76,35,196,RAM
76,35,11,SSD
76,35,187,SSD
76,36,158,RAM
76,36,49,SSD
76,36,142,RAM
76,36,26,SSD
76,36,124,SSD
76,36,98,SSD
76,36,248,RAM
76,36,220,SSD
76,37,229,RAM
76,37,64,RAM
76,37,15,RAM
76,37,126,SSD
76,37,103,RAM
76,37,250,SSD
76,37,207,SSD
76,37,80,SSD
76,38,80,RAM
76,38,128,RAM
76,38,119,RAM
76,38,254,SSD
76,38,93,SSD
76,38,176,RAM
76,38,131,SSD
76,38,139,RAM
76,39,244,RAM
76,39,72,RAM
76,39,122,RAM
76,39,183,SSD
76,39,9,SSD
76,39,22,SSD
76,39,146,RAM
76,39,253,SSD
77,0,121,RAM
77,0,187,RAM
77,0,172,RAM
77,0,188,RAM
77,0,92,RAM
77,0,62,RAM
77,0,232,SSD
77,0,111,RAM
77,1,133,RAM
77,1,162,SSD
77,1,2,SSD
77,1,66,RAM
77,1,169,RAM
77,1,232,SSD
77,1,14,RAM
77,1,198,RAM
77,2,110,SSD
77,2,20,SSD
77,2,149,RAM
77,2,122,SSD
77,2,23,SSD
77,2,169,RAM
77,2,90,SSD
77,2,43,SSD
77,3,226,SSD
77,3,92,RAM
77,3,236,SSD
77,3,202,RAM
77,3,177,RAM
77,3,4,SSD
77,3,188,RAM
77,3,199,RAM
77,4,253,RAM
77,4,123,RAM
77,4,239,RAM
77,4,228,RAM
77,4,105,SSD
77,4,164,RAM
77,4,54,SSD
77,4,20,SSD
77,5,120,RAM
77,5,161,SSD
77,5,153,RAM
77,5,142,RAM
77,5,183,RAM
77,5,194,SSD
77,5,236,SSD
77,5,170,SSD
77,6,182,SSD
77,6,100,SSD
77,6,161,RAM
77,6,157,SSD
77,6,90,SSD
77,6,243,RAM
77,6,102,RAM
77,6,246,SSD
77,7,199,RAM
77,7,131,RAM
77,7,161,SSD
77,7,132,RAM
77,7,185,RAM
77,7,32,RAM
77,7,204,SSD
77,7,108,RAM
77,8,56,SSD
77,8,120,SSD
77,8,212,RAM
77,8,35,RAM
77,8,180,SSD
77,8,103,SSD
77,8,115,RAM
77,8,41,RAM
77,9,98,RAM
77,9,151,SSD
77,9,0,SSD
77,9,131,SSD
77,9,166,RAM
77,9,6,SSD
77,9,207,RAM
77,9,103,RAM
77,10,88,SSD
77,10,12,RAM
77,10,34,SSD
77,10,8,RAM
77,10,178,SSD
77,10,253,RAM
77,10,116,RAM
77,10,64,SSD
77,11,85,RAM
77,11,130,RAM
77,11,66,SSD
77,11,142,RAM
77,11,107,RAM
77,11,111,SSD
77,11,207,RAM
77,11,101,RAM
77,12,3,RAM
77,12,157,RAM
77,12,120,SSD
77,12,128,RAM
77,12,67,RAM
77,12,35,SSD
77,12,116,RAM
77,12,81,SSD
77,13,112,SSD
77,13,100,RAM
77,13,29,RAM
77,13,111,SSD
77,13,174,RAM
77,13,219,RAM
77,13,28,RAM
77,13,74,SSD
77,14,252,RAM
77,14,138,RAM
77,14,44,RAM
77,14,161,SSD
77,14,105,SSD
77,14,40,SSD
77,14,180,RAM
77,14,58,RAM
77,15,36,SSD
77,15,213,SSD
77,15,206,RAM
77,15,155,SSD
77,15,168,SSD
77,15,110,SSD
77,15,100,RAM
77,15,158,RAM
77,16,96,RAM
77,16,228,RAM
77,16,137,SSD
77,16,179,RAM
77,16,169,RAM
77,16,231,SSD
77,16,181,RAM
77,16,49,SSD
77,17,60,RAM
77,17,218,RAM
77,17,220,SSD
77,17,94,SSD
77,17,101,SSD
77,17,69,RAM
77,17,198,SSD
77,17,204,RAM
77,18,122,SSD
77,18,220,SSD
77,18,117,RAM
77,18,110,SSD
77,18,148,RAM
77,18,141,RAM
77,18,161,SSD
77,18,77,RAM
77,19,233,RAM
77,19,248,RAM
77,19,137,RAM
77,19,157,RAM
77,19,124,RAM
77,19,67,SSD
77,19,125,SSD
77,19,83,RAM
77,20,41,RAM
77,20,151,RAM
77,20,224,RAM
77,20,102,SSD
77,20,1,RAM
77,20,75,RAM
77,20,53,RAM
77,20,165,RAM
77,21,166,RAM
77,21,243,RAM
77,21,103,RAM
77,21,134,RAM
77,21,61,RAM
77,21,207,RAM
77,21,226,RAM
77,21,201,SSD
77,22,88,SSD
77,22,116,RAM
77,22,194,SSD
77,22,205,RAM
77,22,12,RAM
77,22,86,RAM
77,22,64,SSD
77,22,8,RAM
77,23,213,RAM
77,23,107,RAM
77,23,66,SSD
77,23,56,RAM
77,23,141,RAM
77,23,134,RAM
77,23,130,RAM
77,23,142,RAM
77,24,9,RAM
77,24,42,RAM
77,24,2,RAM
77,24,251,RAM
77,24,111,RAM
77,24,213,SSD
77,24,253,SSD
77,24,120,SSD
77,25,174,RAM
77,25,112,SSD
77,25,7,RAM
77,25,228,RAM
77,25,64,RAM
77,25,201,SSD
77,25,132,SSD
77,25,158,RAM
77,26,78,RAM
77,26,252,RAM
77,26,58,RAM
77,26,189,RAM
77,26,166,SSD
77,26,87,SSD
77,26,149,SSD
77,26,67,RAM
77,27,206,RAM
77,27,155,RAM
77,27,166,SSD
77,27,100,RAM
77,27,55,RAM
77,27,158,RAM
77,27,151,RAM
77,27,36,SSD
77,28,173,RAM
77,28,169,RAM
77,28,146,RAM
77,28,165,SSD
77,28,228,RAM
77,28,248,SSD
77,28,67,SSD
77,28,129,SSD
77,29,69,RAM
77,29,60,RAM
77,29,204,RAM
77,29,220,RAM
77,29,30,SSD
77,29,28,RAM
77,29,102,RAM
77,29,151,RAM
77,30,117,RAM
77,30,122,RAM
77,30,44,SSD
77,30,6,RAM
77,30,220,RAM
77,30,141,SSD
77,30,204,RAM
77,30,118,RAM
77,31,248,RAM
77,31,137,RAM
77,31,67,RAM
77,31,233,RAM
77,31,229,SSD
77,31,212,RAM
77,31,135,RAM
77,31,236,RAM
77,32,59,RAM
77,32,158,SSD
77,32,162,RAM
77,32,194,RAM
77,32,31,SSD
77,32,151,SSD
77,32,17,RAM
77,32,89,SSD
77,33,81,RAM
77,33,97,RAM
77,33,168,SSD
77,33,220,SSD
77,33,94,RAM
77,33,37,RAM
77,33,189,SSD
77,33,23,RAM
77,34,247,RAM
77,34,212,RAM
77,34,19,RAM
77,34,187,RAM
77,34,54,RAM
77,34,211,SSD
77,34,255,SSD
77,34,98,SSD
77,35,202,RAM
77,35,167,RAM
77,35,14,RAM
77,35,254,RAM
77,35,194,SSD
77,35,147,SSD
77,35,186,SSD
77,35,56,SSD
77,36,158,RAM
77,36,118,RAM
77,36,234,SSD
77,36,8,RAM
77,36,0,RAM
77,36,253,RAM
77,36,121,SSD
77,36,188,RAM
77,37,64,RAM
77,37,103,RAM
77,37,229,RAM
77,37,75,RAM
77,37,35,RAM
77,37,21,SSD
77,37,84,RAM
77,37,82,RAM
77,38,128,RAM
77,38,127,RAM
77,38,135,SSD
77,38,93,RAM
77,38,205,SSD
77,38,34,RAM
77,38,22,RAM
77,38,32,SSD
77,39,16,RAM
77,39,146,RAM
77,39,23,RAM
77,39,68,RAM
77,39,145,RAM
77,39,243,SSD
77,39,160,RAM
77,39,63,SSD
78,0,88,SSD
78,0,135,SSD
78,0,108,SSD
78,0,61,SSD
78,0,59,SSD
78,0,160,SSD
78,0,83,SSD
78,0,89,RAM
78,1,192,SSD
78,1,140,SSD
78,1,181,SSD
78,1,70,SSD
78,1,11,RAM
78,1,146,SSD
78,1,152,SSD
78,1,47,SSD
78,2,36,SSD
78,2,8,SSD
78,2,194,RAM
78,2,253,SSD
78,2,237,SSD
78,2,43,RAM
78,2,115,RAM
78,2,69,SSD
78,3,226,RAM
78,3,106,SSD
78,3,236,RAM
78,3,110,SSD
78,3,12,SSD
78,3,29,SSD
78,3,250,SSD
78,3,199,RAM
78,4,171,SSD
78,4,240,RAM
78,4,133,RAM
78,4,96,SSD
78,4,45,SSD
78,4,129,RAM
78,4,244,SSD
78,4,170,RAM
78,5,47,SSD
78,5,220,SSD
78,5,182,SSD
78,5,65,SSD
78,5,69,SSD
78,5,245,SSD
78,5,46,SSD
78,5,243,SSD
78,6,255,RAM
78,6,182,RAM
78,6,122,SSD
78,6,246,RAM
78,6,173,SSD
78,6,141,SSD
78,6,110,SSD
78,6,129,SSD
78,7,199,RAM
78,7,117,SSD
78,7,185,RAM
78,7,78,SSD
78,7,24,RAM
78,7,254,SSD
78,7,123,SSD
78,7,32,RAM
78,8,115,RAM
78,8,180,RAM
78,8,151,RAM
78,8,35,RAM
78,8,56,RAM
78,8,179,SSD
78,8,41,RAM
78,8,116,SSD
78,9,180,SSD
78,9,69,RAM
78,9,255,SSD
78,9,9,SSD
78,9,98,RAM
78,9,6,RAM
78,9,169,SSD
78,9,84,SSD
78,10,125,SSD
78,10,240,SSD
78,10,88,RAM
78,10,247,SSD
78,10,120,SSD
78,10,194,SSD
78,10,150,SSD
78,10,65,SSD
78,11,39,SSD
78,11,99,RAM
78,11,188,SSD
78,11,19,SSD
78,11,108,SSD
78,11,101,RAM
78,11,107,RAM
78,11,86,SSD
78,12,151,SSD
78,12,85,SSD
78,12,3,RAM
78,12,128,RAM
78,12,54,SSD
78,12,9,RAM
78,12,254,SSD
78,12,253,SSD
78,13,103,SSD
78,13,204,RAM
78,13,112,RAM
78,13,174,RAM
78,13,107,SSD
78,13,118,SSD
78,13,212,SSD
78,13,74,RAM
78,14,149,SSD
78,14,51,SSD
78,14,226,SSD
78,14,252,RAM
78,14,189,RAM
78,14,88,SSD
78,14,52,SSD
78,14,254,SSD
78,15,206,RAM
78,15,181,SSD
78,15,166,SSD
78,15,162,SSD
78,15,36,RAM
78,15,46,SSD
78,15,158,RAM
78,15,168,RAM
78,16,61,SSD
78,16,74,SSD
78,16,176,SSD
78,16,111,SSD
78,16,24,RAM
78,16,200,SSD
78,16,16,SSD
78,16,51,SSD
78,17,60,RAM
78,17,69,RAM
78,17,204,RAM
78,17,220,RAM
78,17,89,SSD
78,17,146,SSD
78,17,158,SSD
78,17,198,RAM
78,18,117,RAM
78,18,226,SSD
78,18,170,SSD
78,18,204,SSD
78,18,77,RAM
78,18,220,RAM
78,18,44,SSD
78,18,174,SSD
78,19,137,RAM
78,19,59,RAM
78,19,117,RAM
78,19,248,RAM
78,19,166,SSD
78,19,4,RAM
78,19,124,RAM
78,19,157,RAM
78,20,41,RAM
78,20,151,RAM
78,20,224,RAM
78,20,1,RAM
78,20,90,SSD
78,20,75,RAM
78,20,105,SSD
78,20,102,RAM
78,21,166,RAM
78,21,69,RAM
78,21,243,RAM
78,21,103,RAM
78,21,134,RAM
78,21,207,RAM
78,21,180,SSD
78,21,226,RAM
78,22,116,RAM
78,22,205,RAM
78,22,176,SSD
78,22,211,SSD
78,22,194,RAM
78,22,238,SSD
78,22,156,SSD
78,22,120,RAM
78,23,80,SSD
78,23,134,RAM
78,23,39,SSD
78,23,111,RAM
78,23,56,RAM
78,23,141,RAM
78,23,138,RAM
78,23,204,SSD
78,24,9,RAM
78,24,2,RAM
78,24,251,RAM
78,24,151,SSD
78,24,24,SSD
78,24,42,RAM
78,24,3,RAM
78,24,177,SSD
78,25,174,RAM
78,25,204,RAM
78,25,64,RAM
78,25,228,RAM
78,25,251,SSD
78,25,234,SSD
78,25,158,RAM
78,25,208,RAM
78,26,252,RAM
78,26,78,RAM
78,26,58,RAM
78,26,189,RAM
78,26,201,RAM
78,26,166,RAM
78,26,95,SSD
78,26,67,RAM
78,27,206,RAM
78,27,55,RAM
78,27,70,SSD
78,27,134,SSD
78,27,245,SSD
78,27,122,SSD
78,27,177,SSD
78,27,192,SSD
78,28,61,SSD
78,28,173,RAM
78,28,100,SSD
78,28,228,RAM
78,28,177,SSD
78,28,169,RAM
78,28,165,RAM
78,28,31,RAM
78,29,69,RAM
78,29,204,RAM
78,29,60,RAM
78,29,28,RAM
78,29,198,SSD
78,29,220,RAM
78,29,152,SSD
78,29,159,SSD
78,30,170,SSD
78,30,117,RAM
78,30,122,RAM
78,30,195,SSD
78,30,137,SSD
78,30,39,SSD
78,30,44,RAM
78,30,166,SSD
78,31,248,RAM
78,31,166,RAM
78,31,137,RAM
78,31,67,RAM
78,31,236,RAM
78,31,229,RAM
78,31,212,RAM
78,31,135,RAM
78,32,60,SSD
78,32,59,RAM
78,32,158,RAM
78,32,151,RAM
78,32,31,RAM
78,32,194,RAM
78,32,101,SSD
78,32,64,RAM
78,33,81,RAM
78,33,229,SSD
78,33,33,SSD
78,33,220,RAM
78,33,91,SSD
78,33,69,RAM
78,33,190,SSD
78,33,108,SSD
78,34,247,RAM
78,34,82,SSD
78,34,211,RAM
78,34,19,RAM
78,34,116,SSD
78,34,93,SSD
78,34,98,RAM
78,34,69,SSD
78,35,167,RAM
78,35,202,RAM
78,35,14,RAM
78,35,254,RAM
78,35,253,SSD
78,35,56,RAM
78,35,251,RAM
78,35,31,RAM
78,36,158,RAM
78,36,118,RAM
78,36,121,RAM
78,36,82,SSD
78,36,207,SSD
78,36,241,SSD
78,36,239,RAM
78,36,188,RAM
78,37,103,RAM
78,37,64,RAM
78,37,104,SSD
78,37,75,RAM
78,37,35,RAM
78,37,21,RAM
78,37,82,RAM
78,37,89,SSD
78,38,128,RAM
78,38,135,RAM
78,38,127,RAM
78,38,27,SSD
78,38,34,RAM
78,38,205,RAM
78,38,32,RAM
78,38,210,SSD
78,39,110,SSD
78,39,243,RAM
78,39,12,SSD
78,39,146,RAM
78,39,36,SSD
78,39,160,RAM
78,39,252,SSD
78,39,63,RAM
79,0,57,SSD
79,0,160,RAM
79,0,192,SSD
79,0,139,SSD
79,0,28,SSD
79,0,78,RAM
79,0,217,SSD
79,0,33,RAM
79,1,14,RAM
79,1,178,SSD
79,1,191,SSD
79,1,196,SSD
79,1,175,SSD
79,1,67,SSD
79,1,153,SSD
79,1,25,SSD
79,2,228,SSD
79,2,139,SSD
79,2,187,SSD
79,2,216,SSD
79,2,188,SSD
79,2,194,RAM
79,2,193,SSD
79,2,126,SSD
79,3,154,SSD
79,3,197,SSD
79,3,23,SSD
79,3,16,SSD
79,3,56,SSD
79,3,201,SSD
79,3,249,SSD
79,3,243,RAM
79,4,121,RAM
79,4,152,RAM
79,4,132,SSD
79,4,186,RAM
79,4,110,SSD
79,4,75,SSD
79,4,134,SSD
79,4,53,RAM
79,5,23,RAM
79,5,210,RAM
79,5,0,RAM
79,5,56,RAM
79,5,122,RAM
79,5,58,SSD
79,5,82,SSD
79,5,153,RAM
79,6,102,RAM
79,6,168,SSD
79,6,151,RAM
79,6,185,RAM
79,6,38,RAM
79,6,125,RAM
79,6,227,SSD
79,6,209,SSD
79,7,24,RAM
79,7,132,RAM
79,7,96,RAM
79,7,203,RAM
79,7,151,RAM
79,7,81,RAM
79,7,246,SSD
79,7,166,SSD
79,8,41,RAM
79,8,224,RAM
79,8,151,RAM
79,8,63,SSD
79,8,165,RAM
79,8,148,RAM
79,8,1,RAM
79,8,161,SSD
79,9,166,RAM
79,9,3,RAM
79,9,134,RAM
79,9,103,RAM
79,9,101,RAM
79,9,233,SSD
79,9,207,RAM
79,9,90,RAM
79,10,233,SSD
79,10,116,RAM
79,10,109,SSD
79,10,205,RAM
79,10,146,SSD
79,10,232,RAM
79,10,77,SSD
79,10,202,RAM
79,11,54,RAM
79,11,97,RAM
79,11,134,RAM
79,11,141,SSD
79,11,225,SSD
79,11,146,SSD
79,11,226,SSD
79,11,8,SSD
79,12,50,SSD
79,12,9,RAM
79,12,42,RAM
79,12,2,RAM
79,12,116,RAM
79,12,166,SSD
79,12,244,RAM
79,12,130,SSD
79,13,174,RAM
79,13,0,SSD
79,13,185,RAM
79,13,228,RAM
79,13,148,SSD
79,13,13,SSD
79,13,151,SSD
79,13,31,RAM
79,14,189,RAM
79,14,44,RAM
79,14,134,SSD
79,14,58,RAM
79,14,201,RAM
79,14,252,RAM
79,14,67,RAM
79,14,115,SSD
79,15,206,RAM
79,15,122,RAM
79,15,249,RAM
79,15,151,SSD
79,15,145,RAM
79,15,238,RAM
79,15,158,RAM
79,15,221,SSD
79,16,169,RAM
79,16,138,SSD
79,16,56,SSD
79,16,234,SSD
79,16,195,RAM
79,16,82,SSD
79,16,228,RAM
79,16,179,RAM
79,17,69,RAM
79,17,60,RAM
79,17,204,RAM
79,17,8,RAM
79,17,4,RAM
79,17,66,SSD
79,17,151,SSD
79,17,135,SSD
79,18,117,RAM
79,18,130,RAM
79,18,66,SSD
79,18,45,RAM
79,18,143,RAM
79,18,141,RAM
79,18,212,RAM
79,18,77,RAM
79,19,248,RAM
79,19,48,SSD
79,19,67,RAM
79,19,135,RAM
79,19,95,RAM
79,19,59,RAM
79,19,89,SSD
79,19,83,RAM
79,20,41,RAM
79,20,151,RAM
79,20,224,RAM
79,20,1,RAM
79,20,247,SSD
79,20,47,SSD
79,20,165,RAM
79,20,102,RAM
79,21,166,RAM
79,21,243,RAM
79,21,103,RAM
79,21,32,SSD
79,21,134,RAM
79,21,22,SSD
79,21,226,RAM
79,21,214,RAM
79,22,109,SSD
79,22,233,SSD
79,22,116,RAM
79,22,205,RAM
79,22,194,RAM
79,22,232,RAM
79,22,77,SSD
79,22,202,SSD
79,23,134,RAM
79,23,146,SSD
79,23,99,SSD
79,23,141,RAM
79,23,10,RAM
79,23,214,SSD
79,23,164,SSD
79,23,37,SSD
79,24,9,RAM
79,24,50,SSD
79,24,42,RAM
79,24,2,RAM
79,24,119,SSD
79,24,166,SSD
79,24,111,RAM
79,24,116,RAM
79,25,174,RAM
79,25,0,SSD
79,25,228,RAM
79,25,208,RAM
79,25,151,SSD
79,25,166,SSD
79,25,178,SSD
79,25,7,RAM
79,26,252,RAM
79,26,58,RAM
79,26,196,SSD
79,26,78,RAM
79,26,201,RAM
79,26,67,RAM
79,26,239,SSD
79,26,73,SSD
79,27,206,RAM
79,27,12,SSD
79,27,35,SSD
79,27,151,RAM
79,27,55,RAM
79,27,155,RAM
79,27,228,SSD
79,27,158,RAM
79,28,234,SSD
79,28,59,SSD
79,28,169,RAM
79,28,56,SSD
79,28,228,RAM
79,28,146,RAM
79,28,165,RAM
79,28,82,SSD
79,29,60,RAM
79,29,69,RAM
79,29,126,SSD
79,29,204,RAM
79,29,4,SSD
79,29,221,SSD
79,29,170,SSD
79,29,9,SSD
79,30,143,SSD
79,30,151,SSD
79,30,130,SSD
79,30,117,RAM
79,30,66,SSD
79,30,39,RAM
79,30,116,SSD
79,30,44,RAM
79,31,83,SSD
79,31,157,SSD
79,31,248,RAM
79,31,49,SSD
79,31,67,RAM
79,31,99,SSD
79,31,137,RAM
79,31,47,SSD
79,32,92,SSD
79,32,173,SSD
79,32,58,SSD
79,32,14,SSD
79,32,101,RAM
79,32,59,RAM
79,32,209,SSD
79,32,57,SSD
79,33,161,SSD
79,33,229,RAM
79,33,81,RAM
79,33,54,SSD
79,33,177,SSD
79,33,84,SSD
79,33,198,SSD
79,33,5,SSD
79,34,15,SSD
79,34,249,SSD
79,34,143,SSD
79,34,166,SSD
79,34,18,SSD
79,34,247,RAM
79,34,80,SSD
79,34,177,SSD
79,35,106,SSD
79,35,202,RAM
79,35,167,RAM
79,35,114,SSD
79,35,11,RAM
79,35,14,RAM
79,35,180,SSD
79,35,41,SSD
79,36,158,RAM
79,36,21,SSD
79,36,55,SSD
79,36,37,SSD
79,36,118,RAM
79,36,126,SSD
79,36,94,SSD
79,36,149,SSD
79,37,196,SSD
79,37,92,SSD
79,37,64,RAM
79,37,126,RAM
79,37,103,RAM
79,37,113,SSD
79,37,133,SSD
79,37,80,RAM
79,38,52,SSD
79,38,132,SSD
79,38,135,RAM
79,38,209,SSD
79,38,8,SSD
79,38,128,RAM
79,38,77,SSD
79,38,202,SSD
79,39,99,SSD
79,39,66,SSD
79,39,77,SSD
79,39,46,SSD
79,39,243,RAM
79,39,17,SSD
79,39,224,SSD
79,39,175,SSD
80,0,135,RAM
80,0,241,RAM
80,0,128,SSD
80,0,243,SSD
80,0,79,SSD
80,0,164,SSD
80,0,108,RAM
80,0,61,RAM
80,1,196,RAM
80,1,247,SSD
80,1,67,RAM
80,1,35,SSD
80,1,1,SSD
80,1,178,RAM
80,1,137,SSD
80,1,12,SSD
80,2,191,SSD
80,2,163,SSD
80,2,233,SSD
80,2,105,SSD
80,2,102,SSD
80,2,156,RAM
80,2,209,RAM
80,2,116,SSD
80,3,137,SSD
80,3,162,SSD
80,3,204,SSD
80,3,244,SSD
80,3,41,SSD
80,3,190,SSD
80,3,85,SSD
80,3,183,SSD
80,4,121,RAM
80,4,20,RAM
80,4,240,RAM
80,4,81,SSD
80,4,236,SSD
80,4,110,RAM
80,4,87,SSD
80,4,184,SSD
80,5,234,SSD
80,5,25,SSD
80,5,215,SSD
80,5,143,SSD
80,5,200,SSD
80,5,57,SSD
80,5,145,SSD
80,5,210,RAM
80,6,254,SSD
80,6,139,SSD
80,6,102,RAM
80,6,211,SSD
80,6,21,SSD
80,6,151,RAM
80,6,127,SSD
80,6,159,SSD
80,7,24,RAM
80,7,132,RAM
80,7,203,RAM
80,7,185,RAM
80,7,81,RAM
80,7,199,RAM
80,7,96,RAM
80,7,111,RAM
80,8,224,RAM
80,8,41,RAM
80,8,151,RAM
80,8,1,RAM
80,8,165,RAM
80,8,117,SSD
80,8,53,SSD
80,8,91,SSD
80,9,166,RAM
80,9,243,RAM
80,9,103,RAM
80,9,1,SSD
80,9,134,RAM
80,9,81,SSD
80,9,255,RAM
80,9,99,SSD
80,10,176,SSD
80,10,116,RAM
80,10,243,SSD
80,10,185,SSD
80,10,134,SSD
80,10,205,RAM
80,10,78,SSD
80,10,247,RAM
80,11,42,SSD
80,11,134,RAM
80,11,204,SSD
80,11,12,SSD
80,11,128,SSD
80,11,135,SSD
80,11,141,RAM
80,11,191,SSD
80,12,9,RAM
80,12,42,RAM
80,12,2,RAM
80,12,3,RAM
80,12,116,RAM
80,12,238,SSD
80,12,208,SSD
80,12,163,SSD
80,13,174,RAM
80,13,151,RAM
80,13,228,RAM
80,13,166,SSD
80,13,212,RAM
80,13,208,RAM
80,13,79,SSD
80,13,125,SSD
80,14,189,RAM
80,14,67,RAM
80,14,58,RAM
80,14,201,RAM
80,14,138,RAM
80,14,44,RAM
80,14,252,RAM
80,14,77,SSD
80,15,206,RAM
80,15,145,RAM
80,15,134,RAM
80,15,249,RAM
80,15,151,RAM
80,15,238,RAM
80,15,122,RAM
80,15,94,SSD
80,16,74,RAM
80,16,195,RAM
80,16,169,RAM
80,16,24,RAM
80,16,26,SSD
80,16,31,SSD
80,16,116,SSD
80,16,67,SSD
80,17,204,RAM
80,17,69,RAM
80,17,8,RAM
80,17,60,RAM
80,17,28,SSD
80,17,66,RAM
80,17,238,SSD
80,17,244,SSD
80,18,117,RAM
80,18,171,SSD
80,18,48,SSD
80,18,45,RAM
80,18,77,RAM
80,18,232,RAM
80,18,226,RAM
80,18,118,SSD
80,19,59,RAM
80,19,137,RAM
80,19,157,RAM
80,19,135,RAM
80,19,124,RAM
80,19,248,RAM
80,19,95,RAM
80,19,96,SSD
80,20,41,RAM
80,20,151,RAM
80,20,224,RAM
80,20,102,RAM
80,20,165,RAM
80,20,90,RAM
80,20,1,RAM
80,20,114,SSD
80,21,166,RAM
80,21,243,RAM
80,21,103,RAM
80,21,22,RAM
80,21,207,RAM
80,21,226,RAM
80,21,168,SSD
80,21,146,SSD
80,22,116,RAM
80,22,160,SSD
80,22,205,RAM
80,22,232,RAM
80,22,26,SSD
80,22,108,SSD
80,22,156,RAM
80,22,176,RAM
80,23,80,RAM
80,23,134,RAM
80,23,111,RAM
80,23,204,RAM
80,23,141,RAM
80,23,140,SSD
80,23,146,RAM
80,23,8,SSD
80,24,9,RAM
80,24,2,RAM
80,24,42,RAM
80,24,201,SSD
80,24,116,RAM
80,24,111,RAM
80,24,152,SSD
80,24,3,RAM
80,25,174,RAM
80,25,228,RAM
80,25,208,RAM
80,25,15,SSD
80,25,158,RAM
80,25,64,RAM
80,25,24,SSD
80,25,85,SSD
80,26,58,RAM
80,26,252,RAM
80,26,59,SSD
80,26,78,RAM
80,26,189,RAM
80,26,67,RAM
80,26,227,SSD
80,26,96,RAM
80,27,206,RAM
80,27,134,RAM
80,27,249,RAM
80,27,151,RAM
80,27,158,RAM
80,27,3,RAM
80,27,157,SSD
80,27,192,RAM
80,28,74,SSD
80,28,26,SSD
80,28,169,RAM
80,28,116,SSD
80,28,47,SSD
80,28,72,RAM
80,28,165,RAM
80,28,31,RAM
80,29,204,RAM
80,29,150,SSD
80,29,69,RAM
80,29,66,SSD
80,29,28,RAM
80,29,159,RAM
80,29,30,RAM
80,29,60,RAM
80,30,117,RAM
80,30,52,SSD
80,30,195,RAM
80,30,61,SSD
80,30,137,RAM
80,30,64,SSD
80,30,118,RAM
80,30,251,SSD
80,31,248,RAM
80,31,137,RAM
80,31,135,RAM
80,31,67,RAM
80,31,79,SSD
80,31,113,RAM
80,31,95,SSD
80,31,230,SSD
80,32,33,SSD
80,32,59,RAM
80,32,156,RAM
80,32,105,SSD
80,32,7,SSD
80,32,47,RAM
80,32,117,SSD
80,32,40,SSD
80,33,192,SSD
80,33,81,RAM
80,33,229,RAM
80,33,5,RAM
80,33,223,SSD
80,33,69,RAM
80,33,77,SSD
80,33,113,SSD
80,34,16,SSD
80,34,247,RAM
80,34,15,RAM
80,34,211,RAM
80,34,14,SSD
80,34,108,SSD
80,34,246,SSD
80,34,160,SSD
80,35,167,RAM
80,35,202,RAM
80,35,14,RAM
80,35,106,RAM
80,35,78,SSD
80,35,254,RAM
80,35,95,SSD
80,35,16,SSD
80,36,158,RAM
80,36,110,SSD
80,36,118,RAM
80,36,203,RAM
80,36,21,RAM
80,36,228,SSD
80,36,188,RAM
80,36,17,SSD
80,37,103,RAM
80,37,64,RAM
80,37,92,RAM
80,37,214,SSD
80,37,55,SSD
80,37,237,SSD
80,37,104,RAM
80,37,75,RAM
80,38,135,RAM
80,38,132,RAM
80,38,254,RAM
80,38,185,SSD
80,38,173,SSD
80,38,128,RAM
80,38,32,RAM
80,38,217,SSD
80,39,175,RAM
80,39,99,RAM
80,39,243,RAM
80,39,110,RAM
80,39,224,RAM
80,39,37,SSD
80,39,46,RAM
80,39,96,SSD
81,0,124,RAM
81,0,211,RAM
81,0,50,SSD
81,0,13,SSD
81,0,192,RAM
81,0,72,SSD
81,0,220,SSD
81,0,241,RAM
81,1,196,RAM
81,1,12,RAM
81,1,247,RAM
81,1,35,RAM
81,1,252,SSD
81,1,104,SSD
81,1,37,SSD
81,1,186,SSD
81,2,191,RAM
81,2,163,RAM
81,2,105,RAM
81,2,15,SSD
81,2,190,SSD
81,2,182,RAM
81,2,123,SSD
81,2,116,RAM
81,3,137,RAM
81,3,243,RAM
81,3,190,RAM
81,3,163,SSD
81,3,197,RAM
81,3,45,SSD
81,3,41,RAM
81,3,48,SSD
81,4,121,RAM
81,4,221,SSD
81,4,175,SSD
81,4,81,RAM
81,4,206,SSD
81,4,233,SSD
81,4,132,RAM
81,4,84,SSD
81,5,77,SSD
81,5,23,RAM
81,5,164,RAM
81,5,80,SSD
81,5,64,SSD
81,5,210,RAM
81,5,215,RAM
81,5,111,SSD
81,6,82,SSD
81,6,195,SSD
81,6,102,RAM
81,6,185,RAM
81,6,152,SSD
81,6,91,SSD
81,6,151,RAM
81,6,144,SSD
81,7,246,RAM
81,7,24,RAM
81,7,96,RAM
81,7,166,RAM
81,7,203,RAM
81,7,132,RAM
81,7,252,SSD
81,7,6,SSD
81,8,41,RAM
81,8,63,RAM
81,8,224,RAM
81,8,151,RAM
81,8,121,SSD
81,8,249,SSD
81,8,1,RAM
81,8,165,RAM
81,9,166,RAM
81,9,3,RAM
81,9,134,RAM
81,9,32,SSD
81,9,243,RAM
81,9,103,RAM
81,9,101,RAM
81,9,44,SSD
81,10,146,RAM
81,10,233,RAM
81,10,116,RAM
81,10,205,RAM
81,10,232,RAM
81,10,138,SSD
81,10,77,RAM
81,10,86,SSD
81,11,237,SSD
81,11,141,RAM
81,11,134,RAM
81,11,97,RAM
81,11,59,RAM
81,11,37,SSD
81,11,222,SSD
81,11,220,SSD
81,12,50,RAM
81,12,208,RAM
81,12,2,RAM
81,12,9,RAM
81,12,42,RAM
81,12,23,SSD
81,12,116,RAM
81,12,244,RAM
81,13,185,RAM
81,13,174,RAM
81,13,0,RAM
81,13,228,RAM
81,13,208,RAM
81,13,31,RAM
81,13,151,RAM
81,13,194,SSD
81,14,189,RAM
81,14,252,RAM
81,14,44,RAM
81,14,58,RAM
81,14,17,SSD
81,14,201,RAM
81,14,134,RAM
81,14,67,RAM
81,15,206,RAM
81,15,151,RAM
81,15,122,RAM
81,15,145,RAM
81,15,238,RAM
81,15,12,SSD
81,15,6,SSD
81,15,249,RAM
81,16,169,RAM
81,16,234,RAM
81,16,24,RAM
81,16,82,RAM
81,16,230,SSD
81,16,195,RAM
81,16,67,RAM
81,16,197,SSD
81,17,60,RAM
81,17,69,RAM
81,17,21,SSD
81,17,4,RAM
81,17,204,RAM
81,17,8,RAM
81,17,103,SSD
81,17,25,SSD
81,18,108,SSD
81,18,117,RAM
81,18,143,RAM
81,18,250,RAM
81,18,116,SSD
81,18,35,RAM
81,18,45,RAM
81,18,209,RAM
81,19,248,RAM
81,19,48,RAM
81,19,89,RAM
81,19,67,RAM
81,19,157,RAM
81,19,59,RAM
81,19,247,SSD
81,19,135,RAM
81,20,41,RAM
81,20,172,SSD
81,20,151,RAM
81,20,224,RAM
81,20,56,SSD
81,20,57,SSD
81,20,1,RAM
81,20,165,RAM
81,21,166,RAM
81,21,32,RAM
81,21,243,RAM
81,21,134,RAM
81,21,214,RAM
81,21,103,RAM
81,21,226,RAM
81,21,201,RAM
81,22,116,RAM
81,22,146,SSD
81,22,137,SSD
81,22,233,RAM
81,22,207,SSD
81,22,205,RAM
81,22,86,RAM
81,22,202,RAM
81,23,134,RAM
81,23,222,SSD
81,23,174,SSD
81,23,220,SSD
81,23,221,SSD
81,23,59,RAM
81,23,141,RAM
81,23,107,RAM
81,24,9,RAM
81,24,50,RAM
81,24,2,RAM
81,24,42,RAM
81,24,128,RAM
81,24,158,SSD
81,24,157,RAM
81,24,111,RAM
81,25,174,RAM
81,25,0,RAM
81,25,101,SSD
81,25,228,RAM
81,25,194,SSD
81,25,7,RAM
81,25,64,RAM
81,25,19,SSD
81,26,252,RAM
81,26,58,RAM
81,26,78,RAM
81,26,17,SSD
81,26,67,RAM
81,26,201,RAM
81,26,73,RAM
81,26,196,RAM
81,27,206,RAM
81,27,12,RAM
81,27,151,RAM
81,27,70,RAM
81,27,249,RAM
81,27,55,RAM
81,27,100,RAM
81,27,122,RAM
81,28,193,SSD
81,28,169,RAM
81,28,102,SSD
81,28,234,RAM
81,28,116,RAM
81,28,228,RAM
81,28,219,SSD
81,28,24,SSD
81,29,60,RAM
81,29,69,RAM
81,29,204,RAM
81,29,88,SSD
81,29,94,SSD
81,29,21,RAM
81,29,151,RAM
81,29,9,RAM
81,30,117,RAM
81,30,232,RAM
81,30,116,RAM
81,30,162,SSD
81,30,204,RAM
81,30,143,RAM
81,30,250,RAM
81,30,50,SSD
81,31,248,RAM
81,31,4,SSD
81,31,135,RAM
81,31,137,RAM
81,31,157,RAM
81,31,205,SSD
81,31,49,RAM
81,31,228,RAM
81,32,125,SSD
81,32,254,RAM
81,32,179,SSD
81,32,59,RAM
81,32,140,SSD
81,32,12,SSD
81,32,85,RAM
81,32,76,RAM
81,33,56,RAM
81,33,132,SSD
81,33,104,SSD
81,33,229,RAM
81,33,54,RAM
81,33,167,SSD
81,33,143,RAM
81,33,133,SSD
81,34,44,RAM
81,34,195,RAM
81,34,73,SSD
81,34,240,RAM
81,34,5,SSD
81,34,238,SSD
81,34,143,RAM
81,34,101,SSD
81,35,74,SSD
81,35,148,SSD
81,35,167,RAM
81,35,190,SSD
81,35,21,SSD
81,35,185,SSD
81,35,187,RAM
81,35,202,RAM
81,36,115,SSD
81,36,158,RAM
81,36,142,RAM
81,36,19,SSD
81,36,248,RAM
81,36,124,RAM
81,36,227,SSD
81,36,93,SSD
81,37,100,SSD
81,37,229,RAM
81,37,16,SSD
81,37,169,SSD
81,37,101,SSD
81,37,80,RAM
81,37,74,SSD
81,37,64,RAM
81,38,61,SSD
81,38,169,SSD
81,38,196,SSD
81,38,36,SSD
81,38,245,SSD
81,38,67,SSD
81,38,8,RAM
81,38,158,SSD
81,39,197,SSD
81,39,163,SSD
81,39,129,SSD
81,39,139,SSD
81,39,18,SSD
81,39,11,SSD
81,39,128,SSD
81,39,99,RAM
82,0,196,SSD
82,0,179,SSD
82,0,229,SSD
82,0,105,SSD
82,0,249,SSD
82,0,7,SSD
82,0,104,SSD
82,0,216,SSD
82,1,27,SSD
82,1,231,SSD
82,1,225,SSD
82,1,150,SSD
82,1,11,RAM
82,1,155,SSD
82,1,93,SSD
82,1,244,SSD
82,2,164,SSD
82,2,103,SSD
82,2,163,RAM
82,2,4,SSD
82,2,17,SSD
82,2,175,SSD
82,2,162,SSD
82,2,40,SSD
82,3,133,SSD
82,3,187,SSD
82,3,235,SSD
82,3,31,SSD
82,3,152,SSD
82,3,37,SSD
82,3,231,SSD
82,3,199,RAM
82,4,236,RAM
82,4,142,SSD
82,4,13,SSD
82,4,102,SSD
82,4,54,RAM
82,4,241,SSD
82,4,222,SSD
82,4,154,SSD
82,5,104,SSD
82,5,161,RAM
82,5,193,SSD
82,5,186,SSD
82,5,90,SSD
82,5,6,SSD
82,5,47,RAM
82,5,235,SSD
82,6,153,SSD
82,6,167,SSD
82,6,246,RAM
82,6,255,RAM
82,6,196,SSD
82,6,55,SSD
82,6,241,SSD
82,6,93,SSD
82,7,23,SSD
82,7,199,RAM
82,7,29,SSD
82,7,185,RAM
82,7,132,RAM
82,7,24,RAM
82,7,64,SSD
82,7,108,RAM
82,8,234,SSD
82,8,151,RAM
82,8,41,RAM
82,8,180,RAM
82,8,56,RAM
82,8,89,SSD
82,8,116,RAM
82,8,224,RAM
82,9,29,SSD
82,9,94,SSD
82,9,164,SSD
82,9,13,SSD
82,9,98,RAM
82,9,131,RAM
82,9,84,RAM
82,9,166,RAM
82,10,130,SSD
82,10,169,SSD
82,10,137,SSD
82,10,216,SSD
82,10,198,SSD
82,10,116,RAM
82,10,196,SSD
82,10,248,SSD
82,11,189,SSD
82,11,107,RAM
82,11,174,SSD
82,11,111,RAM
82,11,128,RAM
82,11,134,RAM
82,11,248,SSD
82,11,161,SSD
82,12,74,SSD
82,12,63,SSD
82,12,26,SSD
82,12,128,RAM
82,12,160,SSD
82,12,3,RAM
82,12,15,SSD
82,12,56,SSD
82,13,147,SSD
82,13,43,SSD
82,13,29,RAM
82,13,154,SSD
82,13,222,SSD
82,13,28,RAM
82,13,95,SSD
82,13,174,RAM
82,14,124,SSD
82,14,51,RAM
82,14,20,SSD
82,14,86,SSD
82,14,252,RAM
82,14,44,RAM
82,14,138,RAM
82,14,189,RAM
82,15,81,SSD
82,15,181,RAM
82,15,206,RAM
82,15,162,RAM
82,15,200,SSD
82,15,158,RAM
82,15,238,RAM
82,15,3,SSD
82,16,5,SSD
82,16,196,SSD
82,16,133,SSD
82,16,169,RAM
82,16,24,RAM
82,16,224,SSD
82,16,170,SSD
82,16,64,SSD
82,17,250,SSD
82,17,60,RAM
82,17,61,SSD
82,17,172,SSD
82,17,166,SSD
82,17,76,SSD
82,17,8,RAM
82,17,87,SSD
82,18,179,SSD
82,18,57,SSD
82,18,187,SSD
82,18,50,SSD
82,18,117,RAM
82,18,205,SSD
82,18,226,RAM
82,18,77,RAM
82,19,4,RAM
82,19,130,SSD
82,19,205,SSD
82,19,109,SSD
82,19,117,RAM
82,19,20,SSD
82,19,137,RAM
82,19,252,SSD
82,20,234,SSD
82,20,41,RAM
82,20,56,RAM
82,20,4,SSD
82,20,83,SSD
82,20,212,SSD
82,20,115,SSD
82,20,179,SSD
82,21,29,SSD
82,21,164,SSD
82,21,94,SSD
82,21,166,RAM
82,21,131,SSD
82,21,13,SSD
82,21,207,RAM
82,21,6,SSD
82,22,169,SSD
82,22,130,SSD
82,22,198,SSD
82,22,116,RAM
82,22,196,SSD
82,22,236,SSD
82,22,205,RAM
82,22,83,SSD
82,23,189,SSD
82,23,107,RAM
82,23,111,RAM
82,23,174,RAM
82,23,128,SSD
82,23,42,SSD
82,23,62,SSD
82,23,134,RAM
82,24,74,SSD
82,24,160,SSD
82,24,26,SSD
82,24,63,SSD
82,24,128,RAM
82,24,15,SSD
82,24,3,RAM
82,24,220,SSD
82,25,43,SSD
82,25,147,SSD
82,25,134,SSD
82,25,97,SSD
82,25,28,SSD
82,25,174,RAM
82,25,29,SSD
82,25,130,SSD
82,26,51,SSD
82,26,124,SSD
82,26,52,SSD
82,26,20,SSD
82,26,252,RAM
82,26,148,SSD
82,26,138,SSD
82,26,86,SSD
82,27,181,SSD
82,27,162,SSD
82,27,81,SSD
82,27,206,RAM
82,27,200,SSD
82,27,3,RAM
82,27,58,SSD
82,27,100,RAM
82,28,5,SSD
82,28,133,SSD
82,28,196,SSD
82,28,170,SSD
82,28,195,SSD
82,28,31,RAM
82,28,24,RAM
82,28,71,SSD
82,29,250,SSD
82,29,172,SSD
82,29,60,RAM
82,29,76,SSD
82,29,151,RAM
82,29,87,SSD
82,29,204,RAM
82,29,8,SSD
82,30,179,SSD
82,30,187,SSD
82,30,205,SSD
82,30,117,RAM
82,30,16,SSD
82,30,64,RAM
82,30,17,SSD
82,30,115,SSD
82,31,205,RAM
82,31,130,SSD
82,31,109,SSD
82,31,4,RAM
82,31,248,RAM
82,31,137,RAM
82,31,135,RAM
82,31,151,SSD
82,32,98,SSD
82,32,254,RAM
82,32,186,SSD
82,32,99,SSD
82,32,59,RAM
82,32,77,SSD
82,32,247,SSD
82,32,96,SSD
82,33,238,SSD
82,33,126,SSD
82,33,143,RAM
82,33,183,SSD
82,33,81,RAM
82,33,73,SSD
82,33,232,SSD
82,33,86,SSD
82,34,84,SSD
82,34,101,RAM
82,34,96,SSD
82,34,207,SSD
82,34,180,SSD
82,34,196,SSD
82,34,252,SSD
82,34,62,SSD
82,35,160,SSD
82,35,167,RAM
82,35,153,SSD
82,35,202,RAM
82,35,57,SSD
82,35,235,SSD
82,35,218,SSD
82,35,145,SSD
82,36,158,RAM
82,36,181,SSD
82,36,98,SSD
82,36,70,SSD
82,36,248,RAM
82,36,203,RAM
82,36,118,RAM
82,36,119,SSD
82,37,31,SSD
82,37,64,RAM
82,37,58,SSD
82,37,182,SSD
82,37,143,SSD
82,37,103,RAM
82,37,65,SSD
82,37,190,SSD
82,38,92,SSD
82,38,148,SSD
82,38,71,SSD
82,38,127,RAM
82,38,209,RAM
82,38,118,SSD
82,38,252,SSD
82,38,182,SSD
82,39,2,SSD
82,39,217,SSD
82,39,189,SSD
82,39,69,SSD
82,39,38,SSD
82,39,213,SSD
82,39,70,SSD
82,39,78,SSD
83,0,106,SSD
83,0,212,SSD
83,0,218,SSD
83,0,57,RAM
83,0,32,SSD
83,0,33,RAM
83,0,66,SSD
83,0,157,SSD
83,1,73,SSD
83,1,132,SSD
83,1,242,SSD
83,1,128,SSD
83,1,112,SSD
83,1,250,SSD
83,1,113,SSD
83,1,54,SSD
83,2,10,SSD
83,2,238,SSD
83,2,217,SSD
83,2,255,SSD
83,2,117,SSD
83,2,80,SSD
83,2,121,SSD
83,2,60,SSD
83,3,219,SSD
83,3,119,SSD
83,3,92,SSD
83,3,4,SSD
83,3,55,SSD
83,3,217,SSD
83,3,190,RAM
83,3,202,SSD
83,4,118,SSD
83,4,54,RAM
83,4,242,SSD
83,4,74,SSD
83,4,255,SSD
83,4,254,SSD
83,4,245,SSD
83,4,7,SSD
83,5,249,SSD
83,5,161,RAM
83,5,178,SSD
83,5,106,SSD
83,5,31,SSD
83,5,159,SSD
83,5,147,SSD
83,5,10,SSD
83,6,164,SSD
83,6,208,SSD
83,6,183,SSD
83,6,55,RAM
83,6,90,SSD
83,6,110,SSD
83,6,122,SSD
83,6,166,SSD
83,7,101,SSD
83,7,199,RAM
83,7,109,SSD
83,7,2,SSD
83,7,24,RAM
83,7,54,SSD
83,7,111,RAM
83,7,195,SSD
83,8,157,SSD
83,8,120,SSD
83,8,234,RAM
83,8,41,RAM
83,8,56,RAM
83,8,164,SSD
83,8,212,SSD
83,8,151,RAM
83,9,151,SSD
83,9,217,SSD
83,9,98,RAM
83,9,96,SSD
83,9,156,SSD
83,9,13,RAM
83,9,93,SSD
83,9,197,SSD
83,10,68,SSD
83,10,46,SSD
83,10,161,SSD
83,10,62,SSD
83,10,228,SSD
83,10,171,SSD
83,10,22,SSD
83,10,255,SSD
83,11,195,SSD
83,11,64,SSD
83,11,93,SSD
83,11,27,SSD
83,11,101,SSD
83,11,107,RAM
83,11,181,SSD
83,11,69,SSD
83,12,138,SSD
83,12,191,SSD
83,12,154,SSD
83,12,3,RAM
83,12,175,SSD
83,12,128,RAM
83,12,201,SSD
83,12,9,RAM
83,13,164,SSD
83,13,168,SSD
83,13,116,SSD
83,13,29,RAM
83,13,22,SSD
83,13,28,RAM
83,13,174,RAM
83,13,228,RAM
83,14,213,SSD
83,14,83,SSD
83,14,138,RAM
83,14,189,RAM
83,14,58,RAM
83,14,180,SSD
83,14,93,SSD
83,14,67,RAM
83,15,206,RAM
83,15,3,RAM
83,15,39,SSD
83,15,116,SSD
83,15,238,RAM
83,15,158,RAM
83,15,110,SSD
83,15,249,RAM
83,16,96,SSD
83,16,181,SSD
83,16,119,SSD
83,16,231,SSD
83,16,169,RAM
83,16,54,SSD
83,16,188,SSD
83,16,13,SSD
83,17,8,RAM
83,17,104,SSD
83,17,60,RAM
83,17,238,RAM
83,17,166,RAM
83,17,69,RAM
83,17,132,SSD
83,17,187,SSD
83,18,232,RAM
83,18,117,RAM
83,18,159,SSD
83,18,205,RAM
83,18,77,RAM
83,18,16,SSD
83,18,212,RAM
83,18,17,SSD
83,19,225,SSD
83,19,108,SSD
83,19,137,RAM
83,19,4,RAM
83,19,59,RAM
83,19,248,RAM
83,19,146,SSD
83,19,124,RAM
83,20,41,RAM
83,20,212,RAM
83,20,224,RAM
83,20,151,RAM
83,20,165,RAM
83,20,4,RAM
83,20,57,RAM
83,20,234,RAM
83,21,166,RAM
83,21,151,SSD
83,21,207,RAM
83,21,61,SSD
83,21,148,SSD
83,21,243,RAM
83,21,103,RAM
83,21,5,SSD
83,22,46,SSD
83,22,68,SSD
83,22,205,RAM
83,22,236,RAM
83,22,116,RAM
83,22,228,SSD
83,22,66,SSD
83,22,31,SSD
83,23,64,SSD
83,23,170,SSD
83,23,195,SSD
83,23,93,SSD
83,23,27,SSD
83,23,134,RAM
83,23,203,SSD
83,23,107,RAM
83,24,9,RAM
83,24,222,SSD
83,24,138,SSD
83,24,2,RAM
83,24,251,SSD
83,24,191,SSD
83,24,42,RAM
83,24,139,SSD
83,25,174,RAM
83,25,28,RAM
83,25,164,SSD
83,25,29,RAM
83,25,228,RAM
83,25,22,SSD
83,25,151,RAM
83,25,208,RAM
83,26,96,RAM
83,26,67,RAM
83,26,213,SSD
83,26,58,RAM
83,26,138,RAM
83,26,215,SSD
83,26,83,SSD
83,26,180,SSD
83,27,206,RAM
83,27,3,RAM
83,27,249,RAM
83,27,110,SSD
83,27,158,RAM
83,27,13,SSD
83,27,116,SSD
83,27,26,SSD
83,28,96,SSD
83,28,188,SSD
83,28,33,SSD
83,28,181,SSD
83,28,71,RAM
83,28,195,RAM
83,28,169,RAM
83,28,31,RAM
83,29,104,SSD
83,29,229,SSD
83,29,204,RAM
83,29,60,RAM
83,29,132,SSD
83,29,141,SSD
83,29,66,RAM
83,29,166,SSD
83,30,117,RAM
83,30,159,SSD
83,30,232,RAM
83,30,190,SSD
83,30,188,SSD
83,30,73,SSD
83,30,204,RAM
83,30,118,RAM
83,31,225,SSD
83,31,137,RAM
83,31,248,RAM
83,31,135,RAM
83,31,228,RAM
83,31,252,SSD
83,31,151,RAM
83,31,124,SSD
83,32,254,RAM
83,32,59,RAM
83,32,156,RAM
83,32,42,SSD
83,32,224,SSD
83,32,48,SSD
83,32,102,SSD
83,32,21,SSD
83,33,18,SSD
83,33,121,SSD
83,33,143,RAM
83,33,81,RAM
83,33,107,SSD
83,33,156,SSD
83,33,205,SSD
83,33,224,SSD
83,34,217,SSD
83,34,175,SSD
83,34,220,SSD
83,34,252,RAM
83,34,49,SSD
83,34,196,RAM
83,34,208,SSD
83,34,67,SSD
83,35,167,RAM
83,35,94,SSD
83,35,2,SSD
83,35,5,SSD
83,35,202,RAM
83,35,85,SSD
83,35,235,RAM
83,35,61,SSD
83,36,158,RAM
83,36,67,SSD
83,36,246,SSD
83,36,255,SSD
83,36,248,RAM
83,36,152,SSD
83,36,195,SSD
83,36,203,RAM
83,37,43,SSD
83,37,64,RAM
83,37,135,SSD
83,37,60,SSD
83,37,161,SSD
83,37,103,RAM
83,37,153,SSD
83,37,22,SSD
83,38,163,SSD
83,38,201,SSD
83,38,127,RAM
83,38,234,SSD
83,38,30,SSD
83,38,124,SSD
83,38,9,SSD
83,38,34,SSD
83,39,138,SSD
83,39,1,SSD
83,39,246,SSD
83,39,92,SSD
83,39,215,SSD
83,39,250,SSD
83,39,203,SSD
83,39,116,SSD
84,0,172,SSD
84,0,111,SSD
84,0,234,SSD
84,0,92,SSD
84,0,63,SSD
84,0,121,SSD
84,0,188,SSD
84,0,186,SSD
84,1,85,SSD
84,1,255,SSD
84,1,198,SSD
84,1,211,SSD
84,1,234,SSD
84,1,215,SSD
84,1,165,SSD
84,1,161,SSD
84,2,117,RAM
84,2,110,SSD
84,2,134,SSD
84,2,92,SSD
84,2,234,SSD
84,2,150,SSD
84,2,23,SSD
84,2,217,RAM
84,3,92,RAM
84,3,202,RAM
84,3,30,SSD
84,3,116,SSD
84,3,177,SSD
84,3,214,SSD
84,3,166,SSD
84,3,17,SSD
84,4,54,RAM
84,4,71,SSD
84,4,94,SSD
84,4,228,SSD
84,4,121,RAM
84,4,74,RAM
84,4,12,SSD
84,4,152,SSD
84,5,27,SSD
84,5,178,RAM
84,5,161,RAM
84,5,194,SSD
84,5,249,RAM
84,5,114,SSD
84,5,183,SSD
84,5,10,RAM
84,6,55,RAM
84,6,235,SSD
84,6,90,RAM
84,6,166,RAM
84,6,61,SSD
84,6,246,RAM
84,6,183,RAM
84,6,154,SSD
84,7,181,SSD
84,7,132,RAM
84,7,199,RAM
84,7,109,RAM
84,7,101,RAM
84,7,187,SSD
84,7,24,RAM
84,7,32,SSD
84,8,41,RAM
84,8,164,RAM
84,8,224,RAM
84,8,212,RAM
84,8,151,RAM
84,8,173,SSD
84,8,103,SSD
84,8,57,SSD
84,9,120,SSD
84,9,178,SSD
84,9,96,RAM
84,9,151,RAM
84,9,166,RAM
84,9,61,SSD
84,9,207,SSD
84,9,98,RAM
84,10,5,SSD
84,10,46,RAM
84,10,9,SSD
84,10,218,SSD
84,10,63,SSD
84,10,171,RAM
84,10,161,RAM
84,10,62,RAM
84,11,195,RAM
84,11,247,SSD
84,11,114,SSD
84,11,153,SSD
84,11,170,SSD
84,11,203,SSD
84,11,101,RAM
84,11,93,RAM
84,12,43,SSD
84,12,138,RAM
84,12,178,SSD
84,12,222,SSD
84,12,9,RAM
84,12,191,RAM
84,12,154,RAM
84,12,116,RAM
84,13,116,RAM
84,13,174,RAM
84,13,38,SSD
84,13,28,RAM
84,13,29,RAM
84,13,168,RAM
84,13,228,RAM
84,13,22,RAM
84,14,189,RAM
84,14,58,RAM
84,14,67,RAM
84,14,138,RAM
84,14,44,RAM
84,14,18,SSD
84,14,83,RAM
84,14,96,SSD
84,15,206,RAM
84,15,39,RAM
84,15,16,SSD
84,15,3,RAM
84,15,249,RAM
84,15,238,RAM
84,15,158,RAM
84,15,5,SSD
84,16,13,RAM
84,16,54,RAM
84,16,33,SSD
84,16,195,RAM
84,16,169,RAM
84,16,181,RAM
84,16,96,RAM
84,16,231,RAM
84,17,8,RAM
84,17,238,RAM
84,17,236,SSD
84,17,218,SSD
84,17,69,RAM
84,17,66,RAM
84,17,132,RAM
84,17,60,RAM
84,18,117,RAM
84,18,232,RAM
84,18,69,SSD
84,18,73,SSD
84,18,77,RAM
84,18,212,RAM
84,18,48,RAM
84,18,221,SSD
84,19,248,RAM
84,19,108,RAM
84,19,135,RAM
84,19,137,RAM
84,19,59,RAM
84,19,151,SSD
84,19,230,SSD
84,19,146,RAM
84,20,41,RAM
84,20,224,RAM
84,20,151,RAM
84,20,65,SSD
84,20,57,RAM
84,20,165,RAM
84,20,184,SSD
84,20,212,RAM
84,21,166,RAM
84,21,103,RAM
84,21,207,RAM
84,21,96,SSD
84,21,178,SSD
84,21,243,RAM
84,21,22,RAM
84,21,61,RAM
84,22,62,SSD
84,22,9,SSD
84,22,218,SSD
84,22,5,SSD
84,22,205,RAM
84,22,236,RAM
84,22,202,RAM
84,22,232,RAM
84,23,134,RAM
84,23,170,RAM
84,23,153,SSD
84,23,195,RAM
84,23,247,SSD
84,23,101,SSD
84,23,114,SSD
84,23,2,SSD
84,24,9,RAM
84,24,42,RAM
84,24,222,RAM
84,24,2,RAM
84,24,178,SSD
84,24,147,SSD
84,24,116,RAM
84,24,139,RAM
84,25,174,RAM
84,25,116,SSD
84,25,228,RAM
84,25,29,RAM
84,25,151,RAM
84,25,28,RAM
84,25,208,RAM
84,25,38,SSD
84,26,67,RAM
84,26,58,RAM
84,26,96,RAM
84,26,73,RAM
84,26,189,RAM
84,26,72,SSD
84,26,84,SSD
84,26,35,SSD
84,27,206,RAM
84,27,249,RAM
84,27,16,SSD
84,27,3,RAM
84,27,158,RAM
84,27,146,SSD
84,27,248,SSD
84,27,139,SSD
84,28,54,SSD
84,28,33,RAM
84,28,116,RAM
84,28,231,SSD
84,28,169,RAM
84,28,195,RAM
84,28,71,RAM
84,28,96,RAM
84,29,204,RAM
84,29,236,SSD
84,29,66,RAM
84,29,218,SSD
84,29,151,RAM
84,29,130,SSD
84,29,69,RAM
84,29,103,SSD
84,30,117,RAM
84,30,69,SSD
84,30,64,RAM
84,30,71,SSD
84,30,73,RAM
84,30,232,RAM
84,30,159,RAM
84,30,221,SSD
84,31,248,RAM
84,31,137,RAM
84,31,135,RAM
84,31,228,RAM
84,31,151,RAM
84,31,233,SSD
84,31,240,SSD
84,31,27,SSD
84,32,59,RAM
84,32,96,RAM
84,32,195,SSD
84,32,156,RAM
84,32,199,SSD
84,32,186,RAM
84,32,247,RAM
84,32,194,SSD
84,33,81,RAM
84,33,75,SSD
84,33,97,SSD
84,33,37,SSD
84,33,244,SSD
84,33,6,SSD
84,33,94,SSD
84,33,198,SSD
84,34,101,RAM
84,34,212,SSD
84,34,54,SSD
84,34,19,SSD
84,34,196,RAM
84,34,187,SSD
84,34,255,SSD
84,34,21,SSD
84,35,167,RAM
84,35,202,RAM
84,35,212,SSD
84,35,196,SSD
84,35,206,SSD
84,35,49,SSD
84,35,29,SSD
84,35,35,SSD
84,36,158,RAM
84,36,8,SSD
84,36,0,SSD
84,36,203,RAM
84,36,119,RAM
84,36,234,SSD
84,36,34,SSD
84,36,98,RAM
84,37,64,RAM
84,37,103,RAM
84,37,84,SSD
84,37,75,RAM
84,37,250,SSD
84,37,93,SSD
84,37,220,SSD
84,37,90,SSD
84,38,22,SSD
84,38,127,RAM
84,38,59,SSD
84,38,94,SSD
84,38,252,RAM
84,38,222,SSD
84,38,34,RAM
84,38,55,SSD
84,39,68,SSD
84,39,16,SSD
84,39,23,SSD
84,39,241,SSD
84,39,145,SSD
84,39,128,RAM
84,39,30,SSD
84,39,34,SSD
85,0,181,SSD
85,0,82,SSD
85,0,251,SSD
85,0,107,SSD
85,0,255,SSD
85,0,246,SSD
85,0,83,SSD
85,0,39,SSD
85,1,134,SSD
85,1,92,SSD
85,1,135,SSD
85,1,89,SSD
85,1,45,SSD
85,1,222,SSD
85,1,9,SSD
85,1,183,SSD
85,2,159,SSD
85,2,56,SSD
85,2,84,SSD
85,2,248,SSD
85,2,101,SSD
85,2,238,RAM
85,2,156,SSD
85,2,28,SSD
85,3,105,SSD
85,3,14,SSD
85,3,227,SSD
85,3,89,SSD
85,3,162,SSD
85,3,41,RAM
85,3,189,SSD
85,3,134,SSD
85,4,20,SSD
85,4,254,RAM
85,4,172,SSD
85,4,37,SSD
85,4,121,RAM
85,4,19,SSD
85,4,227,SSD
85,4,156,SSD
85,5,174,SSD
85,5,18,SSD
85,5,194,RAM
85,5,27,RAM
85,5,159,RAM
85,5,134,SSD
85,5,210,RAM
85,5,56,SSD
85,6,154,RAM
85,6,90,RAM
85,6,144,RAM
85,6,55,RAM
85,6,164,RAM
85,6,89,SSD
85,6,194,SSD
85,6,102,RAM
85,7,132,RAM
85,7,24,RAM
85,7,195,RAM
85,7,203,RAM
85,7,187,RAM
85,7,140,SSD
85,7,148,SSD
85,7,111,RAM
85,8,41,RAM
85,8,224,RAM
85,8,151,RAM
85,8,165,RAM
85,8,65,SSD
85,8,42,SSD
85,8,11,SSD
85,8,184,SSD
85,9,166,RAM
85,9,243,RAM
85,9,120,RAM
85,9,96,RAM
85,9,103,RAM
85,9,61,RAM
85,9,220,SSD
85,9,217,RAM
85,10,68,RAM
85,10,5,RAM
85,10,228,RAM
85,10,205,RAM
85,10,191,SSD
85,10,116,RAM
85,10,223,SSD
85,10,76,SSD
85,11,64,RAM
85,11,181,RAM
85,11,134,RAM
85,11,170,RAM
85,11,40,SSD
85,11,210,SSD
85,11,215,SSD
85,11,132,SSD
85,12,9,RAM
85,12,42,RAM
85,12,43,RAM
85,12,2,RAM
85,12,116,RAM
85,12,106,SSD
85,12,178,RAM
85,12,139,SSD
85,13,174,RAM
85,13,164,RAM
85,13,228,RAM
85,13,151,RAM
85,13,116,RAM
85,13,208,RAM
85,13,40,SSD
85,13,31,RAM
85,14,189,RAM
85,14,58,RAM
85,14,201,RAM
85,14,67,RAM
85,14,84,SSD
85,14,77,SSD
85,14,44,RAM
85,14,134,RAM
85,15,206,RAM
85,15,249,RAM
85,15,145,RAM
85,15,134,SSD
85,15,238,RAM
85,15,151,RAM
85,15,122,RAM
85,15,3,RAM
85,16,169,RAM
85,16,195,RAM
85,16,54,RAM
85,16,31,SSD
85,16,26,SSD
85,16,74,SSD
85,16,33,RAM
85,16,191,SSD
85,17,204,RAM
85,17,26,SSD
85,17,8,RAM
85,17,238,RAM
85,17,69,RAM
85,17,60,RAM
85,17,66,RAM
85,17,28,SSD
85,18,117,RAM
85,18,45,RAM
85,18,232,RAM
85,18,55,SSD
85,18,64,SSD
85,18,26,SSD
85,18,212,RAM
85,18,48,RAM
85,19,248,RAM
85,19,151,RAM
85,19,135,RAM
85,19,157,RAM
85,19,59,RAM
85,19,96,SSD
85,19,237,SSD
85,19,190,SSD
85,20,41,RAM
85,20,184,RAM
85,20,247,SSD
85,20,165,RAM
85,20,151,RAM
85,20,224,RAM
85,20,57,RAM
85,20,3,SSD
85,21,103,RAM
85,21,166,RAM
85,21,22,RAM
85,21,243,RAM
85,21,217,SSD
85,21,148,RAM
85,21,5,RAM
85,21,238,SSD
85,22,68,RAM
85,22,232,RAM
85,22,207,RAM
85,22,5,RAM
85,22,76,SSD
85,22,228,RAM
85,22,62,RAM
85,22,202,RAM
85,23,64,RAM
85,23,134,RAM
85,23,80,SSD
85,23,202,SSD
85,23,8,SSD
85,23,2,RAM
85,23,54,SSD
85,23,210,SSD
85,24,9,RAM
85,24,42,RAM
85,24,147,RAM
85,24,178,RAM
85,24,106,SSD
85,24,222,RAM
85,24,116,RAM
85,24,43,SSD
85,25,174,RAM
85,25,164,RAM
85,25,228,RAM
85,25,116,RAM
85,25,151,RAM
85,25,140,SSD
85,25,148,SSD
85,25,31,SSD
85,26,110,SSD
85,26,58,RAM
85,26,73,RAM
85,26,67,RAM
85,26,252,RAM
85,26,26,SSD
85,26,238,SSD
85,26,239,SSD
85,27,206,RAM
85,27,249,RAM
85,27,16,RAM
85,27,101,SSD
85,27,54,SSD
85,27,146,RAM
85,27,158,RAM
85,27,241,SSD
85,28,169,RAM
85,28,116,RAM
85,28,149,SSD
85,28,33,RAM
85,28,186,SSD
85,28,146,SSD
85,28,195,RAM
85,28,185,SSD
85,29,204,RAM
85,29,26,SSD
85,29,151,RAM
85,29,65,SSD
85,29,69,RAM
85,29,66,RAM
85,29,130,RAM
85,29,28,SSD
85,30,117,RAM
85,30,55,SSD
85,30,45,SSD
85,30,64,RAM
85,30,159,RAM
85,30,97,SSD
85,30,11,SSD
85,30,71,RAM
85,31,248,RAM
85,31,237,SSD
85,31,137,RAM
85,31,240,RAM
85,31,135,RAM
85,31,233,RAM
85,31,95,SSD
85,31,151,RAM
85,32,224,RAM
85,32,42,RAM
85,32,199,RAM
85,32,59,RAM
85,32,206,SSD
85,32,197,SSD
85,32,7,SSD
85,32,210,SSD
85,33,81,RAM
85,33,179,SSD
85,33,201,SSD
85,33,156,RAM
85,33,217,SSD
85,33,105,SSD
85,33,170,SSD
85,33,40,SSD
85,34,217,RAM
85,34,49,RAM
85,34,196,RAM
85,34,213,SSD
85,34,141,SSD
85,34,202,SSD
85,34,58,SSD
85,34,247,SSD
85,35,224,SSD
85,35,167,RAM
85,35,202,RAM
85,35,244,SSD
85,35,210,SSD
85,35,214,SSD
85,35,196,RAM
85,35,130,SSD
85,36,158,RAM
85,36,255,RAM
85,36,24,SSD
85,36,203,RAM
85,36,129,SSD
85,36,118,RAM
85,36,239,SSD
85,36,57,SSD
85,37,64,RAM
85,37,50,SSD
85,37,103,RAM
85,37,75,RAM
85,37,14,SSD
85,37,158,SSD
85,37,55,SSD
85,37,86,SSD
85,38,146,SSD
85,38,127,RAM
85,38,79,SSD
85,38,34,RAM
85,38,94,RAM
85,38,209,RAM
85,38,21,SSD
85,38,59,RAM
85,39,85,SSD
85,39,177,SSD
85,39,13,SSD
85,39,10,SSD
85,39,34,RAM
85,39,203,RAM
85,39,116,RAM
85,39,30,RAM
86,0,70,SSD
86,0,24,SSD
86,0,62,SSD
86,0,211,SSD
86,0,109,SSD
86,0,231,SSD
86,0,192,SSD
86,0,139,SSD
86,1,226,SSD
86,1,236,SSD
86,1,22,SSD
86,1,85,RAM
86,1,238,SSD
86,1,61,SSD
86,1,204,SSD
86,1,14,SSD
86,2,3,SSD
86,2,58,SSD
86,2,221,SSD
86,2,77,SSD
86,2,159,RAM
86,2,193,SSD
86,2,84,RAM
86,2,33,SSD
86,3,167,SSD
86,3,243,SSD
86,3,251,SSD
86,3,89,RAM
86,3,32,SSD
86,3,54,SSD
86,3,147,SSD
86,3,42,SSD
86,4,121,RAM
86,4,243,SSD
86,4,175,SSD
86,4,132,SSD
86,4,110,SSD
86,4,173,SSD
86,4,197,SSD
86,4,75,SSD
86,5,164,SSD
86,5,210,RAM
86,5,24,SSD
86,5,122,SSD
86,5,120,SSD
86,5,228,SSD
86,5,222,SSD
86,5,163,SSD
86,6,102,RAM
86,6,149,SSD
86,6,76,SSD
86,6,128,SSD
86,6,154,RAM
86,6,185,SSD
86,6,152,SSD
86,6,209,SSD
86,7,24,RAM
86,7,38,SSD
86,7,132,RAM
86,7,96,SSD
86,7,203,RAM
86,7,110,SSD
86,7,182,SSD
86,7,148,RAM
86,8,41,RAM
86,8,224,RAM
86,8,151,RAM
86,8,165,RAM
86,8,1,SSD
86,8,63,SSD
86,8,66,SSD
86,8,121,SSD
86,9,166,RAM
86,9,243,RAM
86,9,61,RAM
86,9,134,SSD
86,9,103,RAM
86,9,3,SSD
86,9,117,SSD
86,9,58,SSD
86,10,116,RAM
86,10,242,SSD
86,10,5,RAM
86,10,205,RAM
86,10,92,SSD
86,10,191,RAM
86,10,228,RAM
86,10,146,SSD
86,11,93,RAM
86,11,218,SSD
86,11,134,RAM
86,11,141,SSD
86,11,154,SSD
86,11,231,SSD
86,11,85,SSD
86,11,132,RAM
86,12,208,SSD
86,12,9,RAM
86,12,84,SSD
86,12,42,RAM
86,12,2,RAM
86,12,222,RAM
86,12,3,RAM
86,12,50,SSD
86,13,174,RAM
86,13,19,SSD
86,13,185,SSD
86,13,219,SSD
86,13,228,RAM
86,13,151,RAM
86,13,79,SSD
86,13,95,RAM
86,14,189,RAM
86,14,67,RAM
86,14,138,RAM
86,14,110,SSD
86,14,44,RAM
86,14,58,RAM
86,14,201,RAM
86,14,252,RAM
86,15,206,RAM
86,15,238,RAM
86,15,94,SSD
86,15,134,RAM
86,15,16,RAM
86,15,55,SSD
86,15,145,RAM
86,15,3,RAM
86,16,169,RAM
86,16,53,SSD
86,16,190,SSD
86,16,59,SSD
86,16,102,SSD
86,16,72,SSD
86,16,161,SSD
86,16,54,RAM
86,17,214,SSD
86,17,8,RAM
86,17,204,RAM
86,17,60,RAM
86,17,69,RAM
86,17,62,SSD
86,17,47,SSD
86,17,238,RAM
86,18,117,RAM
86,18,55,RAM
86,18,232,RAM
86,18,35,SSD
86,18,90,SSD
86,18,45,RAM
86,18,127,SSD
86,18,118,SSD
86,19,199,SSD
86,19,137,RAM
86,19,248,RAM
86,19,59,RAM
86,19,85,SSD
86,19,124,RAM
86,19,144,SSD
86,19,157,RAM
86,20,41,RAM
86,20,224,RAM
86,20,151,RAM
86,20,184,RAM
86,20,165,RAM
86,20,145,SSD
86,20,203,SSD
86,20,159,SSD
86,21,166,RAM
86,21,243,RAM
86,21,103,RAM
86,21,61,RAM
86,21,207,RAM
86,21,214,SSD
86,21,98,SSD
86,21,115,SSD
86,22,205,RAM
86,22,242,SSD
86,22,76,RAM
86,22,191,SSD
86,22,24,SSD
86,22,5,RAM
86,22,92,SSD
86,22,116,RAM
86,23,93,RAM
86,23,154,SSD
86,23,134,RAM
86,23,218,SSD
86,23,132,SSD
86,23,164,SSD
86,23,40,SSD
86,23,170,RAM
86,24,84,SSD
86,24,9,RAM
86,24,43,RAM
86,24,42,RAM
86,24,2,RAM
86,24,11,SSD
86,24,222,RAM
86,24,147,RAM
86,25,174,RAM
86,25,228,RAM
86,25,116,RAM
86,25,230,SSD
86,25,234,SSD
86,25,19,SSD
86,25,140,RAM
86,25,28,RAM
86,26,110,RAM
86,26,67,RAM
86,26,58,RAM
86,26,189,RAM
86,26,73,RAM
86,26,96,RAM
86,26,215,RAM
86,26,213,RAM
86,27,206,RAM
86,27,16,RAM
86,27,249,RAM
86,27,146,RAM
86,27,3,RAM
86,27,13,RAM
86,27,54,RAM
86,27,158,RAM
86,28,161,SSD
86,28,169,RAM
86,28,116,RAM
86,28,33,RAM
86,28,181,RAM
86,28,31,RAM
86,28,195,RAM
86,28,26,SSD
86,29,214,SSD
86,29,204,RAM
86,29,69,RAM
86,29,66,RAM
86,29,151,RAM
86,29,28,RAM
86,29,132,RAM
86,29,141,RAM
86,30,117,RAM
86,30,71,RAM
86,30,232,RAM
86,30,103,SSD
86,30,251,SSD
86,30,64,RAM
86,30,204,RAM
86,30,35,SSD
86,31,248,RAM
86,31,228,RAM
86,31,199,SSD
86,31,135,RAM
86,31,137,RAM
86,31,91,SSD
86,31,240,RAM
86,31,111,SSD
86,32,59,RAM
86,32,123,SSD
86,32,64,SSD
86,32,156,RAM
86,32,159,SSD
86,32,48,RAM
86,32,18,SSD
86,32,247,RAM
86,33,107,RAM
86,33,95,SSD
86,33,244,RAM
86,33,139,SSD
86,33,151,SSD
86,33,81,RAM
86,33,58,SSD
86,33,6,RAM
86,34,56,SSD
86,34,252,RAM
86,34,240,RAM
86,34,21,RAM
86,34,202,RAM
86,34,94,SSD
86,34,220,RAM
86,34,211,SSD
86,35,167,RAM
86,35,218,RAM
86,35,61,RAM
86,35,196,RAM
86,35,202,RAM
86,35,94,RAM
86,35,183,SSD
86,35,114,SSD
86,36,248,RAM
86,36,152,RAM
86,36,158,RAM
86,36,246,RAM
86,36,142,RAM
86,36,203,RAM
86,36,211,SSD
86,36,195,RAM
86,37,64,RAM
86,37,161,RAM
86,37,135,RAM
86,37,67,SSD
86,37,60,RAM
86,37,103,RAM
86,37,75,RAM
86,37,143,RAM
86,38,9,RAM
86,38,234,RAM
86,38,30,RAM
86,38,127,RAM
86,38,34,RAM
86,38,119,SSD
86,38,189,SSD
86,38,66,SSD
86,39,165,SSD
86,39,92,RAM
86,39,250,RAM
86,39,246,RAM
86,39,1,RAM
86,39,203,RAM
86,39,122,SSD
86,39,17,SSD
87,0,233,SSD
87,0,117,SSD
87,0,226,SSD
87,0,171,SSD
87,0,80,SSD
87,0,100,SSD
87,0,90,SSD
87,0,221,SSD
87,1,57,SSD
87,1,43,SSD
87,1,120,SSD
87,1,171,SSD
87,1,66,SSD
87,1,110,SSD
87,1,92,RAM
87,1,13,SSD
87,2,212,SSD
87,2,159,RAM
87,2,102,SSD
87,2,15,SSD
87,2,196,SSD
87,2,169,SSD
87,2,14,SSD
87,2,31,SSD
87,3,255,SSD
87,3,171,SSD
87,3,14,RAM
87,3,70,SSD
87,3,89,RAM
87,3,100,SSD
87,3,254,SSD
87,3,217,RAM
87,4,254,RAM
87,4,37,RAM
87,4,119,SSD
87,4,20,RAM
87,4,172,RAM
87,4,71,RAM
87,4,120,SSD
87,4,182,SSD
87,5,194,RAM
87,5,27,RAM
87,5,18,RAM
87,5,76,SSD
87,5,80,SSD
87,5,221,SSD
87,5,144,SSD
87,5,24,RAM
87,6,55,RAM
87,6,154,RAM
87,6,235,RAM
87,6,90,RAM
87,6,128,RAM
87,6,102,RAM
87,6,7,SSD
87,6,149,RAM
87,7,132,RAM
87,7,181,RAM
87,7,56,SSD
87,7,24,RAM
87,7,187,RAM
87,7,111,RAM
87,7,239,SSD
87,7,140,RAM
87,8,41,RAM
87,8,224,RAM
87,8,151,RAM
87,8,184,RAM
87,8,165,RAM
87,8,42,RAM
87,8,117,SSD
87,8,65,RAM
87,9,166,RAM
87,9,243,RAM
87,9,120,RAM
87,9,178,RAM
87,9,61,RAM
87,9,201,SSD
87,9,117,RAM
87,9,96,RAM
87,10,24,SSD
87,10,5,RAM
87,10,218,RAM
87,10,205,RAM
87,10,240,SSD
87,10,76,RAM
87,10,116,RAM
87,10,0,SSD
87,11,247,RAM
87,11,134,RAM
87,11,170,RAM
87,11,210,RAM
87,11,40,RAM
87,11,101,RAM
87,11,102,SSD
87,11,214,SSD
87,12,43,RAM
87,12,9,RAM
87,12,42,RAM
87,12,178,RAM
87,12,154,RAM
87,12,84,RAM
87,12,222,RAM
87,12,2,RAM
87,13,174,RAM
87,13,116,RAM
87,13,228,RAM
87,13,151,RAM
87,13,38,RAM
87,13,185,RAM
87,13,208,RAM
87,13,31,RAM
87,14,189,RAM
87,14,58,RAM
87,14,67,RAM
87,14,44,RAM
87,14,201,RAM
87,14,138,RAM
87,14,110,RAM
87,14,239,SSD
87,15,206,RAM
87,15,16,RAM
87,15,249,RAM
87,15,39,RAM
87,15,151,RAM
87,15,3,RAM
87,15,238,RAM
87,15,122,RAM
87,16,13,RAM
87,16,169,RAM
87,16,54,RAM
87,16,195,RAM
87,16,33,RAM
87,16,31,RAM
87,16,181,RAM
87,16,146,SSD
87,17,8,RAM
87,17,238,RAM
87,17,218,RAM
87,17,69,RAM
87,17,66,RAM
87,17,28,RAM
87,17,236,RAM
87,17,60,RAM
87,18,117,RAM
87,18,232,RAM
87,18,45,RAM
87,18,35,RAM
87,18,141,SSD
87,18,135,SSD
87,18,64,RAM
87,18,77,RAM
87,19,248,RAM
87,19,199,RAM
87,19,135,RAM
87,19,108,RAM
87,19,59,RAM
87,19,230,RAM
87,19,96,RAM
87,19,51,SSD
87,20,41,RAM
87,20,57,RAM
87,20,184,RAM
87,20,165,RAM
87,20,224,RAM
87,20,65,RAM
87,20,151,RAM
87,20,247,RAM
87,21,103,RAM
87,21,166,RAM
87,21,214,RAM
87,21,243,RAM
87,21,22,RAM
87,21,207,RAM
87,21,215,SSD
87,21,5,RAM
87,22,24,RAM
87,22,232,RAM
87,22,76,RAM
87,22,236,RAM
87,22,5,RAM
87,22,218,RAM
87,22,108,SSD
87,22,7,SSD
87,23,134,RAM
87,23,101,RAM
87,23,210,RAM
87,23,170,RAM
87,23,2,RAM
87,23,247,RAM
87,23,10,SSD
87,23,114,RAM
87,24,42,RAM
87,24,9,RAM
87,24,43,RAM
87,24,178,RAM
87,24,222,RAM
87,24,60,SSD
87,24,2,RAM
87,24,116,RAM
87,25,174,RAM
87,25,228,RAM
87,25,116,RAM
87,25,151,RAM
87,25,28,RAM
87,25,199,SSD
87,25,29,RAM
87,25,38,RAM
87,26,67,RAM
87,26,58,RAM
87,26,110,RAM
87,26,189,RAM
87,26,73,RAM
87,26,96,RAM
87,26,239,RAM
87,26,252,RAM
87,27,206,RAM
87,27,16,RAM
87,27,249,RAM
87,27,151,SSD
87,27,203,SSD
87,27,3,RAM
87,27,54,RAM
87,27,70,SSD
87,28,169,RAM
87,28,54,RAM
87,28,116,RAM
87,28,231,RAM
87,28,33,RAM
87,28,161,RAM
87,28,195,RAM
87,28,146,RAM
87,29,204,RAM
87,29,69,RAM
87,29,218,RAM
87,29,28,RAM
87,29,66,RAM
87,29,151,RAM
87,29,236,RAM
87,29,103,RAM
87,30,117,RAM
87,30,71,RAM
87,30,221,RAM
87,30,64,RAM
87,30,232,RAM
87,30,35,RAM
87,30,103,RAM
87,30,26,SSD
87,31,248,RAM
87,31,199,RAM
87,31,135,RAM
87,31,228,RAM
87,31,137,RAM
87,31,240,RAM
87,31,91,RAM
87,31,27,RAM
87,32,59,RAM
87,32,89,SSD
87,32,64,RAM
87,32,221,SSD
87,32,156,RAM
87,32,17,SSD
87,32,159,RAM
87,32,247,RAM
87,33,105,RAM
87,33,244,RAM
87,33,107,RAM
87,33,81,RAM
87,33,58,RAM
87,33,121,RAM
87,33,96,SSD
87,33,151,RAM
87,34,56,RAM
87,34,252,RAM
87,34,81,SSD
87,34,21,RAM
87,34,208,RAM
87,34,220,RAM
87,34,202,RAM
87,34,95,SSD
87,35,167,RAM
87,35,132,SSD
87,35,218,RAM
87,35,202,RAM
87,35,61,RAM
87,35,183,RAM
87,35,94,RAM
87,35,212,RAM
87,36,158,RAM
87,36,248,RAM
87,36,152,RAM
87,36,246,RAM
87,36,253,SSD
87,36,203,RAM
87,36,195,RAM
87,36,118,RAM
87,37,64,RAM
87,37,161,RAM
87,37,135,RAM
87,37,67,RAM
87,37,60,RAM
87,37,158,RAM
87,37,153,RAM
87,37,103,RAM
87,38,9,RAM
87,38,234,RAM
87,38,30,RAM
87,38,127,RAM
87,38,201,RAM
87,38,34,RAM
87,38,101,SSD
87,38,32,SSD
87,39,246,RAM
87,39,1,RAM
87,39,250,RAM
87,39,92,RAM
87,39,248,SSD
87,39,203,RAM
87,39,125,SSD
87,39,114,SSD
88,0,234,RAM
88,0,92,RAM
88,0,144,SSD
88,0,186,RAM
88,0,210,SSD
88,0,62,RAM
88,0,155,SSD
88,0,188,RAM
88,1,198,RAM
88,1,90,SSD
88,1,14,RAM
88,1,72,SSD
88,1,182,SSD
88,1,77,SSD
88,1,95,SSD
88,1,195,SSD
88,2,92,RAM
88,2,150,RAM
88,2,86,SSD
88,2,230,SSD
88,2,212,RAM
88,2,159,RAM
88,2,110,RAM
88,2,33,RAM
88,3,54,RAM
88,3,155,SSD
88,3,177,RAM
88,3,251,RAM
88,3,201,SSD
88,3,243,RAM
88,3,22,SSD
88,3,23,SSD
88,4,121,RAM
88,4,94,RAM
88,4,158,SSD
88,4,152,RAM
88,4,71,RAM
88,4,110,RAM
88,4,112,SSD
88,4,98,SSD
88,5,115,SSD
88,5,2,SSD
88,5,136,SSD
88,5,210,RAM
88,5,23,SSD
88,5,164,RAM
88,5,18,RAM
88,5,123,SSD
88,6,92,SSD
88,6,154,RAM
88,6,200,SSD
88,6,125,SSD
88,6,235,RAM
88,6,102,RAM
88,6,55,RAM
88,6,185,RAM
88,7,243,SSD
88,7,132,RAM
88,7,181,RAM
88,7,24,RAM
88,7,187,RAM
88,7,246,SSD
88,7,111,RAM
88,7,179,SSD
88,8,41,RAM
88,8,224,RAM
88,8,247,SSD
88,8,151,RAM
88,8,1,RAM
88,8,165,RAM
88,8,159,SSD
88,8,184,RAM
88,9,166,RAM
88,9,103,RAM
88,9,101,SSD
88,9,21,SSD
88,9,134,RAM
88,9,226,SSD
88,9,81,SSD
88,9,220,RAM
88,10,9,RAM
88,10,202,SSD
88,10,207,SSD
88,10,232,SSD
88,10,5,RAM
88,10,186,SSD
88,10,245,SSD
88,10,45,SSD
88,11,153,RAM
88,11,202,SSD
88,11,134,RAM
88,11,97,SSD
88,11,101,RAM
88,11,145,SSD
88,11,137,SSD
88,11,8,SSD
88,12,9,RAM
88,12,42,RAM
88,12,178,RAM
88,12,179,SSD
88,12,31,SSD
88,12,222,RAM
88,12,244,SSD
88,12,95,SSD
88,13,174,RAM
88,13,185,RAM
88,13,228,RAM
88,13,151,RAM
88,13,31,RAM
88,13,40,RAM
88,13,116,RAM
88,13,140,SSD
88,14,189,RAM
88,14,58,RAM
88,14,201,RAM
88,14,77,RAM
88,14,84,RAM
88,14,67,RAM
88,14,110,RAM
88,14,134,RAM
88,15,248,SSD
88,15,206,RAM
88,15,123,SSD
88,15,249,RAM
88,15,145,RAM
88,15,16,RAM
88,15,122,RAM
88,15,151,RAM
88,16,169,RAM
88,16,230,SSD
88,16,195,RAM
88,16,54,RAM
88,16,4,SSD
88,16,13,RAM
88,16,31,RAM
88,16,146,RAM
88,17,236,RAM
88,17,66,RAM
88,17,28,RAM
88,17,151,SSD
88,17,218,RAM
88,17,204,RAM
88,17,142,SSD
88,17,8,RAM
88,18,117,RAM
88,18,69,RAM
88,18,45,RAM
88,18,35,RAM
88,18,232,RAM
88,18,39,SSD
88,18,141,RAM
88,18,212,RAM
88,19,248,RAM
88,19,60,SSD
88,19,190,RAM
88,19,51,RAM
88,19,135,RAM
88,19,157,RAM
88,19,151,RAM
88,19,27,SSD
88,20,41,RAM
88,20,57,RAM
88,20,242,SSD
88,20,151,RAM
88,20,165,RAM
88,20,247,RAM
88,20,159,RAM
88,20,224,RAM
88,21,166,RAM
88,21,103,RAM
88,21,214,RAM
88,21,243,RAM
88,21,22,RAM
88,21,120,SSD
88,21,215,RAM
88,21,226,SSD
88,22,9,RAM
88,22,0,SSD
88,22,76,RAM
88,22,207,RAM
88,22,232,RAM
88,22,202,RAM
88,22,140,SSD
88,22,101,SSD
88,23,153,RAM
88,23,134,RAM
88,23,15,SSD
88,23,202,RAM
88,23,145,SSD
88,23,130,SSD
88,23,137,SSD
88,23,8,RAM
88,24,9,RAM
88,24,42,RAM
88,24,106,RAM
88,24,2,RAM
88,24,178,RAM
88,24,31,SSD
88,24,139,RAM
88,24,111,SSD
88,25,174,RAM
88,25,228,RAM
88,25,151,RAM
88,25,199,RAM
88,25,155,SSD
88,25,208,RAM
88,25,116,RAM
88,25,200,SSD
88,26,189,RAM
88,26,58,RAM
88,26,252,RAM
88,26,73,RAM
88,26,239,RAM
88,26,67,RAM
88,26,84,RAM
88,26,110,RAM
88,27,206,RAM
88,27,248,RAM
88,27,249,RAM
88,27,16,RAM
88,27,151,RAM
88,27,158,RAM
88,27,233,SSD
88,27,192,SSD
88,28,169,RAM
88,28,230,SSD
88,28,54,RAM
88,28,146,RAM
88,28,26,RAM
88,28,144,SSD
88,28,185,RAM
88,28,116,RAM
88,29,204,RAM
88,29,236,RAM
88,29,151,RAM
88,29,65,RAM
88,29,28,RAM
88,29,66,RAM
88,29,69,RAM
88,29,102,SSD
88,30,117,RAM
88,30,69,RAM
88,30,45,RAM
88,30,64,RAM
88,30,97,RAM
88,30,10,SSD
88,30,221,RAM
88,30,26,RAM
88,31,248,RAM
88,31,51,SSD
88,31,135,RAM
88,31,240,RAM
88,31,60,SSD
88,31,27,RAM
88,31,96,SSD
88,31,233,RAM
88,32,64,RAM
88,32,195,RAM
88,32,59,RAM
88,32,194,RAM
88,32,86,SSD
88,32,146,SSD
88,32,199,RAM
88,32,31,SSD
88,33,37,RAM
88,33,97,RAM
88,33,189,SSD
88,33,94,RAM
88,33,102,SSD
88,33,81,RAM
88,33,181,SSD
88,33,49,SSD
88,34,90,SSD
88,34,212,RAM
88,34,255,RAM
88,34,187,RAM
88,34,54,RAM
88,34,19,RAM
88,34,188,SSD
88,34,21,RAM
88,35,49,RAM
88,35,44,SSD
88,35,167,RAM
88,35,212,RAM
88,35,214,RAM
88,35,202,RAM
88,35,244,RAM
88,35,35,RAM
88,36,234,RAM
88,36,158,RAM
88,36,8,RAM
88,36,0,RAM
88,36,203,RAM
88,36,34,RAM
88,36,129,RAM
88,36,118,RAM
88,37,145,SSD
88,37,64,RAM
88,37,75,RAM
88,37,84,RAM
88,37,227,SSD
88,37,103,RAM
88,37,147,SSD
88,37,57,SSD
88,38,22,RAM
88,38,139,SSD
88,38,127,RAM
88,38,128,SSD
88,38,34,RAM
88,38,79,RAM
88,38,84,SSD
88,38,196,SSD
88,39,68,RAM
88,39,16,RAM
88,39,23,RAM
88,39,241,RAM
88,39,224,SSD
88,39,145,RAM
88,39,146,SSD
88,39,203,RAM
89,0,181,RAM
89,0,82,RAM
89,0,107,RAM
89,0,251,RAM
89,0,255,RAM
89,0,39,RAM
89,0,246,RAM
89,0,245,SSD
89,1,40,SSD
89,1,183,RAM
89,1,209,SSD
89,1,96,SSD
89,1,222,RAM
89,1,220,SSD
89,1,67,SSD
89,1,12,SSD
89,2,44,SSD
89,2,2,SSD
89,2,12,SSD
89,2,9,SSD
89,2,209,SSD
89,2,191,SSD
89,2,203,SSD
89,2,165,SSD
89,3,111,SSD
89,3,200,SSD
89,3,192,SSD
89,3,76,SSD
89,3,2,SSD
89,3,162,RAM
89,3,217,RAM
89,3,114,SSD
89,4,123,SSD
89,4,156,RAM
89,4,121,RAM
89,4,145,SSD
89,4,216,SSD
89,4,229,SSD
89,4,62,SSD
89,4,191,SSD
89,5,174,RAM
89,5,19,SSD
89,5,250,SSD
89,5,123,RAM
89,5,23,RAM
89,5,2,RAM
89,5,210,RAM
89,5,80,RAM
89,6,92,RAM
89,6,49,SSD
89,6,194,RAM
89,6,200,RAM
89,6,125,RAM
89,6,154,RAM
89,6,84,SSD
89,6,149,RAM
89,7,132,RAM
89,7,195,RAM
89,7,24,RAM
89,7,243,RAM
89,7,90,SSD
89,7,187,RAM
89,7,167,SSD
89,7,151,SSD
89,8,41,RAM
89,8,247,RAM
89,8,184,RAM
89,8,151,RAM
89,8,159,RAM
89,8,224,RAM
89,8,165,RAM
89,8,68,SSD
89,9,166,RAM
89,9,120,RAM
89,9,103,RAM
89,9,22,SSD
89,9,5,SSD
89,9,243,RAM
89,9,81,RAM
89,9,101,RAM
89,10,68,RAM
89,10,202,RAM
89,10,226,SSD
89,10,232,RAM
89,10,76,RAM
89,10,207,RAM
89,10,63,RAM
89,10,3,SSD
89,11,64,RAM
89,11,145,RAM
89,11,134,RAM
89,11,202,RAM
89,11,149,SSD
89,11,130,SSD
89,11,194,SSD
89,11,54,SSD
89,12,42,RAM
89,12,9,RAM
89,12,106,RAM
89,12,210,SSD
89,12,83,SSD
89,12,130,SSD
89,12,2,RAM
89,12,244,RAM
89,13,174,RAM
89,13,164,RAM
89,13,228,RAM
89,13,230,SSD
89,13,148,SSD
89,13,151,RAM
89,13,185,RAM
89,13,31,RAM
89,14,189,RAM
89,14,201,RAM
89,14,58,RAM
89,14,134,RAM
89,14,67,RAM
89,14,84,RAM
89,14,77,RAM
89,14,248,SSD
89,15,206,RAM
89,15,249,RAM
89,15,145,RAM
89,15,151,RAM
89,15,122,RAM
89,15,238,RAM
89,15,127,SSD
89,15,158,RAM
89,16,169,RAM
89,16,54,RAM
89,16,195,RAM
89,16,149,SSD
89,16,13,RAM
89,16,116,SSD
89,16,31,RAM
89,16,26,RAM
89,17,26,RAM
89,17,28,RAM
89,17,204,RAM
89,17,66,RAM
89,17,100,SSD
89,17,244,SSD
89,17,69,RAM
89,17,65,SSD
89,18,45,RAM
89,18,117,RAM
89,18,55,RAM
89,18,64,RAM
89,18,69,RAM
89,18,232,RAM
89,18,141,RAM
89,18,63,SSD
89,19,248,RAM
89,19,51,RAM
89,19,96,RAM
89,19,151,RAM
89,19,237,RAM
89,19,190,RAM
89,19,135,RAM
89,19,230,RAM
89,20,41,RAM
89,20,165,RAM
89,20,57,RAM
89,20,247,RAM
89,20,151,RAM
89,20,224,RAM
89,20,112,SSD
89,20,184,RAM
89,21,103,RAM
89,21,243,RAM
89,21,166,RAM
89,21,214,RAM
89,21,22,RAM
89,21,206,SSD
89,21,107,SSD
89,21,19,SSD
89,22,68,RAM
89,22,76,RAM
89,22,229,SSD
89,22,232,RAM
89,22,108,RAM
89,22,121,SSD
89,22,140,RAM
89,22,245,SSD
89,23,64,RAM
89,23,134,RAM
89,23,194,SSD
89,23,145,RAM
89,23,40,RAM
89,23,181,SSD
89,23,51,SSD
89,23,162,SSD
89,24,42,RAM
89,24,9,RAM
89,24,210,SSD
89,24,60,RAM
89,24,106,RAM
89,24,196,SSD
89,24,181,SSD
89,24,2,RAM
89,25,174,RAM
89,25,164,RAM
89,25,228,RAM
89,25,151,RAM
89,25,148,RAM
89,25,137,SSD
89,25,200,RAM
89,25,116,RAM
89,26,189,RAM
89,26,110,RAM
89,26,239,RAM
89,26,58,RAM
89,26,201,SSD
89,26,67,RAM
89,26,12,SSD
89,26,84,RAM
89,27,206,RAM
89,27,127,SSD
89,27,233,RAM
89,27,54,RAM
89,27,241,RAM
89,27,151,RAM
89,27,8,SSD
89,27,145,SSD
89,28,169,RAM
89,28,146,RAM
89,28,185,RAM
89,28,149,RAM
89,28,191,SSD
89,28,116,RAM
89,28,26,RAM
89,28,144,RAM
89,29,26,RAM
89,29,204,RAM
89,29,28,RAM
89,29,69,RAM
89,29,65,RAM
89,29,66,RAM
89,29,151,RAM
89,29,100,SSD
89,30,55,RAM
89,30,117,RAM
89,30,45,RAM
89,30,69,RAM
89,30,94,SSD
89,30,221,RAM
89,30,190,RAM
89,30,64,RAM
89,31,248,RAM
89,31,237,RAM
89,31,27,RAM
89,31,135,RAM
89,31,240,RAM
89,31,96,RAM
89,31,113,SSD
89,31,173,SSD
89,32,64,RAM
89,32,224,RAM
89,32,206,RAM
89,32,59,RAM
89,32,31,RAM
89,32,197,RAM
89,32,40,SSD
89,32,7,RAM
89,33,179,RAM
89,33,201,RAM
89,33,156,RAM
89,33,81,RAM
89,33,217,RAM
89,33,245,SSD
89,33,91,SSD
89,33,69,SSD
89,34,217,RAM
89,34,49,RAM
89,34,211,RAM
89,34,213,RAM
89,34,188,RAM
89,34,90,RAM
89,34,196,RAM
89,34,29,SSD
89,35,224,RAM
89,35,167,RAM
89,35,214,RAM
89,35,244,RAM
89,35,212,RAM
89,35,202,RAM
89,35,35,RAM
89,35,229,SSD
89,36,255,RAM
89,36,158,RAM
89,36,24,RAM
89,36,129,RAM
89,36,239,RAM
89,36,203,RAM
89,36,34,RAM
89,36,23,SSD
89,37,64,RAM
89,37,75,RAM
89,37,50,RAM
89,37,153,RAM
89,37,147,RAM
89,37,103,RAM
89,37,57,RAM
89,37,14,RAM
89,38,146,RAM
89,38,128,RAM
89,38,79,RAM
89,38,106,SSD
89,38,34,RAM
89,38,47,SSD
89,38,32,RAM
89,38,66,RAM
89,39,85,RAM
89,39,114,RAM
89,39,203,RAM
89,39,177,RAM
89,39,13,RAM
89,39,62,SSD
89,39,10,RAM
89,39,242,SSD
90,0,124,SSD
90,0,24,RAM
90,0,86,SSD
90,0,109,RAM
90,0,211,RAM
90,0,62,RAM
90,0,199,SSD
90,0,237,SSD
90,1,236,RAM
90,1,226,RAM
90,1,22,RAM
90,1,120,RAM
90,1,14,RAM
90,1,85,RAM
90,1,202,SSD
90,1,72,RAM
90,2,44,RAM
90,2,2,RAM
90,2,63,SSD
90,2,120,SSD
90,2,221,RAM
90,2,84,RAM
90,2,131,SSD
90,2,192,SSD
90,3,2,RAM
90,3,247,SSD
90,3,111,RAM
90,3,243,RAM
90,3,54,RAM
90,3,192,RAM
90,3,22,RAM
90,3,242,SSD
90,4,121,RAM
90,4,243,RAM
90,4,123,RAM
90,4,145,RAM
90,4,229,RAM
90,4,132,RAM
90,4,152,RAM
90,4,158,RAM
90,5,250,RAM
90,5,19,RAM
90,5,2,RAM
90,5,210,RAM
90,5,115,RAM
90,5,27,RAM
90,5,23,RAM
90,5,235,SSD
90,6,49,RAM
90,6,161,SSD
90,6,185,RAM
90,6,84,RAM
90,6,200,RAM
90,6,172,SSD
90,6,125,RAM
90,6,245,SSD
90,7,132,RAM
90,7,24,RAM
90,7,167,RAM
90,7,187,RAM
90,7,179,RAM
90,7,239,RAM
90,7,57,SSD
90,7,1,SSD
90,8,41,RAM
90,8,224,RAM
90,8,151,RAM
90,8,242,SSD
90,8,165,RAM
90,8,1,RAM
90,8,114,SSD
90,8,3,SSD
90,9,166,RAM
90,9,103,RAM
90,9,243,RAM
90,9,146,SSD
90,9,81,RAM
90,9,101,RAM
90,9,58,RAM
90,9,107,SSD
90,10,63,RAM
90,10,232,RAM
90,10,117,SSD
90,10,9,RAM
90,10,202,RAM
90,10,76,RAM
90,10,222,SSD
90,10,245,RAM
90,11,209,SSD
90,11,194,RAM
90,11,134,RAM
90,11,59,SSD
90,11,132,RAM
90,11,103,SSD
90,11,145,RAM
90,11,137,RAM
90,12,9,RAM
90,12,42,RAM
90,12,210,RAM
90,12,59,SSD
90,12,244,RAM
90,12,218,SSD
90,12,222,RAM
90,12,207,SSD
90,13,185,RAM
90,13,228,RAM
90,13,174,RAM
90,13,151,RAM
90,13,137,SSD
90,13,55,SSD
90,13,148,RAM
90,13,78,SSD
90,14,189,RAM
90,14,87,SSD
90,14,216,SSD
90,14,58,RAM
90,14,75,SSD
90,14,110,RAM
90,14,12,SSD
90,14,35,SSD
90,15,127,RAM
90,15,206,RAM
90,15,233,SSD
90,15,145,RAM
90,15,151,RAM
90,15,122,RAM
90,15,249,RAM
90,15,108,SSD
90,16,169,RAM
90,16,116,RAM
90,16,4,RAM
90,16,31,RAM
90,16,26,RAM
90,16,146,RAM
90,16,195,RAM
90,16,64,SSD
90,17,28,RAM
90,17,78,SSD
90,17,47,RAM
90,17,100,RAM
90,17,25,SSD
90,17,66,RAM
90,17,142,RAM
90,17,151,RAM
90,18,117,RAM
90,18,45,RAM
90,18,250,SSD
90,18,35,RAM
90,18,110,SSD
90,18,10,SSD
90,18,94,SSD
90,18,108,SSD
90,19,248,RAM
90,19,190,RAM
90,19,114,SSD
90,19,135,RAM
90,19,151,RAM
90,19,173,SSD
90,19,27,RAM
90,19,89,SSD
90,20,41,RAM
90,20,242,RAM
90,20,172,SSD
90,20,57,RAM
90,20,165,RAM
90,20,151,RAM
90,20,98,SSD
90,20,224,RAM
90,21,214,RAM
90,21,103,RAM
90,21,166,RAM
90,21,243,RAM
90,21,146,SSD
90,21,84,SSD
90,21,58,SSD
90,21,20,SSD
90,22,76,RAM
90,22,232,RAM
90,22,117,SSD
90,22,102,SSD
90,22,123,SSD
90,22,121,RAM
90,22,202,RAM
90,22,63,SSD
90,23,194,RAM
90,23,40,RAM
90,23,134,RAM
90,23,132,RAM
90,23,214,SSD
90,23,59,SSD
90,23,209,SSD
90,23,137,RAM
90,24,9,RAM
90,24,42,RAM
90,24,210,RAM
90,24,106,RAM
90,24,158,SSD
90,24,185,SSD
90,24,99,SSD
90,24,218,SSD
90,25,174,RAM
90,25,228,RAM
90,25,194,SSD
90,25,230,RAM
90,25,137,RAM
90,25,234,RAM
90,25,151,RAM
90,25,221,SSD
90,26,216,SSD
90,26,110,RAM
90,26,189,RAM
90,26,35,RAM
90,26,87,SSD
90,26,12,RAM
90,26,58,RAM
90,26,239,RAM
90,27,127,RAM
90,27,206,RAM
90,27,6,SSD
90,27,233,RAM
90,27,150,SSD
90,27,151,RAM
90,27,249,RAM
90,27,138,SSD
90,28,169,RAM
90,28,146,RAM
90,28,190,SSD
90,28,26,RAM
90,28,63,SSD
90,28,191,RAM
90,28,162,SSD
90,28,54,RAM
90,29,204,RAM
90,29,28,RAM
90,29,151,RAM
90,29,99,SSD
90,29,69,RAM
90,29,66,RAM
90,29,100,RAM
90,29,65,RAM
90,30,117,RAM
90,30,250,SSD
90,30,45,RAM
90,30,99,SSD
90,30,64,RAM
90,30,151,SSD
90,30,51,SSD
90,30,63,SSD
90,31,248,RAM
90,31,240,RAM
90,31,135,RAM
90,31,34,SSD
90,31,96,RAM
90,31,51,RAM
90,31,95,RAM
90,31,151,RAM
90,32,64,RAM
90,32,76,SSD
90,32,59,RAM
90,32,86,RAM
90,32,247,RAM
90,32,31,RAM
90,32,7,RAM
90,32,85,SSD
90,33,56,SSD
90,33,11,SSD
90,33,5,SSD
90,33,6,RAM
90,33,81,RAM
90,33,75,RAM
90,33,72,SSD
90,33,15,SSD
90,34,72,SSD
90,34,101,RAM
90,34,94,RAM
90,34,211,RAM
90,34,19,RAM
90,34,73,SSD
90,34,195,SSD
90,34,202,RAM
90,35,49,RAM
90,35,167,RAM
90,35,202,RAM
90,35,129,SSD
90,35,35,RAM
90,35,212,RAM
90,35,187,SSD
90,35,16,SSD
90,36,158,RAM
90,36,203,RAM
90,36,98,RAM
90,36,119,RAM
90,36,34,RAM
90,36,118,RAM
90,36,194,SSD
90,36,92,SSD
90,37,126,SSD
90,37,64,RAM
90,37,227,RAM
90,37,75,RAM
90,37,165,SSD
90,37,16,SSD
90,37,93,RAM
90,37,103,RAM
90,38,131,SSD
90,38,31,SSD
90,38,96,SSD
90,38,233,SSD
90,38,173,SSD
90,38,176,SSD
90,38,128,RAM
90,38,112,SSD
90,39,165,RAM
90,39,146,RAM
90,39,84,SSD
90,39,173,SSD
90,39,10,RAM
90,39,208,SSD
90,39,27,SSD
90,39,17,RAM
91,0,96,SSD
91,0,93,SSD
91,0,226,RAM
91,0,247,SSD
91,0,198,SSD
91,0,80,RAM
91,0,194,SSD
91,0,171,RAM
91,1,236,RAM
91,1,57,RAM
91,1,16,SSD
91,1,92,RAM
91,1,120,RAM
91,1,195,RAM
91,1,81,SSD
91,1,2,SSD
91,2,63,RAM
91,2,75,SSD
91,2,131,RAM
91,2,84,RAM
91,2,83,SSD
91,2,142,SSD
91,2,118,SSD
91,2,208,SSD
91,3,2,RAM
91,3,221,SSD
91,3,188,SSD
91,3,170,SSD
91,3,122,SSD
91,3,148,SSD
91,3,54,RAM
91,3,111,RAM
91,4,119,RAM
91,4,123,RAM
91,4,20,RAM
91,4,60,SSD
91,4,121,RAM
91,4,105,SSD
91,4,72,SSD
91,4,182,RAM
91,5,61,SSD
91,5,250,RAM
91,5,27,RAM
91,5,19,RAM
91,5,2,RAM
91,5,123,RAM
91,5,23,RAM
91,5,194,RAM
91,6,49,RAM
91,6,16,SSD
91,6,200,RAM
91,6,161,RAM
91,6,154,RAM
91,6,84,RAM
91,6,172,RAM
91,6,125,RAM
91,7,132,RAM
91,7,167,RAM
91,7,24,RAM
91,7,187,RAM
91,7,179,RAM
91,7,181,RAM
91,7,239,RAM
91,7,1,RAM
91,8,112,SSD
91,8,41,RAM
91,8,242,RAM
91,8,151,RAM
91,8,165,RAM
91,8,184,RAM
91,8,247,RAM
91,8,224,RAM
91,9,166,RAM
91,9,206,SSD
91,9,120,RAM
91,9,103,RAM
91,9,81,RAM
91,9,146,RAM
91,9,107,RAM
91,9,19,SSD
91,10,229,SSD
91,10,63,RAM
91,10,163,SSD
91,10,202,RAM
91,10,232,RAM
91,10,9,RAM
91,10,5,RAM
91,10,222,RAM
91,11,18,SSD
91,11,145,RAM
91,11,194,RAM
91,11,202,RAM
91,11,134,RAM
91,11,54,RAM
91,11,207,SSD
91,11,255,SSD
91,12,106,RAM
91,12,9,RAM
91,12,42,RAM
91,12,59,RAM
91,12,210,RAM
91,12,244,RAM
91,12,130,RAM
91,12,239,SSD
91,13,174,RAM
91,13,200,SSD
91,13,228,RAM
91,13,151,RAM
91,13,137,RAM
91,13,185,RAM
91,13,148,RAM
91,13,254,SSD
91,14,189,RAM
91,14,87,RAM
91,14,216,RAM
91,14,58,RAM
91,14,201,RAM
91,14,136,SSD
91,14,110,RAM
91,14,77,RAM
91,15,241,SSD
91,15,127,RAM
91,15,249,RAM
91,15,206,RAM
91,15,151,RAM
91,15,145,RAM
91,15,233,RAM
91,15,158,RAM
91,16,169,RAM
91,16,149,RAM
91,16,54,RAM
91,16,13,RAM
91,16,31,RAM
91,16,26,RAM
91,16,116,RAM
91,16,146,RAM
91,17,236,RAM
91,17,65,RAM
91,17,28,RAM
91,17,204,RAM
91,17,100,RAM
91,17,69,RAM
91,17,66,RAM
91,17,47,RAM
91,18,45,RAM
91,18,117,RAM
91,18,6,SSD
91,18,64,RAM
91,18,94,RAM
91,18,63,RAM
91,18,141,RAM
91,18,110,RAM
91,19,248,RAM
91,19,151,RAM
91,19,51,RAM
91,19,190,RAM
91,19,135,RAM
91,19,233,SSD
91,19,96,RAM
91,19,34,SSD
91,20,41,RAM
91,20,112,RAM
91,20,57,RAM
91,20,165,RAM
91,20,247,RAM
91,20,151,RAM
91,20,224,RAM
91,20,242,RAM
91,21,103,RAM
91,21,206,RAM
91,21,166,RAM
91,21,214,RAM
91,21,243,RAM
91,21,120,RAM
91,21,19,RAM
91,21,22,RAM
91,22,229,RAM
91,22,76,RAM
91,22,163,SSD
91,22,232,RAM
91,22,108,RAM
91,22,121,RAM
91,22,115,SSD
91,22,101,RAM
91,23,18,SSD
91,23,149,SSD
91,23,134,RAM
91,23,40,RAM
91,23,61,SSD
91,23,51,RAM
91,23,130,RAM
91,23,214,RAM
91,24,106,RAM
91,24,9,RAM
91,24,42,RAM
91,24,4,SSD
91,24,60,RAM
91,24,185,RAM
91,24,2,RAM
91,24,253,SSD
91,25,174,RAM
91,25,148,RAM
91,25,200,RAM
91,25,228,RAM
91,25,208,RAM
91,25,151,RAM
91,25,199,RAM
91,25,234,RAM
91,26,216,RAM
91,26,110,RAM
91,26,239,RAM
91,26,35,RAM
91,26,189,RAM
91,26,58,RAM
91,26,38,SSD
91,26,235,SSD
91,27,206,RAM
91,27,241,RAM
91,27,127,RAM
91,27,151,RAM
91,27,233,RAM
91,27,158,RAM
91,27,150,RAM
91,27,145,RAM
91,28,169,RAM
91,28,149,RAM
91,28,185,RAM
91,28,146,RAM
91,28,191,RAM
91,28,54,RAM
91,28,26,RAM
91,28,78,SSD
91,29,69,RAM
91,29,204,RAM
91,29,65,RAM
91,29,236,RAM
91,29,100,RAM
91,29,151,RAM
91,29,102,RAM
91,29,28,RAM
91,30,45,RAM
91,30,117,RAM
91,30,6,SSD
91,30,94,RAM
91,30,64,RAM
91,30,97,RAM
91,30,69,RAM
91,30,123,SSD
91,31,248,RAM
91,31,240,RAM
91,31,51,RAM
91,31,135,RAM
91,31,96,RAM
91,31,233,RAM
91,31,95,RAM
91,31,25,SSD
91,32,89,RAM
91,32,64,RAM
91,32,199,RAM
91,32,59,RAM
91,32,194,RAM
91,32,7,RAM
91,32,17,RAM
91,32,247,RAM
91,33,214,SSD
91,33,94,RAM
91,33,23,SSD
91,33,81,RAM
91,33,72,RAM
91,33,206,SSD
91,33,217,RAM
91,33,180,SSD
91,34,54,RAM
91,34,187,RAM
91,34,182,SSD
91,34,19,RAM
91,34,58,RAM
91,34,196,RAM
91,34,188,RAM
91,34,211,RAM
91,35,49,RAM
91,35,35,RAM
91,35,202,RAM
91,35,167,RAM
91,35,7,SSD
91,35,214,RAM
91,35,29,RAM
91,35,244,RAM
91,36,253,RAM
91,36,203,RAM
91,36,158,RAM
91,36,0,RAM
91,36,8,RAM
91,36,119,RAM
91,36,118,RAM
91,36,129,RAM
91,37,64,RAM
91,37,164,SSD
91,37,103,RAM
91,37,75,RAM
91,37,84,RAM
91,37,227,RAM
91,37,213,SSD
91,37,55,RAM
91,38,22,RAM
91,38,136,SSD
91,38,127,RAM
91,38,79,RAM
91,38,106,RAM
91,38,230,SSD
91,38,32,RAM
91,38,66,RAM
91,39,16,RAM
91,39,68,RAM
91,39,23,RAM
91,39,145,RAM
91,39,34,RAM
91,39,203,RAM
91,39,241,RAM
91,39,30,RAM
92,0,86,RAM
92,0,212,SSD
92,0,41,SSD
92,0,65,SSD
92,0,218,SSD
92,0,29,SSD
92,0,2,SSD
92,0,223,SSD
92,1,98,SSD
92,1,153,SSD
92,1,131,SSD
92,1,185,SSD
92,1,166,SSD
92,1,32,SSD
92,1,165,SSD
92,1,35,SSD
92,2,75,RAM
92,2,211,SSD
92,2,193,RAM
92,2,56,RAM
92,2,139,SSD
92,2,84,RAM
92,2,5,SSD
92,2,142,RAM
92,3,177,RAM
92,3,2,RAM
92,3,148,RAM
92,3,105,RAM
92,3,240,SSD
92,3,150,SSD
92,3,14,RAM
92,3,54,RAM
92,4,133,SSD
92,4,149,SSD
92,4,123,RAM
92,4,121,RAM
92,4,155,SSD
92,4,216,RAM
92,4,4,SSD
92,4,92,SSD
92,5,23,RAM
92,5,213,SSD
92,5,31,SSD
92,5,123,RAM
92,5,250,RAM
92,5,19,RAM
92,5,252,SSD
92,5,2,RAM
92,6,39,SSD
92,6,129,SSD
92,6,49,RAM
92,6,125,RAM
92,6,157,SSD
92,6,16,RAM
92,6,240,SSD
92,6,185,RAM
92,7,61,SSD
92,7,169,SSD
92,7,132,RAM
92,7,24,RAM
92,7,187,RAM
92,7,108,SSD
92,7,179,RAM
92,7,106,SSD
92,8,157,SSD
92,8,41,RAM
92,8,247,RAM
92,8,151,RAM
92,8,165,RAM
92,8,246,SSD
92,8,253,SSD
92,8,204,SSD
92,9,166,RAM
92,9,103,RAM
92,9,243,RAM
92,9,22,RAM
92,9,146,RAM
92,9,120,RAM
92,9,81,RAM
92,9,101,RAM
92,10,220,SSD
92,10,232,RAM
92,10,202,RAM
92,10,226,RAM
92,10,17,SSD
92,10,245,RAM
92,10,63,RAM
92,10,108,SSD
92,11,54,RAM
92,11,158,SSD
92,11,202,RAM
92,11,134,RAM
92,11,201,SSD
92,11,101,RAM
92,11,102,RAM
92,11,207,RAM
92,12,9,RAM
92,12,42,RAM
92,12,166,SSD
92,12,4,SSD
92,12,106,RAM
92,12,179,RAM
92,12,130,RAM
92,12,2,RAM
92,13,174,RAM
92,13,228,RAM
92,13,37,SSD
92,13,185,RAM
92,13,151,RAM
92,13,148,RAM
92,13,234,SSD
92,13,137,RAM
92,14,216,RAM
92,14,189,RAM
92,14,87,RAM
92,14,201,RAM
92,14,58,RAM
92,14,77,RAM
92,14,239,RAM
92,14,67,RAM
92,15,116,SSD
92,15,249,RAM
92,15,241,RAM
92,15,206,RAM
92,15,145,RAM
92,15,28,SSD
92,15,158,RAM
92,15,151,RAM
92,16,149,RAM
92,16,169,RAM
92,16,26,RAM
92,16,13,RAM
92,16,192,SSD
92,16,146,RAM
92,16,195,RAM
92,16,201,SSD
92,17,28,RAM
92,17,69,RAM
92,17,65,RAM
92,17,204,RAM
92,17,150,SSD
92,17,66,RAM
92,17,151,RAM
92,17,217,SSD
92,18,72,SSD
92,18,45,RAM
92,18,117,RAM
92,18,94,RAM
92,18,141,RAM
92,18,64,RAM
92,18,35,RAM
92,18,110,RAM
92,19,248,RAM
92,19,190,RAM
92,19,135,RAM
92,19,151,RAM
92,19,96,RAM
92,19,236,SSD
92,19,95,SSD
92,19,34,RAM
92,20,41,RAM
92,20,157,SSD
92,20,57,RAM
92,20,165,RAM
92,20,151,RAM
92,20,247,RAM
92,20,98,RAM
92,20,3,SSD
92,21,103,RAM
92,21,166,RAM
92,21,243,RAM
92,21,214,RAM
92,21,22,RAM
92,21,120,RAM
92,21,206,RAM
92,21,240,SSD
92,22,220,SSD
92,22,19,SSD
92,22,76,RAM
92,22,17,SSD
92,22,232,RAM
92,22,108,RAM
92,22,115,RAM
92,22,208,SSD
92,23,158,SSD
92,23,132,RAM
92,23,134,RAM
92,23,156,SSD
92,23,51,RAM
92,23,40,RAM
92,23,181,RAM
92,23,214,RAM
92,24,106,RAM
92,24,9,RAM
92,24,42,RAM
92,24,4,RAM
92,24,60,RAM
92,24,79,SSD
92,24,2,RAM
92,24,166,SSD
92,25,174,RAM
92,25,148,RAM
92,25,228,RAM
92,25,200,RAM
92,25,151,RAM
92,25,64,SSD
92,25,199,RAM
92,25,208,RAM
92,26,216,RAM
92,26,110,RAM
92,26,189,RAM
92,26,239,RAM
92,26,201,RAM
92,26,235,RAM
92,26,229,SSD
92,26,58,RAM
92,27,206,RAM
92,27,116,SSD
92,27,241,RAM
92,27,127,RAM
92,27,33,SSD
92,27,151,RAM
92,27,158,RAM
92,27,233,RAM
92,28,169,RAM
92,28,201,SSD
92,28,146,RAM
92,28,138,SSD
92,28,147,SSD
92,28,191,RAM
92,28,185,RAM
92,28,149,RAM
92,29,69,RAM
92,29,204,RAM
92,29,100,RAM
92,29,65,RAM
92,29,28,RAM
92,29,151,RAM
92,29,47,SSD
92,29,216,SSD
92,30,117,RAM
92,30,45,RAM
92,30,72,SSD
92,30,237,SSD
92,30,64,RAM
92,30,94,RAM
92,30,97,RAM
92,30,251,RAM
92,31,248,RAM
92,31,240,RAM
92,31,135,RAM
92,31,96,RAM
92,31,95,RAM
92,31,70,SSD
92,31,18,SSD
92,31,230,SSD
92,32,75,SSD
92,32,197,RAM
92,32,116,SSD
92,32,64,RAM
92,32,59,RAM
92,32,7,RAM
92,32,31,RAM
92,32,220,SSD
92,33,59,SSD
92,33,206,RAM
92,33,18,SSD
92,33,5,RAM
92,33,81,RAM
92,33,103,SSD
92,33,182,SSD
92,33,15,RAM
92,34,11,SSD
92,34,227,SSD
92,34,213,RAM
92,34,152,SSD
92,34,211,RAM
92,34,205,SSD
92,34,196,RAM
92,34,246,SSD
92,35,244,RAM
92,35,35,RAM
92,35,29,RAM
92,35,202,RAM
92,35,167,RAM
92,35,16,RAM
92,35,129,RAM
92,35,224,RAM
92,36,158,RAM
92,36,203,RAM
92,36,251,SSD
92,36,48,SSD
92,36,118,RAM
92,36,129,RAM
92,36,239,RAM
92,36,28,SSD
92,37,64,RAM
92,37,103,RAM
92,37,75,RAM
92,37,227,RAM
92,37,22,SSD
92,37,162,SSD
92,37,55,RAM
92,37,213,RAM
92,38,124,SSD
92,38,127,RAM
92,38,79,RAM
92,38,106,RAM
92,38,32,RAM
92,38,118,SSD
92,38,230,RAM
92,38,97,SSD
92,39,13,RAM
92,39,116,SSD
92,39,203,RAM
92,39,34,RAM
92,39,78,SSD
92,39,30,RAM
92,39,70,SSD
92,39,62,RAM
93,0,70,SSD
93,0,211,RAM
93,0,192,SSD
93,0,199,RAM
93,0,151,SSD
93,0,124,RAM
93,0,76,SSD
93,0,231,SSD
93,1,14,RAM
93,1,101,SSD
93,1,230,SSD
93,1,204,SSD
93,1,245,SSD
93,1,22,RAM
93,1,157,SSD
93,1,49,SSD
93,2,247,SSD
93,2,3,SSD
93,2,71,SSD
93,2,192,RAM
93,2,143,SSD
93,2,193,RAM
93,2,246,SSD
93,2,75,RAM
93,3,243,RAM
93,3,54,RAM
93,3,23,RAM
93,3,15,SSD
93,3,228,SSD
93,3,22,RAM
93,3,154,SSD
93,3,213,SSD
93,4,44,SSD
93,4,121,RAM
93,4,175,SSD
93,4,110,RAM
93,4,178,SSD
93,4,132,RAM
93,4,158,RAM
93,4,100,SSD
93,5,164,RAM
93,5,165,SSD
93,5,34,SSD
93,5,252,RAM
93,5,210,RAM
93,5,136,RAM
93,5,250,RAM
93,5,0,SSD
93,6,39,RAM
93,6,129,RAM
93,6,240,RAM
93,6,125,RAM
93,6,152,SSD
93,6,185,RAM
93,6,89,SSD
93,6,241,SSD
93,7,132,RAM
93,7,169,RAM
93,7,38,SSD
93,7,24,RAM
93,7,223,SSD
93,7,43,SSD
93,7,208,SSD
93,7,125,SSD
93,8,41,RAM
93,8,224,RAM
93,8,151,RAM
93,8,3,RAM
93,8,1,RAM
93,8,163,SSD
93,8,165,RAM
93,8,110,SSD
93,9,103,RAM
93,9,166,RAM
93,9,243,RAM
93,9,81,RAM
93,9,47,SSD
93,9,101,RAM
93,9,3,SSD
93,9,99,SSD
93,10,232,RAM
93,10,242,SSD
93,10,19,SSD
93,10,245,RAM
93,10,220,RAM
93,10,226,RAM
93,10,34,SSD
93,10,202,RAM
93,11,218,SSD
93,11,191,SSD
93,11,134,RAM
93,11,158,RAM
93,11,54,RAM
93,11,37,SSD
93,11,201,RAM
93,11,202,RAM
93,12,9,RAM
93,12,42,RAM
93,12,208,SSD
93,12,219,SSD
93,12,2,RAM
93,12,4,RAM
93,12,148,SSD
93,12,34,SSD
93,13,174,RAM
93,13,151,RAM
93,13,228,RAM
93,13,185,RAM
93,13,19,SSD
93,13,120,SSD
93,13,148,RAM
93,13,37,RAM
93,14,189,RAM
93,14,67,RAM
93,14,239,RAM
93,14,216,RAM
93,14,87,RAM
93,14,2,SSD
93,14,14,SSD
93,14,229,SSD
93,15,54,SSD
93,15,249,RAM
93,15,28,RAM
93,15,206,RAM
93,15,133,SSD
93,15,151,RAM
93,15,250,SSD
93,15,145,RAM
93,16,169,RAM
93,16,82,SSD
93,16,193,SSD
93,16,31,RAM
93,16,195,RAM
93,16,116,RAM
93,16,53,SSD
93,16,63,SSD
93,17,164,SSD
93,17,214,SSD
93,17,204,RAM
93,17,66,RAM
93,17,47,RAM
93,17,100,RAM
93,17,28,RAM
93,17,69,RAM
93,18,45,RAM
93,18,117,RAM
93,18,72,RAM
93,18,219,SSD
93,18,151,SSD
93,18,64,RAM
93,18,94,RAM
93,18,121,SSD
93,19,248,RAM
93,19,96,RAM
93,19,135,RAM
93,19,85,SSD
93,19,190,RAM
93,19,95,RAM
93,19,173,RAM
93,19,144,SSD
93,20,41,RAM
93,20,151,RAM
93,20,3,RAM
93,20,224,RAM
93,20,247,RAM
93,20,165,RAM
93,20,194,SSD
93,20,172,RAM
93,21,103,RAM
93,21,243,RAM
93,21,214,RAM
93,21,166,RAM
93,21,107,RAM
93,21,22,RAM
93,21,71,SSD
93,21,84,RAM
93,22,242,SSD
93,22,19,RAM
93,22,220,RAM
93,22,146,SSD
93,22,232,RAM
93,22,226,SSD
93,22,115,RAM
93,22,101,RAM
93,23,218,SSD
93,23,158,RAM
93,23,201,SSD
93,23,134,RAM
93,23,191,SSD
93,23,59,RAM
93,23,37,SSD
93,23,149,RAM
93,24,9,RAM
93,24,42,RAM
93,24,11,SSD
93,24,128,SSD
93,24,60,RAM
93,24,148,SSD
93,24,174,SSD
93,24,116,RAM
93,25,228,RAM
93,25,174,RAM
93,25,148,RAM
93,25,151,RAM
93,25,19,SSD
93,25,137,RAM
93,25,0,SSD
93,25,37,SSD
93,26,239,RAM
93,26,67,RAM
93,26,216,RAM
93,26,203,SSD
93,26,73,RAM
93,26,58,RAM
93,26,97,SSD
93,26,110,RAM
93,27,249,RAM
93,27,28,SSD
93,27,206,RAM
93,27,54,RAM
93,27,146,SSD
93,27,233,RAM
93,27,33,RAM
93,27,133,SSD
93,28,169,RAM
93,28,82,SSD
93,28,116,RAM
93,28,193,SSD
93,28,26,RAM
93,28,63,RAM
93,28,190,RAM
93,28,146,RAM
93,29,164,SSD
93,29,88,SSD
93,29,204,RAM
93,29,151,RAM
93,29,21,SSD
93,29,128,SSD
93,29,69,RAM
93,29,216,RAM
93,30,117,RAM
93,30,63,RAM
93,30,162,SSD
93,30,151,RAM
93,30,64,RAM
93,30,232,RAM
93,30,251,RAM
93,30,97,RAM
93,31,135,RAM
93,31,34,RAM
93,31,96,RAM
93,31,85,SSD
93,31,248,RAM
93,31,28,SSD
93,31,240,RAM
93,31,146,SSD
93,32,86,RAM
93,32,140,SSD
93,32,59,RAM
93,32,179,SSD
93,32,18,SSD
93,32,85,RAM
93,32,76,RAM
93,32,123,SSD
93,33,234,SSD
93,33,104,SSD
93,33,11,RAM
93,33,95,SSD
93,33,162,SSD
93,33,36,SSD
93,33,102,RAM
93,33,132,SSD
93,34,238,SSD
93,34,240,SSD
93,34,44,SSD
93,34,72,RAM
93,34,67,SSD
93,34,220,RAM
93,34,28,SSD
93,34,211,RAM
93,35,148,SSD
93,35,190,SSD
93,35,35,RAM
93,35,74,SSD
93,35,29,RAM
93,35,187,RAM
93,35,167,RAM
93,35,202,RAM
93,36,227,SSD
93,36,203,RAM
93,36,92,RAM
93,36,142,SSD
93,36,158,RAM
93,36,147,SSD
93,36,115,SSD
93,36,118,RAM
93,37,78,SSD
93,37,64,RAM
93,37,27,SSD
93,37,113,SSD
93,37,15,SSD
93,37,103,RAM
93,37,93,RAM
93,37,208,SSD
93,38,215,SSD
93,38,119,SSD
93,38,243,SSD
93,38,251,SSD
93,38,139,RAM
93,38,169,SSD
93,38,80,SSD
93,38,127,RAM
93,39,158,SSD
93,39,122,SSD
93,39,244,SSD
93,39,72,SSD
93,39,197,SSD
93,39,44,SSD
93,39,165,RAM
93,39,129,SSD
94,0,68,SSD
94,0,226,RAM
94,0,185,SSD
94,0,117,SSD
94,0,146,SSD
94,0,243,SSD
94,0,187,SSD
94,0,171,RAM
94,1,169,SSD
94,1,13,SSD
94,1,43,SSD
94,1,81,RAM
94,1,133,SSD
94,1,66,SSD
94,1,202,RAM
94,1,104,SSD
94,2,249,SSD
94,2,247,RAM
94,2,22,SSD
94,2,226,SSD
94,2,107,SSD
94,2,169,SSD
94,2,254,SSD
94,2,54,SSD
94,3,221,RAM
94,3,188,RAM
94,3,170,RAM
94,3,2,RAM
94,3,166,SSD
94,3,195,SSD
94,3,122,RAM
94,3,134,SSD
94,4,8,SSD
94,4,55,SSD
94,4,123,RAM
94,4,182,RAM
94,4,105,RAM
94,4,139,SSD
94,4,2,SSD
94,4,60,RAM
94,5,61,RAM
94,5,223,SSD
94,5,0,RAM
94,5,23,RAM
94,5,146,SSD
94,5,250,RAM
94,5,151,SSD
94,5,165,RAM
94,6,3,SSD
94,6,39,RAM
94,6,49,RAM
94,6,114,SSD
94,6,125,RAM
94,6,240,RAM
94,6,129,RAM
94,6,241,RAM
94,7,132,RAM
94,7,131,SSD
94,7,24,RAM
94,7,151,RAM
94,7,169,RAM
94,7,43,RAM
94,7,179,RAM
94,7,243,RAM
94,8,41,RAM
94,8,112,RAM
94,8,151,RAM
94,8,1,RAM
94,8,68,RAM
94,8,247,RAM
94,8,3,RAM
94,8,224,RAM
94,9,206,RAM
94,9,19,RAM
94,9,103,RAM
94,9,166,RAM
94,9,107,RAM
94,9,81,RAM
94,9,243,RAM
94,9,22,RAM
94,10,163,RAM
94,10,220,RAM
94,10,19,RAM
94,10,226,RAM
94,10,232,RAM
94,10,202,RAM
94,10,229,RAM
94,10,63,RAM
94,11,18,RAM
94,11,142,SSD
94,11,158,RAM
94,11,116,SSD
94,11,134,RAM
94,11,54,RAM
94,11,191,RAM
94,11,202,RAM
94,12,9,RAM
94,12,67,SSD
94,12,42,RAM
94,12,106,RAM
94,12,181,SSD
94,12,219,RAM
94,12,2,RAM
94,12,179,RAM
94,13,200,RAM
94,13,174,RAM
94,13,228,RAM
94,13,151,RAM
94,13,148,RAM
94,13,137,RAM
94,13,37,RAM
94,13,185,RAM
94,14,38,SSD
94,14,189,RAM
94,14,216,RAM
94,14,239,RAM
94,14,201,RAM
94,14,67,RAM
94,14,110,RAM
94,14,180,SSD
94,15,241,RAM
94,15,103,SSD
94,15,249,RAM
94,15,206,RAM
94,15,54,RAM
94,15,145,RAM
94,15,233,RAM
94,15,151,RAM
94,16,232,SSD
94,16,149,RAM
94,16,169,RAM
94,16,31,RAM
94,16,195,RAM
94,16,54,RAM
94,16,13,RAM
94,16,116,RAM
94,17,155,SSD
94,17,236,RAM
94,17,88,SSD
94,17,66,RAM
94,17,28,RAM
94,17,69,RAM
94,17,151,RAM
94,17,8,RAM
94,18,6,RAM
94,18,117,RAM
94,18,45,RAM
94,18,162,SSD
94,18,63,RAM
94,18,64,RAM
94,18,135,SSD
94,18,72,RAM
94,19,248,RAM
94,19,96,RAM
94,19,135,RAM
94,19,34,RAM
94,19,233,RAM
94,19,190,RAM
94,19,151,RAM
94,19,95,RAM
94,20,41,RAM
94,20,68,SSD
94,20,112,RAM
94,20,3,RAM
94,20,151,RAM
94,20,224,RAM
94,20,165,RAM
94,20,57,RAM
94,21,103,RAM
94,21,206,RAM
94,21,19,RAM
94,21,166,RAM
94,21,243,RAM
94,21,22,RAM
94,21,107,RAM
94,21,214,RAM
94,22,163,RAM
94,22,229,RAM
94,22,232,RAM
94,22,121,RAM
94,22,154,SSD
94,22,226,RAM
94,22,220,RAM
94,22,78,SSD
94,23,18,RAM
94,23,142,SSD
94,23,134,RAM
94,23,54,SSD
94,23,207,SSD
94,23,40,RAM
94,23,202,RAM
94,23,181,RAM
94,24,9,RAM
94,24,106,RAM
94,24,42,RAM
94,24,67,SSD
94,24,91,SSD
94,24,60,RAM
94,24,116,RAM
94,24,174,RAM
94,25,174,RAM
94,25,228,RAM
94,25,200,RAM
94,25,148,RAM
94,25,151,RAM
94,25,208,RAM
94,25,199,RAM
94,25,234,RAM
94,26,38,RAM
94,26,67,RAM
94,26,239,RAM
94,26,235,RAM
94,26,189,RAM
94,26,201,RAM
94,26,110,RAM
94,26,229,RAM
94,27,103,SSD
94,27,241,RAM
94,27,206,RAM
94,27,249,RAM
94,27,54,RAM
94,27,133,RAM
94,27,233,RAM
94,27,146,RAM
94,28,232,SSD
94,28,149,RAM
94,28,169,RAM
94,28,185,RAM
94,28,78,RAM
94,28,122,SSD
94,28,146,RAM
94,28,63,RAM
94,29,155,SSD
94,29,204,RAM
94,29,69,RAM
94,29,65,RAM
94,29,28,RAM
94,29,151,RAM
94,29,128,RAM
94,29,236,RAM
94,30,6,RAM
94,30,117,RAM
94,30,45,RAM
94,30,64,RAM
94,30,251,RAM
94,30,165,SSD
94,30,97,RAM
94,30,48,SSD
94,31,96,RAM
94,31,248,RAM
94,31,240,RAM
94,31,233,RAM
94,31,137,RAM
94,31,28,RAM
94,31,135,RAM
94,31,95,RAM
94,32,175,SSD
94,32,37,SSD
94,32,199,RAM
94,32,17,RAM
94,32,59,RAM
94,32,7,RAM
94,32,64,RAM
94,32,220,RAM
94,33,214,RAM
94,33,117,SSD
94,33,23,RAM
94,33,94,RAM
94,33,81,RAM
94,33,72,RAM
94,33,99,SSD
94,33,108,SSD
94,34,58,RAM
94,34,182,RAM
94,34,187,RAM
94,34,54,RAM
94,34,12,SSD
94,34,19,RAM
94,34,33,SSD
94,34,28,RAM
94,35,7,RAM
94,35,167,RAM
94,35,35,RAM
94,35,202,RAM
94,35,29,RAM
94,35,16,RAM
94,35,92,SSD
94,35,212,RAM
94,36,245,SSD
94,36,158,RAM
94,36,203,RAM
94,36,8,RAM
94,36,0,RAM
94,36,92,RAM
94,36,118,RAM
94,36,119,RAM
94,37,164,RAM
94,37,64,RAM
94,37,84,RAM
94,37,75,RAM
94,37,103,RAM
94,37,220,SSD
94,37,21,SSD
94,37,227,RAM
94,38,136,RAM
94,38,22,RAM
94,38,127,RAM
94,38,37,SSD
94,38,79,RAM
94,38,97,RAM
94,38,182,SSD
94,38,230,RAM
94,39,16,RAM
94,39,23,RAM
94,39,145,RAM
94,39,68,RAM
94,39,78,RAM
94,39,146,RAM
94,39,37,SSD
94,39,62,RAM
95,0,136,SSD
95,0,78,SSD
95,0,122,SSD
95,0,241,SSD
95,0,56,SSD
95,0,89,SSD
95,0,18,SSD
95,0,14,SSD
95,1,166,RAM
95,1,6,SSD
95,1,190,SSD
95,1,202,RAM
95,1,165,RAM
95,1,28,SSD
95,1,89,SSD
95,1,186,SSD
95,2,47,SSD
95,2,185,SSD
95,2,125,SSD
95,2,22,RAM
95,2,247,RAM
95,2,1,SSD
95,2,246,RAM
95,2,78,SSD
95,3,153,SSD
95,3,166,RAM
95,3,121,SSD
95,3,158,SSD
95,3,150,RAM
95,3,239,SSD
95,3,3,SSD
95,3,131,SSD
95,4,253,SSD
95,4,123,RAM
95,4,121,RAM
95,4,133,RAM
95,4,139,RAM
95,4,8,RAM
95,4,72,RAM
95,4,2,RAM
95,5,223,RAM
95,5,174,RAM
95,5,210,RAM
95,5,3,SSD
95,5,0,RAM
95,5,142,SSD
95,5,23,RAM
95,5,234,SSD
95,6,114,RAM
95,6,3,RAM
95,6,194,RAM
95,6,16,RAM
95,6,243,SSD
95,6,125,RAM
95,6,102,RAM
95,6,129,RAM
95,7,132,RAM
95,7,24,RAM
95,7,19,SSD
95,7,203,SSD
95,7,151,RAM
95,7,61,RAM
95,7,208,RAM
95,7,131,RAM
95,8,157,RAM
95,8,41,RAM
95,8,224,RAM
95,8,151,RAM
95,8,68,RAM
95,8,1,RAM
95,8,163,RAM
95,8,112,RAM
95,9,166,RAM
95,9,103,RAM
95,9,206,RAM
95,9,243,RAM
95,9,19,RAM
95,9,81,RAM
95,9,107,RAM
95,9,5,RAM
95,10,68,RAM
95,10,12,SSD
95,10,154,SSD
95,10,144,SSD
95,10,226,RAM
95,10,44,SSD
95,10,232,RAM
95,10,108,RAM
95,11,64,RAM
95,11,134,RAM
95,11,201,RAM
95,11,54,RAM
95,11,80,SSD
95,11,191,RAM
95,11,45,SSD
95,11,225,SSD
95,12,9,RAM
95,12,42,RAM
95,12,67,RAM
95,12,2,RAM
95,12,116,SSD
95,12,219,RAM
95,12,106,RAM
95,12,91,SSD
95,13,174,RAM
95,13,228,RAM
95,13,151,RAM
95,13,120,RAM
95,13,42,SSD
95,13,208,SSD
95,13,166,SSD
95,13,31,RAM
95,14,189,RAM
95,14,67,RAM
95,14,201,RAM
95,14,58,RAM
95,14,248,RAM
95,14,138,SSD
95,14,239,RAM
95,14,77,RAM
95,15,206,RAM
95,15,249,RAM
95,15,54,RAM
95,15,250,RAM
95,15,145,RAM
95,15,134,SSD
95,15,28,RAM
95,15,133,RAM
95,16,169,RAM
95,16,195,RAM
95,16,74,SSD
95,16,31,RAM
95,16,146,RAM
95,16,116,RAM
95,16,232,RAM
95,16,149,RAM
95,17,8,RAM
95,17,204,RAM
95,17,238,SSD
95,17,185,SSD
95,17,69,RAM
95,17,66,RAM
95,17,28,RAM
95,17,212,SSD
95,18,117,RAM
95,18,45,RAM
95,18,48,SSD
95,18,72,RAM
95,18,77,SSD
95,18,118,SSD
95,18,64,RAM
95,18,171,SSD
95,19,137,SSD
95,19,248,RAM
95,19,135,RAM
95,19,96,RAM
95,19,59,SSD
95,19,34,RAM
95,19,157,RAM
95,19,230,RAM
95,20,41,RAM
95,20,224,RAM
95,20,151,RAM
95,20,3,RAM
95,20,165,RAM
95,20,157,RAM
95,20,68,RAM
95,20,221,SSD
95,21,103,RAM
95,21,166,RAM
95,21,243,RAM
95,21,22,RAM
95,21,206,RAM
95,21,107,RAM
95,21,148,SSD
95,21,81,SSD
95,22,68,RAM
95,22,12,SSD
95,22,154,RAM
95,22,205,SSD
95,22,119,SSD
95,22,232,RAM
95,22,26,SSD
95,22,187,SSD
95,23,134,RAM
95,23,64,RAM
95,23,80,SSD
95,23,149,RAM
95,23,54,RAM
95,23,2,SSD
95,23,102,SSD
95,23,112,SSD
95,24,42,RAM
95,24,9,RAM
95,24,2,RAM
95,24,106,RAM
95,24,148,RAM
95,24,60,RAM
95,24,116,RAM
95,24,67,RAM
95,25,174,RAM
95,25,228,RAM
95,25,42,SSD
95,25,200,RAM
95,25,151,RAM
95,25,120,SSD
95,25,166,SSD
95,25,1,SSD
95,26,67,RAM
95,26,38,RAM
95,26,189,RAM
95,26,239,RAM
95,26,201,RAM
95,26,35,RAM
95,26,225,SSD
95,26,252,RAM
95,27,241,RAM
95,27,206,RAM
95,27,103,RAM
95,27,116,RAM
95,27,54,RAM
95,27,139,SSD
95,27,134,SSD
95,27,70,SSD
95,28,232,RAM
95,28,149,RAM
95,28,169,RAM
95,28,201,RAM
95,28,147,RAM
95,28,247,SSD
95,28,146,RAM
95,28,185,RAM
95,29,185,SSD
95,29,204,RAM
95,29,155,RAM
95,29,69,RAM
95,29,65,RAM
95,29,28,RAM
95,29,216,RAM
95,29,151,RAM
95,30,117,RAM
95,30,72,RAM
95,30,45,RAM
95,30,64,RAM
95,30,251,RAM
95,30,94,RAM
95,30,6,RAM
95,30,221,RAM
95,31,248,RAM
95,31,240,RAM
95,31,96,RAM
95,31,137,RAM
95,31,70,RAM
95,31,135,RAM
95,31,95,RAM
95,31,233,RAM
95,32,37,RAM
95,32,224,RAM
95,32,175,RAM
95,32,197,RAM
95,32,199,RAM
95,32,59,RAM
95,32,64,RAM
95,32,7,RAM
95,33,63,SSD
95,33,156,RAM
95,33,117,RAM
95,33,18,RAM
95,33,81,RAM
95,33,206,RAM
95,33,72,RAM
95,33,99,RAM
95,34,152,RAM
95,34,58,RAM
95,34,54,RAM
95,34,213,RAM
95,34,141,SSD
95,34,211,RAM
95,34,177,SSD
95,34,33,RAM
95,35,7,RAM
95,35,167,RAM
95,35,244,RAM
95,35,35,RAM
95,35,202,RAM
95,35,29,RAM
95,35,16,RAM
95,35,129,RAM
95,36,158,RAM
95,36,245,RAM
95,36,203,RAM
95,36,251,RAM
95,36,239,RAM
95,36,24,RAM
95,36,92,RAM
95,36,118,RAM
95,37,64,RAM
95,37,50,RAM
95,37,14,RAM
95,37,75,RAM
95,37,103,RAM
95,37,22,RAM
95,37,97,SSD
95,37,227,RAM
95,38,146,RAM
95,38,79,RAM
95,38,127,RAM
95,38,106,RAM
95,38,118,RAM
95,38,86,SSD
95,38,230,RAM
95,38,32,RAM
95,39,85,RAM
95,39,177,RAM
95,39,13,RAM
95,39,116,RAM
95,39,78,RAM
95,39,203,RAM
95,39,30,RAM
95,39,34,RAM
96,0,134,SSD
96,0,36,SSD
96,0,70,RAM
96,0,192,RAM
96,0,151,RAM
96,0,211,RAM
96,0,225,SSD
96,0,154,SSD
96,1,190,RAM
96,1,154,SSD
96,1,254,SSD
96,1,14,RAM
96,1,28,RAM
96,1,204,RAM
96,1,22,RAM
96,1,15,SSD
96,2,3,RAM
96,2,47,RAM
96,2,143,RAM
96,2,182,SSD
96,2,185,RAM
96,2,216,SSD
96,2,193,RAM
96,2,180,SSD
96,3,243,RAM
96,3,247,RAM
96,3,167,SSD
96,3,23,RAM
96,3,240,RAM
96,3,42,SSD
96,3,204,SSD
96,3,54,RAM
96,4,121,RAM
96,4,253,RAM
96,4,175,RAM
96,4,110,RAM
96,4,180,SSD
96,4,178,RAM
96,4,72,RAM
96,4,229,RAM
96,5,164,RAM
96,5,165,RAM
96,5,223,RAM
96,5,3,RAM
96,5,252,RAM
96,5,210,RAM
96,5,0,RAM
96,5,34,RAM
96,6,152,RAM
96,6,185,RAM
96,6,243,RAM
96,6,227,SSD
96,6,125,RAM
96,6,240,RAM
96,6,39,RAM
96,6,106,SSD
96,7,132,RAM
96,7,38,RAM
96,7,24,RAM
96,7,246,SSD
96,7,203,RAM
96,7,43,RAM
96,7,111,SSD
96,7,96,SSD
96,8,41,RAM
96,8,224,RAM
96,8,151,RAM
96,8,3,RAM
96,8,110,RAM
96,8,1,RAM
96,8,121,SSD
96,8,68,RAM
96,9,243,RAM
96,9,103,RAM
96,9,166,RAM
96,9,81,RAM
96,9,47,RAM
96,9,54,SSD
96,9,61,SSD
96,9,107,RAM
96,10,242,RAM
96,10,12,RAM
96,10,154,RAM
96,10,232,RAM
96,10,226,RAM
96,10,146,SSD
96,10,187,SSD
96,10,138,SSD
96,11,218,RAM
96,11,201,RAM
96,11,134,RAM
96,11,191,RAM
96,11,54,RAM
96,11,225,RAM
96,11,37,RAM
96,11,231,SSD
96,12,42,RAM
96,12,9,RAM
96,12,208,RAM
96,12,60,SSD
96,12,12,SSD
96,12,148,RAM
96,12,219,RAM
96,12,238,SSD
96,13,174,RAM
96,13,228,RAM
96,13,151,RAM
96,13,19,RAM
96,13,120,RAM
96,13,148,RAM
96,13,31,RAM
96,13,125,SSD
96,14,189,RAM
96,14,67,RAM
96,14,239,RAM
96,14,35,RAM
96,14,14,RAM
96,14,87,RAM
96,14,201,RAM
96,14,22,SSD
96,15,54,RAM
96,15,249,RAM
96,15,28,RAM
96,15,206,RAM
96,15,142,SSD
96,15,250,RAM
96,15,133,RAM
96,15,145,RAM
96,16,193,RAM
96,16,169,RAM
96,16,53,RAM
96,16,82,RAM
96,16,31,RAM
96,16,190,SSD
96,16,195,RAM
96,16,116,RAM
96,17,62,SSD
96,17,214,RAM
96,17,66,RAM
96,17,204,RAM
96,17,47,RAM
96,17,8,RAM
96,17,185,RAM
96,17,28,RAM
96,18,141,RAM
96,18,117,RAM
96,18,151,RAM
96,18,72,RAM
96,18,45,RAM
96,18,219,RAM
96,18,48,RAM
96,18,110,RAM
96,19,96,RAM
96,19,248,RAM
96,19,135,RAM
96,19,85,RAM
96,19,173,RAM
96,19,137,RAM
96,19,230,RAM
96,19,249,SSD
96,20,41,RAM
96,20,3,RAM
96,20,151,RAM
96,20,224,RAM
96,20,165,RAM
96,20,68,RAM
96,20,194,RAM
96,20,110,SSD
96,21,103,RAM
96,21,107,RAM
96,21,243,RAM
96,21,166,RAM
96,21,22,RAM
96,21,146,RAM
96,21,214,RAM
96,21,84,RAM
96,22,154,RAM
96,22,242,RAM
96,22,12,RAM
96,22,146,RAM
96,22,232,RAM
96,22,216,SSD
96,22,220,RAM
96,22,26,RAM
96,23,201,RAM
96,23,218,RAM
96,23,134,RAM
96,23,54,RAM
96,23,202,RAM
96,23,59,RAM
96,23,231,SSD
96,23,37,RAM
96,24,9,RAM
96,24,42,RAM
96,24,11,RAM
96,24,128,RAM
96,24,116,RAM
96,24,178,SSD
96,24,181,RAM
96,24,148,RAM
96,25,228,RAM
96,25,174,RAM
96,25,19,RAM
96,25,31,SSD
96,25,151,RAM
96,25,137,RAM
96,25,120,RAM
96,25,148,RAM
96,26,203,RAM
96,26,67,RAM
96,26,239,RAM
96,26,84,RAM
96,26,58,RAM
96,26,72,SSD
96,26,201,RAM
96,26,96,SSD
96,27,249,RAM
96,27,206,RAM
96,27,16,SSD
96,27,146,RAM
96,27,28,RAM
96,27,54,RAM
96,27,3,SSD
96,27,233,RAM
96,28,193,RAM
96,28,26,RAM
96,28,116,RAM
96,28,169,RAM
96,28,82,RAM
96,28,71,SSD
96,28,219,SSD
96,28,33,SSD
96,29,88,RAM
96,29,62,SSD
96,29,151,RAM
96,29,216,RAM
96,29,204,RAM
96,29,66,RAM
96,29,21,RAM
96,29,173,SSD
96,30,117,RAM
96,30,162,RAM
96,30,232,RAM
96,30,151,RAM
96,30,64,RAM
96,30,63,RAM
96,30,50,SSD
96,30,10,SSD
96,31,135,RAM
96,31,28,RAM
96,31,34,RAM
96,31,248,RAM
96,31,96,RAM
96,31,85,RAM
96,31,240,RAM
96,31,137,RAM
96,32,86,RAM
96,32,179,RAM
96,32,59,RAM
96,32,123,RAM
96,32,140,RAM
96,32,125,SSD
96,32,85,RAM
96,32,76,RAM
96,33,132,RAM
96,33,139,SSD
96,33,104,RAM
96,33,95,RAM
96,33,36,RAM
96,33,81,RAM
96,33,6,RAM
96,33,102,RAM
96,34,238,RAM
96,34,44,RAM
96,34,240,RAM
96,34,90,RAM
96,34,206,SSD
96,34,220,RAM
96,34,28,RAM
96,34,211,RAM
96,35,148,RAM
96,35,190,RAM
96,35,74,RAM
96,35,167,RAM
96,35,202,RAM
96,35,49,RAM
96,35,212,RAM
96,35,35,RAM
96,36,227,RAM
96,36,142,RAM
96,36,147,RAM
96,36,115,RAM
96,36,158,RAM
96,36,203,RAM
96,36,39,SSD
96,36,34,RAM
96,37,78,RAM
96,37,27,RAM
96,37,64,RAM
96,37,15,RAM
96,37,75,RAM
96,37,193,SSD
96,37,153,RAM
96,37,103,RAM
96,38,215,RAM
96,38,139,RAM
96,38,119,RAM
96,38,251,RAM
96,38,169,RAM
96,38,127,RAM
96,38,80,RAM
96,38,66,RAM
96,39,158,RAM
96,39,72,RAM
96,39,122,RAM
96,39,244,RAM
96,39,36,SSD
96,39,75,SSD
96,39,203,RAM
96,39,165,RAM
97,0,29,RAM
97,0,223,RAM
97,0,41,RAM
97,0,2,RAM
97,0,65,RAM
97,0,62,RAM
97,0,67,SSD
97,0,13,SSD
97,1,13,RAM
97,1,43,RAM
97,1,66,RAM
97,1,133,RAM
97,1,255,SSD
97,1,107,SSD
97,1,251,SSD
97,1,232,SSD
97,2,107,RAM
97,2,118,RAM
97,2,110,SSD
97,2,22,RAM
97,2,70,SSD
97,2,63,RAM
97,2,90,SSD
97,2,31,SSD
97,3,2,RAM
97,3,177,RAM
97,3,188,RAM
97,3,228,RAM
97,3,221,RAM
97,3,166,RAM
97,3,218,SSD
97,3,101,SSD
97,4,123,RAM
97,4,105,RAM
97,4,139,RAM
97,4,8,RAM
97,4,55,RAM
97,4,121,RAM
97,4,180,RAM
97,4,2,RAM
97,5,23,RAM
97,5,114,SSD
97,5,115,RAM
97,5,2,RAM
97,5,123,RAM
97,5,250,RAM
97,5,61,RAM
97,5,223,RAM
97,6,3,RAM
97,6,114,RAM
97,6,49,RAM
97,6,125,RAM
97,6,200,RAM
97,6,92,SSD
97,6,84,RAM
97,6,241,RAM
97,7,132,RAM
97,7,187,RAM
97,7,44,SSD
97,7,108,RAM
97,7,24,RAM
97,7,179,RAM
97,7,129,SSD
97,7,100,SSD
97,8,41,RAM
97,8,247,RAM
97,8,112,RAM
97,8,151,RAM
97,8,242,RAM
97,8,212,SSD
97,8,103,SSD
97,8,1,RAM
97,9,166,RAM
97,9,22,RAM
97,9,103,RAM
97,9,178,SSD
97,9,240,SSD
97,9,19,RAM
97,9,146,RAM
97,9,81,RAM
97,10,163,RAM
97,10,202,RAM
97,10,232,RAM
97,10,63,RAM
97,10,220,RAM
97,10,9,RAM
97,10,253,SSD
97,10,45,SSD
97,11,142,RAM
97,11,116,RAM
97,11,202,RAM
97,11,134,RAM
97,11,18,RAM
97,11,194,RAM
97,11,145,RAM
97,11,101,RAM
97,12,67,RAM
97,12,9,RAM
97,12,42,RAM
97,12,185,SSD
97,12,31,SSD
97,12,11,SSD
97,12,55,SSD
97,12,134,SSD
97,13,174,RAM
97,13,200,RAM
97,13,228,RAM
97,13,151,RAM
97,13,148,RAM
97,13,137,RAM
97,13,185,RAM
97,13,51,SSD
97,14,38,RAM
97,14,189,RAM
97,14,239,RAM
97,14,201,RAM
97,14,77,RAM
97,14,216,RAM
97,14,58,RAM
97,14,229,RAM
97,15,103,RAM
97,15,127,RAM
97,15,145,RAM
97,15,249,RAM
97,15,241,RAM
97,15,206,RAM
97,15,99,SSD
97,15,240,SSD
97,16,169,RAM
97,16,78,SSD
97,16,13,RAM
97,16,31,RAM
97,16,116,RAM
97,16,195,RAM
97,16,198,SSD
97,16,146,RAM
97,17,100,RAM
97,17,155,RAM
97,17,28,RAM
97,17,65,RAM
97,17,66,RAM
97,17,69,RAM
97,17,151,RAM
97,17,236,RAM
97,18,6,RAM
97,18,117,RAM
97,18,45,RAM
97,18,10,RAM
97,18,64,RAM
97,18,233,SSD
97,18,162,RAM
97,18,110,RAM
97,19,248,RAM
97,19,151,RAM
97,19,190,RAM
97,19,135,RAM
97,19,96,RAM
97,19,28,SSD
97,19,95,RAM
97,19,34,RAM
97,20,41,RAM
97,20,112,RAM
97,20,247,RAM
97,20,151,RAM
97,20,165,RAM
97,20,57,RAM
97,20,242,RAM
97,20,3,RAM
97,21,103,RAM
97,21,166,RAM
97,21,178,SSD
97,21,214,RAM
97,21,243,RAM
97,21,22,RAM
97,21,19,RAM
97,21,58,RAM
97,22,163,RAM
97,22,232,RAM
97,22,121,RAM
97,22,76,RAM
97,22,78,RAM
97,22,108,RAM
97,22,253,SSD
97,22,202,RAM
97,23,142,RAM
97,23,18,RAM
97,23,40,RAM
97,23,61,RAM
97,23,134,RAM
97,23,194,RAM
97,23,181,RAM
97,23,202,RAM
97,24,9,RAM
97,24,106,RAM
97,24,42,RAM
97,24,67,RAM
97,24,60,RAM
97,24,218,RAM
97,24,185,RAM
97,24,91,RAM
97,25,174,RAM
97,25,148,RAM
97,25,200,RAM
97,25,228,RAM
97,25,151,RAM
97,25,5,SSD
97,25,208,RAM
97,25,35,SSD
97,26,38,RAM
97,26,239,RAM
97,26,110,RAM
97,26,189,RAM
97,26,201,RAM
97,26,229,RAM
97,26,58,RAM
97,26,35,RAM
97,27,127,RAM
97,27,241,RAM
97,27,103,RAM
97,27,206,RAM
97,27,145,RAM
97,27,139,RAM
97,27,120,SSD
97,27,233,RAM
97,28,169,RAM
97,28,78,RAM
97,28,185,RAM
97,28,63,RAM
97,28,146,RAM
97,28,191,RAM
97,28,149,RAM
97,28,197,SSD
97,29,204,RAM
97,29,100,RAM
97,29,65,RAM
97,29,69,RAM
97,29,155,RAM
97,29,151,RAM
97,29,102,RAM
97,29,236,RAM
97,30,6,RAM
97,30,117,RAM
97,30,45,RAM
97,30,64,RAM
97,30,130,SSD
97,30,94,RAM
97,30,98,SSD
97,30,97,RAM
97,31,248,RAM
97,31,28,RAM
97,31,240,RAM
97,31,95,RAM
97,31,96,RAM
97,31,51,RAM
97,31,233,RAM
97,31,135,RAM
97,32,75,RAM
97,32,17,RAM
97,32,59,RAM
97,32,64,RAM
97,32,7,RAM
97,32,245,SSD
97,32,162,SSD
97,32,157,SSD
97,33,133,SSD
97,33,5,RAM
97,33,23,RAM
97,33,94,RAM
97,33,214,RAM
97,33,105,SSD
97,33,81,RAM
97,33,6,RAM
97,34,12,RAM
97,34,227,RAM
97,34,177,RAM
97,34,205,RAM
97,34,19,RAM
97,34,58,RAM
97,34,211,RAM
97,34,90,RAM
97,35,49,RAM
97,35,35,RAM
97,35,21,SSD
97,35,7,RAM
97,35,183,SSD
97,35,129,RAM
97,35,15,SSD
97,35,167,RAM
97,36,234,SSD
97,36,253,RAM
97,36,119,RAM
97,36,203,RAM
97,36,151,SSD
97,36,29,SSD
97,36,64,SSD
97,36,165,SSD
97,37,165,RAM
97,37,25,SSD
97,37,126,RAM
97,37,16,RAM
97,37,250,SSD
97,37,185,SSD
97,37,186,SSD
97,37,130,SSD
97,38,139,RAM
97,38,37,RAM
97,38,8,SSD
97,38,140,SSD
97,38,209,SSD
97,38,173,RAM
97,38,233,RAM
97,38,91,SSD
97,39,165,RAM
97,39,80,SSD
97,39,208,RAM
97,39,167,SSD
97,39,103,SSD
97,39,27,RAM
97,39,166,SSD
97,39,146,RAM
98,0,69,SSD
98,0,98,SSD
98,0,93,RAM
98,0,80,RAM
98,0,96,RAM
98,0,117,RAM
98,0,226,RAM
98,0,198,RAM
98,1,195,RAM
98,1,227,SSD
98,1,157,RAM
98,1,183,SSD
98,1,120,RAM
98,1,2,RAM
98,1,230,RAM
98,1,154,RAM
98,2,118,RAM
98,2,2,RAM
98,2,63,RAM
98,2,246,RAM
98,2,45,SSD
98,2,148,SSD
98,2,137,SSD
98,2,65,SSD
98,3,2,RAM
98,3,221,RAM
98,3,122,RAM
98,3,188,RAM
98,3,170,RAM
98,3,124,SSD
98,3,132,SSD
98,3,228,RAM
98,4,123,RAM
98,4,105,RAM
98,4,119,RAM
98,4,8,RAM
98,4,55,RAM
98,4,139,RAM
98,4,60,RAM
98,4,2,RAM
98,5,114,RAM
98,5,23,RAM
98,5,123,RAM
98,5,194,RAM
98,5,61,RAM
98,5,2,RAM
98,5,151,RAM
98,5,0,RAM
98,6,3,RAM
98,6,114,RAM
98,6,16,RAM
98,6,90,SSD
98,6,49,RAM
98,6,125,RAM
98,6,200,RAM
98,6,241,RAM
98,7,132,RAM
98,7,24,RAM
98,7,253,SSD
98,7,151,RAM
98,7,187,RAM
98,7,179,RAM
98,7,203,RAM
98,7,66,SSD
98,8,41,RAM
98,8,112,RAM
98,8,247,RAM
98,8,151,RAM
98,8,242,RAM
98,8,3,RAM
98,8,224,RAM
98,8,1,RAM
98,9,166,RAM
98,9,19,RAM
98,9,22,RAM
98,9,178,RAM
98,9,103,RAM
98,9,240,RAM
98,9,206,RAM
98,9,243,RAM
98,10,163,RAM
98,10,202,RAM
98,10,63,RAM
98,10,229,RAM
98,10,226,RAM
98,10,232,RAM
98,10,108,RAM
98,10,189,SSD
98,11,18,RAM
98,11,134,RAM
98,11,142,RAM
98,11,116,RAM
98,11,202,RAM
98,11,25,SSD
98,11,61,SSD
98,11,40,SSD
98,12,42,RAM
98,12,9,RAM
98,12,67,RAM
98,12,106,RAM
98,12,137,SSD
98,12,218,RAM
98,12,2,RAM
98,12,244,RAM
98,13,148,RAM
98,13,174,RAM
98,13,200,RAM
98,13,228,RAM
98,13,151,RAM
98,13,192,SSD
98,13,35,SSD
98,13,31,RAM
98,14,189,RAM
98,14,38,RAM
98,14,229,RAM
98,14,134,SSD
98,14,239,RAM
98,14,201,RAM
98,14,35,RAM
98,14,58,RAM
98,15,241,RAM
98,15,249,RAM
98,15,145,RAM
98,15,206,RAM
98,15,240,RAM
98,15,99,RAM
98,15,54,RAM
98,15,103,RAM
98,16,78,RAM
98,16,169,RAM
98,16,149,RAM
98,16,13,RAM
98,16,146,RAM
98,16,195,RAM
98,16,147,SSD
98,16,31,RAM
98,17,100,RAM
98,17,69,RAM
98,17,65,RAM
98,17,28,RAM
98,17,204,RAM
98,17,217,RAM
98,17,244,SSD
98,17,236,RAM
98,18,117,RAM
98,18,6,RAM
98,18,45,RAM
98,18,64,RAM
98,18,48,RAM
98,18,162,RAM
98,18,63,RAM
98,18,10,RAM
98,19,248,RAM
98,19,151,RAM
98,19,96,RAM
98,19,34,RAM
98,19,135,RAM
98,19,190,RAM
98,19,51,RAM
98,19,95,RAM
98,20,41,RAM
98,20,112,RAM
98,20,3,RAM
98,20,247,RAM
98,20,57,RAM
98,20,151,RAM
98,20,165,RAM
98,20,68,RAM
98,21,103,RAM
98,21,166,RAM
98,21,19,RAM
98,21,243,RAM
98,21,22,RAM
98,21,178,RAM
98,21,206,RAM
98,21,214,RAM
98,22,163,RAM
98,22,76,RAM
98,22,121,RAM
98,22,226,RAM
98,22,232,RAM
98,22,108,RAM
98,22,245,SSD
98,22,115,RAM
98,23,18,RAM
98,23,61,RAM
98,23,134,RAM
98,23,207,RAM
98,23,142,RAM
98,23,40,RAM
98,23,194,RAM
98,23,181,RAM
98,24,9,RAM
98,24,42,RAM
98,24,106,RAM
98,24,218,RAM
98,24,174,RAM
98,24,60,RAM
98,24,67,RAM
98,24,79,RAM
98,25,148,RAM
98,25,174,RAM
98,25,200,RAM
98,25,228,RAM
98,25,192,SSD
98,25,151,RAM
98,25,208,RAM
98,25,114,SSD
98,26,38,RAM
98,26,239,RAM
98,26,254,SSD
98,26,110,RAM
98,26,229,RAM
98,26,201,RAM
98,26,40,SSD
98,26,189,RAM
98,27,241,RAM
98,27,127,RAM
98,27,206,RAM
98,27,233,RAM
98,27,145,RAM
98,27,103,RAM
98,27,99,SSD
98,27,139,RAM
98,28,78,RAM
98,28,185,RAM
98,28,169,RAM
98,28,149,RAM
98,28,146,RAM
98,28,191,RAM
98,28,197,RAM
98,28,63,RAM
98,29,65,RAM
98,29,155,RAM
98,29,69,RAM
98,29,204,RAM
98,29,236,RAM
98,29,102,RAM
98,29,100,RAM
98,29,249,SSD
98,30,6,RAM
98,30,117,RAM
98,30,45,RAM
98,30,94,RAM
98,30,64,RAM
98,30,251,RAM
98,30,98,RAM
98,30,121,SSD
98,31,240,RAM
98,31,28,RAM
98,31,95,RAM
98,31,233,RAM
98,31,248,RAM
98,31,96,RAM
98,31,51,RAM
98,31,25,RAM
98,32,17,RAM
98,32,199,RAM
98,32,89,RAM
98,32,245,RAM
98,32,7,RAM
98,32,59,RAM
98,32,64,RAM
98,32,247,RAM
98,33,94,RAM
98,33,23,RAM
98,33,105,RAM
98,33,214,RAM
98,33,81,RAM
98,33,117,RAM
98,33,72,RAM
98,33,108,RAM
98,34,12,RAM
98,34,54,RAM
98,34,187,RAM
98,34,58,RAM
98,34,19,RAM
98,34,182,RAM
98,34,177,RAM
98,34,34,SSD
98,35,49,RAM
98,35,35,RAM
98,35,183,RAM
98,35,7,RAM
98,35,202,RAM
98,35,167,RAM
98,35,29,RAM
98,35,21,RAM
98,36,253,RAM
98,36,8,RAM
98,36,0,RAM
98,36,203,RAM
98,36,158,RAM
98,36,119,RAM
98,36,29,RAM
98,36,57,SSD
98,37,164,RAM
98,37,64,RAM
98,37,165,RAM
98,37,220,RAM
98,37,84,RAM
98,37,75,RAM
98,37,186,RAM
98,37,250,RAM
98,38,136,RAM
98,38,139,RAM
98,38,22,RAM
98,38,37,RAM
98,38,32,RAM
98,38,196,SSD
98,38,161,SSD
98,38,233,RAM
98,39,23,RAM
98,39,16,RAM
98,39,68,RAM
98,39,241,RAM
98,39,103,RAM
98,39,146,RAM
98,39,53,SSD
98,39,80,RAM
99,0,212,RAM
99,0,218,RAM
99,0,40,SSD
99,0,65,RAM
99,0,207,SSD
99,0,194,RAM
99,0,110,SSD
99,0,157,SSD
99,1,166,RAM
99,1,98,RAM
99,1,190,RAM
99,1,165,RAM
99,1,183,RAM
99,1,95,SSD
99,1,154,RAM
99,1,131,RAM
99,2,246,RAM
99,2,2,RAM
99,2,45,RAM
99,2,13,SSD
99,2,5,RAM
99,2,112,SSD
99,2,72,SSD
99,2,213,SSD
99,3,124,RAM
99,3,132,RAM
99,3,247,RAM
99,3,216,SSD
99,3,195,RAM
99,3,9,SSD
99,3,105,RAM
99,3,97,SSD
99,4,123,RAM
99,4,133,RAM
99,4,180,RAM
99,4,2,RAM
99,4,138,SSD
99,4,242,SSD
99,4,139,RAM
99,4,55,RAM
99,5,23,RAM
99,5,31,RAM
99,5,213,RAM
99,5,230,SSD
99,5,3,RAM
99,5,123,RAM
99,5,151,RAM
99,5,24,SSD
99,6,114,RAM
99,6,129,RAM
99,6,241,RAM
99,6,243,RAM
99,6,200,RAM
99,6,49,RAM
99,6,3,RAM
99,6,16,RAM
99,7,61,RAM
99,7,19,RAM
99,7,253,RAM
99,7,132,RAM
99,7,129,RAM
99,7,131,RAM
99,7,108,RAM
99,7,243,RAM
99,8,247,RAM
99,8,157,RAM
99,8,41,RAM
99,8,47,SSD
99,8,1,RAM
99,8,100,SSD
99,8,112,RAM
99,8,151,RAM
99,9,148,SSD
99,9,22,RAM
99,9,166,RAM
99,9,103,RAM
99,9,107,RAM
99,9,230,SSD
99,9,101,RAM
99,9,146,RAM
99,10,220,RAM
99,10,232,RAM
99,10,202,RAM
99,10,253,RAM
99,10,154,RAM
99,10,48,SSD
99,10,108,RAM
99,10,93,SSD
99,11,210,SSD
99,11,54,RAM
99,11,93,SSD
99,11,116,RAM
99,11,158,RAM
99,11,201,RAM
99,11,202,RAM
99,11,156,SSD
99,12,42,RAM
99,12,9,RAM
99,12,185,RAM
99,12,148,RAM
99,12,31,RAM
99,12,55,RAM
99,12,19,SSD
99,12,139,SSD
99,13,148,RAM
99,13,174,RAM
99,13,228,RAM
99,13,51,RAM
99,13,37,RAM
99,13,192,RAM
99,13,151,RAM
99,13,31,RAM
99,14,134,RAM
99,14,189,RAM
99,14,201,RAM
99,14,38,RAM
99,14,239,RAM
99,14,77,RAM
99,14,254,SSD
99,14,115,SSD
99,15,249,RAM
99,15,145,RAM
99,15,206,RAM
99,15,122,SSD
99,15,116,RAM
99,15,127,RAM
99,15,151,RAM
99,15,28,RAM
99,16,169,RAM
99,16,31,RAM
99,16,195,RAM
99,16,64,SSD
99,16,201,RAM
99,16,198,RAM
99,16,138,SSD
99,16,146,RAM
99,17,66,RAM
99,17,217,RAM
99,17,204,RAM
99,17,69,RAM
99,17,216,SSD
99,17,151,RAM
99,17,244,RAM
99,17,28,RAM
99,18,117,RAM
99,18,45,RAM
99,18,72,RAM
99,18,151,RAM
99,18,64,RAM
99,18,130,SSD
99,18,10,RAM
99,18,48,RAM
99,19,248,RAM
99,19,135,RAM
99,19,190,RAM
99,19,151,RAM
99,19,95,RAM
99,19,96,RAM
99,19,18,SSD
99,19,230,RAM
99,20,41,RAM
99,20,247,RAM
99,20,157,RAM
99,20,151,RAM
99,20,3,RAM
99,20,165,RAM
99,20,68,RAM
99,20,112,RAM
99,21,22,RAM
99,21,103,RAM
99,21,166,RAM
99,21,148,RAM
99,21,240,RAM
99,21,243,RAM
99,21,99,SSD
99,21,214,RAM
99,22,220,RAM
99,22,232,RAM
99,22,19,RAM
99,22,76,RAM
99,22,78,RAM
99,22,202,RAM
99,22,11,SSD
99,22,92,SSD
99,23,210,SSD
99,23,158,RAM
99,23,201,RAM
99,23,134,RAM
99,23,54,RAM
99,23,34,SSD
99,23,154,SSD
99,23,123,SSD
99,24,174,RAM
99,24,128,RAM
99,24,9,RAM
99,24,51,SSD
99,24,42,RAM
99,24,213,SSD
99,24,148,RAM
99,24,218,RAM
99,25,35,RAM
99,25,174,RAM
99,25,37,RAM
99,25,19,RAM
99,25,137,RAM
99,25,228,RAM
99,25,222,SSD
99,25,183,SSD
99,26,110,RAM
99,26,67,RAM
99,26,84,RAM
99,26,209,SSD
99,26,203,RAM
99,26,201,RAM
99,26,239,RAM
99,26,73,RAM
99,27,206,RAM
99,27,27,SSD
99,27,203,SSD
99,27,249,RAM
99,27,127,RAM
99,27,145,RAM
99,27,178,SSD
99,27,146,RAM
99,28,193,RAM
99,28,169,RAM
99,28,116,RAM
99,28,82,RAM
99,28,26,RAM
99,28,63,RAM
99,28,78,RAM
99,28,219,RAM
99,29,88,RAM
99,29,216,RAM
99,29,151,RAM
99,29,204,RAM
99,29,173,RAM
99,29,66,RAM
99,29,249,RAM
99,29,49,SSD
99,30,117,RAM
99,30,162,RAM
99,30,151,RAM
99,30,232,RAM
99,30,64,RAM
99,30,50,RAM
99,30,130,RAM
99,30,10,RAM
99,31,34,RAM
99,31,135,RAM
99,31,248,RAM
99,31,137,RAM
99,31,96,RAM
99,31,28,RAM
99,31,43,SSD
99,31,95,RAM
99,32,179,RAM
99,32,116,RAM
99,32,140,RAM
99,32,59,RAM
99,32,86,RAM
99,32,7,RAM
99,32,125,RAM
99,32,46,SSD
99,33,182,RAM
99,33,104,RAM
99,33,206,RAM
99,33,18,RAM
99,33,132,RAM
99,33,59,RAM
99,33,227,SSD
99,33,81,RAM
99,34,205,RAM
99,34,44,RAM
99,34,238,RAM
99,34,152,RAM
99,34,177,RAM
99,34,28,RAM
99,34,206,RAM
99,34,202,SSD
99,35,190,RAM
99,35,148,RAM
99,35,74,RAM
99,35,198,SSD
99,35,95,SSD
99,35,202,RAM
99,35,167,RAM
99,35,102,SSD
99,36,251,RAM
99,36,227,RAM
99,36,115,RAM
99,36,158,RAM
99,36,203,RAM
99,36,39,RAM
99,36,147,RAM
99,36,59,SSD
99,37,64,RAM
99,37,175,SSD
99,37,165,RAM
99,37,69,SSD
99,37,160,SSD
99,37,12,SSD
99,37,242,SSD
99,37,103,RAM
99,38,124,RAM
99,38,42,SSD
99,38,254,SSD
99,38,8,RAM
99,38,173,RAM
99,38,10,SSD
99,38,177,SSD
99,38,245,SSD
99,39,55,SSD
99,39,6,SSD
99,39,27,RAM
99,39,151,SSD
99,39,22,SSD
99,39,198,SSD
99,39,206,SSD
99,39,128,SSD
