token_idx,name,duration_ms
0,Attention,845.3770710002573
0,Load base weight model.language_model.layers.0.mlp.shared_expert.gate_proj.weight,2.0482879990595393
0,Load base weight model.language_model.layers.0.mlp.shared_expert.up_proj.weight,0.3760569998121355
0,Load base weight model.language_model.layers.0.mlp.shared_expert.down_proj.weight,0.32898100107559003
0,Load base weight model.language_model.layers.0.mlp.shared_expert_gate.weight,0.044463002268457785
0,MoE / MLP,946.541386001627
0,Attention,12.938339001266286
0,Load base weight model.language_model.layers.1.mlp.shared_expert.gate_proj.weight,0.7595580027555116
0,Load base weight model.language_model.layers.1.mlp.shared_expert.up_proj.weight,0.7158389998949133
0,Load base weight model.language_model.layers.1.mlp.shared_expert.down_proj.weight,0.6074239972804207
0,Load base weight model.language_model.layers.1.mlp.shared_expert_gate.weight,0.10898900291067548
0,MoE / MLP,613.3101830018859
0,Attention,10.268124999129213
0,Load base weight model.language_model.layers.2.mlp.shared_expert.gate_proj.weight,0.6521939976664726
0,Load base weight model.language_model.layers.2.mlp.shared_expert.up_proj.weight,0.5682779992639553
0,Load base weight model.language_model.layers.2.mlp.shared_expert.down_proj.weight,0.48145400069188327
0,Load base weight model.language_model.layers.2.mlp.shared_expert_gate.weight,0.07673599975532852
0,MoE / MLP,325.3946939985326
0,Attention,11.915830000361893
0,Load base weight model.language_model.layers.3.mlp.shared_expert.gate_proj.weight,2.218730001914082
0,Load base weight model.language_model.layers.3.mlp.shared_expert.up_proj.weight,1.4955719998397399
0,Load base weight model.language_model.layers.3.mlp.shared_expert.down_proj.weight,2.2991350015217904
0,Load base weight model.language_model.layers.3.mlp.shared_expert_gate.weight,0.12951999815413728
0,MoE / MLP,370.04279300163034
0,Attention,11.462431997642852
0,Load base weight model.language_model.layers.4.mlp.shared_expert.gate_proj.weight,0.7267330001923256
0,Load base weight model.language_model.layers.4.mlp.shared_expert.up_proj.weight,0.6373719988914672
0,Load base weight model.language_model.layers.4.mlp.shared_expert.down_proj.weight,0.5838689976371825
0,Load base weight model.language_model.layers.4.mlp.shared_expert_gate.weight,0.0970129985944368
0,MoE / MLP,277.58959799757577
0,Attention,9.662778000347316
0,Load base weight model.language_model.layers.5.mlp.shared_expert.gate_proj.weight,0.6882950001454446
0,Load base weight model.language_model.layers.5.mlp.shared_expert.up_proj.weight,0.5555650022870395
0,Load base weight model.language_model.layers.5.mlp.shared_expert.down_proj.weight,0.6292100006248802
0,Load base weight model.language_model.layers.5.mlp.shared_expert_gate.weight,0.07162600013543852
0,MoE / MLP,307.83548099861946
0,Attention,9.798448998481035
0,Load base weight model.language_model.layers.6.mlp.shared_expert.gate_proj.weight,0.874925000971416
0,Load base weight model.language_model.layers.6.mlp.shared_expert.up_proj.weight,0.7328529973165132
0,Load base weight model.language_model.layers.6.mlp.shared_expert.down_proj.weight,0.7254840020323172
0,Load base weight model.language_model.layers.6.mlp.shared_expert_gate.weight,0.07556499986094423
0,MoE / MLP,252.96307600001455
0,Attention,1.8549839987827
0,Load base weight model.language_model.layers.7.mlp.shared_expert.gate_proj.weight,0.7263139996211976
0,Load base weight model.language_model.layers.7.mlp.shared_expert.up_proj.weight,1.2814520014217123
0,Load base weight model.language_model.layers.7.mlp.shared_expert.down_proj.weight,1.4160940008878242
0,Load base weight model.language_model.layers.7.mlp.shared_expert_gate.weight,0.0942939986998681
0,MoE / MLP,276.87199900174164
0,Attention,10.300656998879276
0,Load base weight model.language_model.layers.8.mlp.shared_expert.gate_proj.weight,0.9025660001498181
0,Load base weight model.language_model.layers.8.mlp.shared_expert.up_proj.weight,0.6971549992158543
0,Load base weight model.language_model.layers.8.mlp.shared_expert.down_proj.weight,1.221951999468729
0,Load base weight model.language_model.layers.8.mlp.shared_expert_gate.weight,0.10085100075230002
0,MoE / MLP,243.9045549981529
0,Attention,10.808620998432161
0,Load base weight model.language_model.layers.9.mlp.shared_expert.gate_proj.weight,0.8319730004586745
0,Load base weight model.language_model.layers.9.mlp.shared_expert.up_proj.weight,0.6640989995503332
0,Load base weight model.language_model.layers.9.mlp.shared_expert.down_proj.weight,0.6586030031030532
0,Load base weight model.language_model.layers.9.mlp.shared_expert_gate.weight,0.07022999852779321
0,MoE / MLP,253.6009549985465
0,Attention,15.046954002173152
0,Load base weight model.language_model.layers.10.mlp.shared_expert.gate_proj.weight,0.746391000575386
0,Load base weight model.language_model.layers.10.mlp.shared_expert.up_proj.weight,0.517118998686783
0,Load base weight model.language_model.layers.10.mlp.shared_expert.down_proj.weight,0.582740998652298
0,Load base weight model.language_model.layers.10.mlp.shared_expert_gate.weight,0.0824269991426263
0,MoE / MLP,274.776242000371
0,Attention,1.8816510018950794
0,Load base weight model.language_model.layers.11.mlp.shared_expert.gate_proj.weight,1.7588720002095215
0,Load base weight model.language_model.layers.11.mlp.shared_expert.up_proj.weight,1.6629980018478818
0,Load base weight model.language_model.layers.11.mlp.shared_expert.down_proj.weight,0.8436530006292742
0,Load base weight model.language_model.layers.11.mlp.shared_expert_gate.weight,0.10278500121785328
0,MoE / MLP,385.52118499865173
0,Attention,10.503299999982119
0,Load base weight model.language_model.layers.12.mlp.shared_expert.gate_proj.weight,0.8123879997583572
0,Load base weight model.language_model.layers.12.mlp.shared_expert.up_proj.weight,0.6557519991474692
0,Load base weight model.language_model.layers.12.mlp.shared_expert.down_proj.weight,0.6200020034157205
0,Load base weight model.language_model.layers.12.mlp.shared_expert_gate.weight,0.0728960003471002
0,MoE / MLP,263.32421799816075
0,Attention,10.012971000833204
0,Load base weight model.language_model.layers.13.mlp.shared_expert.gate_proj.weight,0.9839569975156337
0,Load base weight model.language_model.layers.13.mlp.shared_expert.up_proj.weight,0.6170749984448776
0,Load base weight model.language_model.layers.13.mlp.shared_expert.down_proj.weight,0.6186999999044929
0,Load base weight model.language_model.layers.13.mlp.shared_expert_gate.weight,0.06859600034658797
0,MoE / MLP,254.61516699942877
0,Attention,9.4550710018666
0,Load base weight model.language_model.layers.14.mlp.shared_expert.gate_proj.weight,0.8883510017767549
0,Load base weight model.language_model.layers.14.mlp.shared_expert.up_proj.weight,0.6864329989184625
0,Load base weight model.language_model.layers.14.mlp.shared_expert.down_proj.weight,0.652904996968573
0,Load base weight model.language_model.layers.14.mlp.shared_expert_gate.weight,0.07166700015659444
0,MoE / MLP,277.74941000097897
0,Attention,1.8201169987150934
0,Load base weight model.language_model.layers.15.mlp.shared_expert.gate_proj.weight,0.8177279996743891
0,Load base weight model.language_model.layers.15.mlp.shared_expert.up_proj.weight,0.6007029987813439
0,Load base weight model.language_model.layers.15.mlp.shared_expert.down_proj.weight,0.5936910019954666
0,Load base weight model.language_model.layers.15.mlp.shared_expert_gate.weight,0.07551800081273541
0,MoE / MLP,312.5692909998179
0,Attention,9.835789001954254
0,Load base weight model.language_model.layers.16.mlp.shared_expert.gate_proj.weight,0.9147190030489583
0,Load base weight model.language_model.layers.16.mlp.shared_expert.up_proj.weight,0.5872129986528307
0,Load base weight model.language_model.layers.16.mlp.shared_expert.down_proj.weight,0.7091639999998733
0,Load base weight model.language_model.layers.16.mlp.shared_expert_gate.weight,0.07834000280126929
0,MoE / MLP,266.2369009995018
0,Attention,8.960860999650322
0,Load base weight model.language_model.layers.17.mlp.shared_expert.gate_proj.weight,0.5677040026057512
0,Load base weight model.language_model.layers.17.mlp.shared_expert.up_proj.weight,0.5334390007192269
0,Load base weight model.language_model.layers.17.mlp.shared_expert.down_proj.weight,0.506554999446962
0,Load base weight model.language_model.layers.17.mlp.shared_expert_gate.weight,0.06523100091726519
0,MoE / MLP,373.90537899773335
0,Attention,11.801272001321195
0,Load base weight model.language_model.layers.18.mlp.shared_expert.gate_proj.weight,0.8041809996939264
0,Load base weight model.language_model.layers.18.mlp.shared_expert.up_proj.weight,0.564515998121351
0,Load base weight model.language_model.layers.18.mlp.shared_expert.down_proj.weight,0.5286199993861374
0,Load base weight model.language_model.layers.18.mlp.shared_expert_gate.weight,0.08976099707069807
0,MoE / MLP,287.8472580014204
0,Attention,1.7849239993665833
0,Load base weight model.language_model.layers.19.mlp.shared_expert.gate_proj.weight,2.123410002241144
0,Load base weight model.language_model.layers.19.mlp.shared_expert.up_proj.weight,1.153393997810781
0,Load base weight model.language_model.layers.19.mlp.shared_expert.down_proj.weight,2.125732000422431
0,Load base weight model.language_model.layers.19.mlp.shared_expert_gate.weight,0.1523159990028944
0,MoE / MLP,265.24954799970146
0,Attention,11.420034999900963
0,Load base weight model.language_model.layers.20.mlp.shared_expert.gate_proj.weight,0.834775000839727
0,Load base weight model.language_model.layers.20.mlp.shared_expert.up_proj.weight,0.5774479977844749
0,Load base weight model.language_model.layers.20.mlp.shared_expert.down_proj.weight,1.224849998834543
0,Load base weight model.language_model.layers.20.mlp.shared_expert_gate.weight,0.11085200094385073
0,MoE / MLP,259.08152400006657
0,Attention,10.551908002526034
0,Load base weight model.language_model.layers.21.mlp.shared_expert.gate_proj.weight,0.7536159973824397
0,Load base weight model.language_model.layers.21.mlp.shared_expert.up_proj.weight,0.6184730009408668
0,Load base weight model.language_model.layers.21.mlp.shared_expert.down_proj.weight,0.6127990018285345
0,Load base weight model.language_model.layers.21.mlp.shared_expert_gate.weight,0.08016699939616956
0,MoE / MLP,258.9295969992236
0,Attention,9.319426000729436
0,Load base weight model.language_model.layers.22.mlp.shared_expert.gate_proj.weight,0.5912490014452487
0,Load base weight model.language_model.layers.22.mlp.shared_expert.up_proj.weight,0.5837790013174526
0,Load base weight model.language_model.layers.22.mlp.shared_expert.down_proj.weight,0.4718470008810982
0,Load base weight model.language_model.layers.22.mlp.shared_expert_gate.weight,0.06131899863248691
0,MoE / MLP,318.50616600058856
0,Attention,1.7521129993838258
0,Load base weight model.language_model.layers.23.mlp.shared_expert.gate_proj.weight,1.2992580013815314
0,Load base weight model.language_model.layers.23.mlp.shared_expert.up_proj.weight,1.3909110020904336
0,Load base weight model.language_model.layers.23.mlp.shared_expert.down_proj.weight,1.8516860000090674
0,Load base weight model.language_model.layers.23.mlp.shared_expert_gate.weight,0.10407300214865245
0,MoE / MLP,983.0340360022092
0,Attention,22.69446100035566
0,Load base weight model.language_model.layers.24.mlp.shared_expert.gate_proj.weight,1.287145001697354
0,Load base weight model.language_model.layers.24.mlp.shared_expert.up_proj.weight,0.795463001850294
0,Load base weight model.language_model.layers.24.mlp.shared_expert.down_proj.weight,0.7447230018442497
0,Load base weight model.language_model.layers.24.mlp.shared_expert_gate.weight,0.10641399785527028
0,MoE / MLP,597.0031010001549
0,Attention,12.19989699893631
0,Load base weight model.language_model.layers.25.mlp.shared_expert.gate_proj.weight,1.047581998136593
0,Load base weight model.language_model.layers.25.mlp.shared_expert.up_proj.weight,1.2317159998929128
0,Load base weight model.language_model.layers.25.mlp.shared_expert.down_proj.weight,0.7310069995583035
0,Load base weight model.language_model.layers.25.mlp.shared_expert_gate.weight,0.09317199874203652
0,MoE / MLP,359.6533290001389
0,Attention,28.088953000406036
0,Load base weight model.language_model.layers.26.mlp.shared_expert.gate_proj.weight,2.2925769990251865
0,Load base weight model.language_model.layers.26.mlp.shared_expert.up_proj.weight,0.9230239993485156
0,Load base weight model.language_model.layers.26.mlp.shared_expert.down_proj.weight,1.2385490008455236
0,Load base weight model.language_model.layers.26.mlp.shared_expert_gate.weight,0.2047300004051067
0,MoE / MLP,472.8475849988172
0,Attention,4.201247000310104
0,Load base weight model.language_model.layers.27.mlp.shared_expert.gate_proj.weight,2.486978002707474
0,Load base weight model.language_model.layers.27.mlp.shared_expert.up_proj.weight,1.2446910004655365
0,Load base weight model.language_model.layers.27.mlp.shared_expert.down_proj.weight,1.192551000713138
0,Load base weight model.language_model.layers.27.mlp.shared_expert_gate.weight,0.09818300168262795
0,MoE / MLP,1142.4586529974476
0,Attention,15.292398999008583
0,Load base weight model.language_model.layers.28.mlp.shared_expert.gate_proj.weight,2.528001001337543
0,Load base weight model.language_model.layers.28.mlp.shared_expert.up_proj.weight,1.3708990009035915
0,Load base weight model.language_model.layers.28.mlp.shared_expert.down_proj.weight,1.6767150009400211
0,Load base weight model.language_model.layers.28.mlp.shared_expert_gate.weight,0.1570899985381402
0,MoE / MLP,675.5606529986835
0,Attention,13.543165998271434
0,Load base weight model.language_model.layers.29.mlp.shared_expert.gate_proj.weight,3.3824029997049365
0,Load base weight model.language_model.layers.29.mlp.shared_expert.up_proj.weight,1.7846079972514417
0,Load base weight model.language_model.layers.29.mlp.shared_expert.down_proj.weight,1.0778659998322837
0,Load base weight model.language_model.layers.29.mlp.shared_expert_gate.weight,0.10840299728442915
0,MoE / MLP,831.9402300003276
0,Attention,9.801273998164106
0,Load base weight model.language_model.layers.30.mlp.shared_expert.gate_proj.weight,1.2736600001517218
0,Load base weight model.language_model.layers.30.mlp.shared_expert.up_proj.weight,0.6570200021087658
0,Load base weight model.language_model.layers.30.mlp.shared_expert.down_proj.weight,1.1214490004931577
0,Load base weight model.language_model.layers.30.mlp.shared_expert_gate.weight,0.10052799916593358
0,MoE / MLP,575.9695569977339
0,Attention,2.8911410008731764
0,Load base weight model.language_model.layers.31.mlp.shared_expert.gate_proj.weight,2.0743890017911326
0,Load base weight model.language_model.layers.31.mlp.shared_expert.up_proj.weight,6.140831002994673
0,Load base weight model.language_model.layers.31.mlp.shared_expert.down_proj.weight,1.5075689989316743
0,Load base weight model.language_model.layers.31.mlp.shared_expert_gate.weight,0.10798899893416092
0,MoE / MLP,344.54554799958714
0,Attention,12.216675000672694
0,Load base weight model.language_model.layers.32.mlp.shared_expert.gate_proj.weight,0.9191600001940969
0,Load base weight model.language_model.layers.32.mlp.shared_expert.up_proj.weight,0.7189190000644885
0,Load base weight model.language_model.layers.32.mlp.shared_expert.down_proj.weight,0.7508710004913155
0,Load base weight model.language_model.layers.32.mlp.shared_expert_gate.weight,0.08458700176561251
0,MoE / MLP,745.6280619990139
0,Attention,12.435732998710591
0,Load base weight model.language_model.layers.33.mlp.shared_expert.gate_proj.weight,1.332292998995399
0,Load base weight model.language_model.layers.33.mlp.shared_expert.up_proj.weight,0.8895270002540201
0,Load base weight model.language_model.layers.33.mlp.shared_expert.down_proj.weight,0.7278769990080036
0,Load base weight model.language_model.layers.33.mlp.shared_expert_gate.weight,0.08528699981980026
0,MoE / MLP,527.3282000016479
0,Attention,11.925766000786098
0,Load base weight model.language_model.layers.34.mlp.shared_expert.gate_proj.weight,1.0227029997622594
0,Load base weight model.language_model.layers.34.mlp.shared_expert.up_proj.weight,1.5442320000147447
0,Load base weight model.language_model.layers.34.mlp.shared_expert.down_proj.weight,0.7467130017175805
0,Load base weight model.language_model.layers.34.mlp.shared_expert_gate.weight,0.13591800234280527
0,MoE / MLP,1025.663592001365
0,Attention,3.3198780001839623
0,Load base weight model.language_model.layers.35.mlp.shared_expert.gate_proj.weight,3.7900179995631333
0,Load base weight model.language_model.layers.35.mlp.shared_expert.up_proj.weight,2.732083998125745
0,Load base weight model.language_model.layers.35.mlp.shared_expert.down_proj.weight,3.718200998264365
0,Load base weight model.language_model.layers.35.mlp.shared_expert_gate.weight,0.22880599863128737
0,MoE / MLP,1070.7141589991807
0,Attention,14.598719000787241
0,Load base weight model.language_model.layers.36.mlp.shared_expert.gate_proj.weight,9.308891003456665
0,Load base weight model.language_model.layers.36.mlp.shared_expert.up_proj.weight,4.448229999979958
0,Load base weight model.language_model.layers.36.mlp.shared_expert.down_proj.weight,1.1043310005334206
0,Load base weight model.language_model.layers.36.mlp.shared_expert_gate.weight,0.10229200051981024
0,MoE / MLP,842.9870030013262
0,Attention,16.11198599857744
0,Load base weight model.language_model.layers.37.mlp.shared_expert.gate_proj.weight,2.20646200250485
0,Load base weight model.language_model.layers.37.mlp.shared_expert.up_proj.weight,0.9829400005401112
0,Load base weight model.language_model.layers.37.mlp.shared_expert.down_proj.weight,1.300494001043262
0,Load base weight model.language_model.layers.37.mlp.shared_expert_gate.weight,0.10481899880687706
0,MoE / MLP,306.65905400019255
0,Attention,11.323950002406491
0,Load base weight model.language_model.layers.38.mlp.shared_expert.gate_proj.weight,2.5187550018017646
0,Load base weight model.language_model.layers.38.mlp.shared_expert.up_proj.weight,0.9225960020557977
0,Load base weight model.language_model.layers.38.mlp.shared_expert.down_proj.weight,1.7227669995918404
0,Load base weight model.language_model.layers.38.mlp.shared_expert_gate.weight,0.20434600082808174
0,MoE / MLP,327.28847099861014
0,Attention,2.0660949994635303
0,Load base weight model.language_model.layers.39.mlp.shared_expert.gate_proj.weight,3.0747930031793658
0,Load base weight model.language_model.layers.39.mlp.shared_expert.up_proj.weight,1.4584879972971976
0,Load base weight model.language_model.layers.39.mlp.shared_expert.down_proj.weight,2.1074989999760874
0,Load base weight model.language_model.layers.39.mlp.shared_expert_gate.weight,0.11896800060640089
0,MoE / MLP,429.95953500212636
0,Router,88.2903060913086
0,Router,0.5025920271873474
0,Router,0.36454400420188904
0,Router,0.44543999433517456
0,Router,0.37887999415397644
0,Router,0.33792001008987427
0,Router,0.36048001050949097
0,Router,0.35756799578666687
0,Router,0.3635199964046478
0,Router,0.3786559998989105
0,Router,0.4259839951992035
0,Router,0.40937599539756775
0,Router,0.33587199449539185
0,Router,0.36048001050949097
0,Router,0.41471999883651733
0,Router,0.38604798913002014
0,Router,0.3840000033378601
0,Router,0.32153600454330444
0,Router,0.44543999433517456
0,Router,0.37376001477241516
0,Router,0.40038400888442993
0,Router,0.34803199768066406
0,Router,0.3134079873561859
0,Router,0.3911679983139038
0,Router,0.5980160236358643
0,Router,0.44252800941467285
0,Router,10.178720474243164
0,Router,0.44646400213241577
0,Router,0.4994879961013794
0,Router,0.47206398844718933
0,Router,0.41574400663375854
0,Router,0.4423680007457733
0,Router,0.419840008020401
0,Router,0.4352000057697296
0,Router,0.3952319920063019
0,Router,0.5079039931297302
0,Router,0.4679679870605469
0,Router,1.465343952178955
0,Router,0.4362240135669708
0,Router,0.4341759979724884
0,Norm,0.7813119888305664
0,LM Head,7.732223987579346
1,Attention,366.03946999821346
1,Load base weight model.language_model.layers.0.mlp.shared_expert.gate_proj.weight,1.070571001037024
1,Load base weight model.language_model.layers.0.mlp.shared_expert.up_proj.weight,0.5770299976575188
1,Load base weight model.language_model.layers.0.mlp.shared_expert.down_proj.weight,0.6317570005194284
1,Load base weight model.language_model.layers.0.mlp.shared_expert_gate.weight,0.09542900079395622
1,MoE / MLP,63.641163000283996
1,Attention,3.875219998008106
1,Load base weight model.language_model.layers.1.mlp.shared_expert.gate_proj.weight,0.9832060022745281
1,Load base weight model.language_model.layers.1.mlp.shared_expert.up_proj.weight,0.5380689981393516
1,Load base weight model.language_model.layers.1.mlp.shared_expert.down_proj.weight,0.5693200000678189
1,Load base weight model.language_model.layers.1.mlp.shared_expert_gate.weight,0.09345100261271
1,MoE / MLP,45.70850399977644
1,Attention,4.478167000343092
1,Load base weight model.language_model.layers.2.mlp.shared_expert.gate_proj.weight,0.9627649997128174
1,Load base weight model.language_model.layers.2.mlp.shared_expert.up_proj.weight,0.530768000317039
1,Load base weight model.language_model.layers.2.mlp.shared_expert.down_proj.weight,0.5017959992983378
1,Load base weight model.language_model.layers.2.mlp.shared_expert_gate.weight,0.09472800229559653
1,MoE / MLP,61.6248349979287
1,Attention,24.138940996635938
1,Load base weight model.language_model.layers.3.mlp.shared_expert.gate_proj.weight,2.5607850002415944
1,Load base weight model.language_model.layers.3.mlp.shared_expert.up_proj.weight,0.9829510017880239
1,Load base weight model.language_model.layers.3.mlp.shared_expert.down_proj.weight,2.507376997527899
1,Load base weight model.language_model.layers.3.mlp.shared_expert_gate.weight,0.15368499953183345
1,MoE / MLP,53.88183700051741
1,Attention,3.2429180027975235
1,Load base weight model.language_model.layers.4.mlp.shared_expert.gate_proj.weight,0.8910910000849981
1,Load base weight model.language_model.layers.4.mlp.shared_expert.up_proj.weight,0.5445860006147996
1,Load base weight model.language_model.layers.4.mlp.shared_expert.down_proj.weight,0.511394002387533
1,Load base weight model.language_model.layers.4.mlp.shared_expert_gate.weight,0.07535199983976781
1,MoE / MLP,34.09564300091006
1,Attention,3.153341000142973
1,Load base weight model.language_model.layers.5.mlp.shared_expert.gate_proj.weight,0.7365160017798189
1,Load base weight model.language_model.layers.5.mlp.shared_expert.up_proj.weight,0.5704480026906822
1,Load base weight model.language_model.layers.5.mlp.shared_expert.down_proj.weight,0.43077599912066944
1,Load base weight model.language_model.layers.5.mlp.shared_expert_gate.weight,0.06594200021936558
1,MoE / MLP,34.25233400048455
1,Attention,3.1906750009511597
1,Load base weight model.language_model.layers.6.mlp.shared_expert.gate_proj.weight,0.7954210013849661
1,Load base weight model.language_model.layers.6.mlp.shared_expert.up_proj.weight,0.6621930006076582
1,Load base weight model.language_model.layers.6.mlp.shared_expert.down_proj.weight,0.5378729983931407
1,Load base weight model.language_model.layers.6.mlp.shared_expert_gate.weight,0.14558499970007688
1,MoE / MLP,45.15771099977428
1,Attention,3.0507139999826904
1,Load base weight model.language_model.layers.7.mlp.shared_expert.gate_proj.weight,0.9302100006607361
1,Load base weight model.language_model.layers.7.mlp.shared_expert.up_proj.weight,0.817734999145614
1,Load base weight model.language_model.layers.7.mlp.shared_expert.down_proj.weight,2.056989997072378
1,Load base weight model.language_model.layers.7.mlp.shared_expert_gate.weight,0.5060420007794164
1,MoE / MLP,44.251958999666385
1,Attention,3.0857160018058494
1,Load base weight model.language_model.layers.8.mlp.shared_expert.gate_proj.weight,0.7308120002562646
1,Load base weight model.language_model.layers.8.mlp.shared_expert.up_proj.weight,0.7170740027504507
1,Load base weight model.language_model.layers.8.mlp.shared_expert.down_proj.weight,0.6444710015784949
1,Load base weight model.language_model.layers.8.mlp.shared_expert_gate.weight,0.13969399878988042
1,MoE / MLP,45.573797997349175
1,Attention,3.0682139986311086
1,Load base weight model.language_model.layers.9.mlp.shared_expert.gate_proj.weight,0.7864369981689379
1,Load base weight model.language_model.layers.9.mlp.shared_expert.up_proj.weight,0.49165499876835383
1,Load base weight model.language_model.layers.9.mlp.shared_expert.down_proj.weight,0.5538619989238214
1,Load base weight model.language_model.layers.9.mlp.shared_expert_gate.weight,0.08350200005224906
1,MoE / MLP,49.85105200103135
1,Attention,2.9002430019318126
1,Load base weight model.language_model.layers.10.mlp.shared_expert.gate_proj.weight,0.8207620012399275
1,Load base weight model.language_model.layers.10.mlp.shared_expert.up_proj.weight,0.5979810011922382
1,Load base weight model.language_model.layers.10.mlp.shared_expert.down_proj.weight,0.4756560010719113
1,Load base weight model.language_model.layers.10.mlp.shared_expert_gate.weight,0.12330199751886539
1,MoE / MLP,43.282583999825874
1,Attention,2.2516280005220324
1,Load base weight model.language_model.layers.11.mlp.shared_expert.gate_proj.weight,0.8849389996612445
1,Load base weight model.language_model.layers.11.mlp.shared_expert.up_proj.weight,0.9971750005206559
1,Load base weight model.language_model.layers.11.mlp.shared_expert.down_proj.weight,0.5483550012286287
1,Load base weight model.language_model.layers.11.mlp.shared_expert_gate.weight,0.06996599768172018
1,MoE / MLP,35.84207699896069
1,Attention,2.9381849999481346
1,Load base weight model.language_model.layers.12.mlp.shared_expert.gate_proj.weight,0.8911010008887388
1,Load base weight model.language_model.layers.12.mlp.shared_expert.up_proj.weight,0.5486199988808949
1,Load base weight model.language_model.layers.12.mlp.shared_expert.down_proj.weight,0.5285849983920343
1,Load base weight model.language_model.layers.12.mlp.shared_expert_gate.weight,0.07102900053723715
1,MoE / MLP,28.596550000656862
1,Attention,3.2769339995866176
1,Load base weight model.language_model.layers.13.mlp.shared_expert.gate_proj.weight,0.9298900004068855
1,Load base weight model.language_model.layers.13.mlp.shared_expert.up_proj.weight,0.6764319987269118
1,Load base weight model.language_model.layers.13.mlp.shared_expert.down_proj.weight,0.6363640022755135
1,Load base weight model.language_model.layers.13.mlp.shared_expert_gate.weight,0.08571199941798113
1,MoE / MLP,31.63128000232973
1,Attention,2.9404909982986283
1,Load base weight model.language_model.layers.14.mlp.shared_expert.gate_proj.weight,0.7525569999415893
1,Load base weight model.language_model.layers.14.mlp.shared_expert.up_proj.weight,0.5922060008742847
1,Load base weight model.language_model.layers.14.mlp.shared_expert.down_proj.weight,0.607524998486042
1,Load base weight model.language_model.layers.14.mlp.shared_expert_gate.weight,0.14105999798630364
1,MoE / MLP,26.361910000559874
1,Attention,2.408053002000088
1,Load base weight model.language_model.layers.15.mlp.shared_expert.gate_proj.weight,0.8066090013016947
1,Load base weight model.language_model.layers.15.mlp.shared_expert.up_proj.weight,0.584569999773521
1,Load base weight model.language_model.layers.15.mlp.shared_expert.down_proj.weight,0.49256899728788994
1,Load base weight model.language_model.layers.15.mlp.shared_expert_gate.weight,0.07794599878252484
1,MoE / MLP,52.41306999960216
1,Attention,3.129619002720574
1,Load base weight model.language_model.layers.16.mlp.shared_expert.gate_proj.weight,0.8920429972931743
1,Load base weight model.language_model.layers.16.mlp.shared_expert.up_proj.weight,0.7029420012258925
1,Load base weight model.language_model.layers.16.mlp.shared_expert.down_proj.weight,0.6670880029560067
1,Load base weight model.language_model.layers.16.mlp.shared_expert_gate.weight,0.08222599717555568
1,MoE / MLP,25.837930999841774
1,Attention,2.7839110007334966
1,Load base weight model.language_model.layers.17.mlp.shared_expert.gate_proj.weight,0.9756529980222695
1,Load base weight model.language_model.layers.17.mlp.shared_expert.up_proj.weight,0.603595999564277
1,Load base weight model.language_model.layers.17.mlp.shared_expert.down_proj.weight,0.6438130003516562
1,Load base weight model.language_model.layers.17.mlp.shared_expert_gate.weight,0.07568499859189615
1,MoE / MLP,44.95741199934855
1,Attention,2.892726999562001
1,Load base weight model.language_model.layers.18.mlp.shared_expert.gate_proj.weight,0.8590219986217562
1,Load base weight model.language_model.layers.18.mlp.shared_expert.up_proj.weight,0.5185709997022059
1,Load base weight model.language_model.layers.18.mlp.shared_expert.down_proj.weight,0.5433630030893255
1,Load base weight model.language_model.layers.18.mlp.shared_expert_gate.weight,0.06232399755390361
1,MoE / MLP,38.7398460006807
1,Attention,2.2392030004994012
1,Load base weight model.language_model.layers.19.mlp.shared_expert.gate_proj.weight,2.0130100019741803
1,Load base weight model.language_model.layers.19.mlp.shared_expert.up_proj.weight,1.3128239988873247
1,Load base weight model.language_model.layers.19.mlp.shared_expert.down_proj.weight,1.6486259992234409
1,Load base weight model.language_model.layers.19.mlp.shared_expert_gate.weight,0.11405199984437786
1,MoE / MLP,36.05623900148203
1,Attention,2.770504001091467
1,Load base weight model.language_model.layers.20.mlp.shared_expert.gate_proj.weight,0.7051399988995399
1,Load base weight model.language_model.layers.20.mlp.shared_expert.up_proj.weight,0.6196409995027352
1,Load base weight model.language_model.layers.20.mlp.shared_expert.down_proj.weight,0.7045679994917009
1,Load base weight model.language_model.layers.20.mlp.shared_expert_gate.weight,0.06331300028250553
1,MoE / MLP,37.17547999985982
1,Attention,3.0707350015291013
1,Load base weight model.language_model.layers.21.mlp.shared_expert.gate_proj.weight,0.8840730006340891
1,Load base weight model.language_model.layers.21.mlp.shared_expert.up_proj.weight,0.7185499998740852
1,Load base weight model.language_model.layers.21.mlp.shared_expert.down_proj.weight,0.5710990008083172
1,Load base weight model.language_model.layers.21.mlp.shared_expert_gate.weight,0.07749200085527264
1,MoE / MLP,39.86647099736729
1,Attention,2.70584000099916
1,Load base weight model.language_model.layers.22.mlp.shared_expert.gate_proj.weight,0.7833970012143254
1,Load base weight model.language_model.layers.22.mlp.shared_expert.up_proj.weight,0.5635140005324502
1,Load base weight model.language_model.layers.22.mlp.shared_expert.down_proj.weight,0.6451549998018891
1,Load base weight model.language_model.layers.22.mlp.shared_expert_gate.weight,0.061868999182479456
1,MoE / MLP,33.30204200028675
1,Attention,1.7272930017497856
1,Load base weight model.language_model.layers.23.mlp.shared_expert.gate_proj.weight,1.3274439988890663
1,Load base weight model.language_model.layers.23.mlp.shared_expert.up_proj.weight,1.0667169990483671
1,Load base weight model.language_model.layers.23.mlp.shared_expert.down_proj.weight,1.079912999557564
1,Load base weight model.language_model.layers.23.mlp.shared_expert_gate.weight,0.07690799975534901
1,MoE / MLP,42.18677699827822
1,Attention,2.594802001112839
1,Load base weight model.language_model.layers.24.mlp.shared_expert.gate_proj.weight,0.7775780031806789
1,Load base weight model.language_model.layers.24.mlp.shared_expert.up_proj.weight,0.5330090025381651
1,Load base weight model.language_model.layers.24.mlp.shared_expert.down_proj.weight,0.6275019986787811
1,Load base weight model.language_model.layers.24.mlp.shared_expert_gate.weight,0.06397400284186006
1,MoE / MLP,28.901876998133957
1,Attention,2.466587000526488
1,Load base weight model.language_model.layers.25.mlp.shared_expert.gate_proj.weight,0.8945500012487173
1,Load base weight model.language_model.layers.25.mlp.shared_expert.up_proj.weight,0.5886079998163041
1,Load base weight model.language_model.layers.25.mlp.shared_expert.down_proj.weight,0.6452490015362855
1,Load base weight model.language_model.layers.25.mlp.shared_expert_gate.weight,0.11147999975946732
1,MoE / MLP,23.14443800059962
1,Attention,3.2297229990945198
1,Load base weight model.language_model.layers.26.mlp.shared_expert.gate_proj.weight,0.7948790007503703
1,Load base weight model.language_model.layers.26.mlp.shared_expert.up_proj.weight,0.5841199999849778
1,Load base weight model.language_model.layers.26.mlp.shared_expert.down_proj.weight,0.6733980007993523
1,Load base weight model.language_model.layers.26.mlp.shared_expert_gate.weight,0.12973599950782955
1,MoE / MLP,26.95451299950946
1,Attention,1.9464719989628065
1,Load base weight model.language_model.layers.27.mlp.shared_expert.gate_proj.weight,0.7441679990733974
1,Load base weight model.language_model.layers.27.mlp.shared_expert.up_proj.weight,0.5803439998999238
1,Load base weight model.language_model.layers.27.mlp.shared_expert.down_proj.weight,0.5245889988145791
1,Load base weight model.language_model.layers.27.mlp.shared_expert_gate.weight,0.09705800039228052
1,MoE / MLP,26.416898999741534
1,Attention,2.5867060030577704
1,Load base weight model.language_model.layers.28.mlp.shared_expert.gate_proj.weight,0.7093089989211876
1,Load base weight model.language_model.layers.28.mlp.shared_expert.up_proj.weight,0.6605890011996962
1,Load base weight model.language_model.layers.28.mlp.shared_expert.down_proj.weight,0.665253999613924
1,Load base weight model.language_model.layers.28.mlp.shared_expert_gate.weight,0.0825749993964564
1,MoE / MLP,23.33818600163795
1,Attention,2.3547009986941703
1,Load base weight model.language_model.layers.29.mlp.shared_expert.gate_proj.weight,0.6304979979177006
1,Load base weight model.language_model.layers.29.mlp.shared_expert.up_proj.weight,0.5212159994698595
1,Load base weight model.language_model.layers.29.mlp.shared_expert.down_proj.weight,0.5536930002563167
1,Load base weight model.language_model.layers.29.mlp.shared_expert_gate.weight,0.07690699931117706
1,MoE / MLP,27.03075300087221
1,Attention,2.368019999266835
1,Load base weight model.language_model.layers.30.mlp.shared_expert.gate_proj.weight,0.8262279989139643
1,Load base weight model.language_model.layers.30.mlp.shared_expert.up_proj.weight,0.6593159996555187
1,Load base weight model.language_model.layers.30.mlp.shared_expert.down_proj.weight,0.5557030017371289
1,Load base weight model.language_model.layers.30.mlp.shared_expert_gate.weight,0.07803800326655619
1,MoE / MLP,25.296061001427006
1,Attention,1.7185699980473146
1,Load base weight model.language_model.layers.31.mlp.shared_expert.gate_proj.weight,0.5903950004721992
1,Load base weight model.language_model.layers.31.mlp.shared_expert.up_proj.weight,0.47812900083954446
1,Load base weight model.language_model.layers.31.mlp.shared_expert.down_proj.weight,0.43894100235775113
1,Load base weight model.language_model.layers.31.mlp.shared_expert_gate.weight,0.07658100003027357
1,MoE / MLP,25.50919999703183
1,Attention,2.9611419995489996
1,Load base weight model.language_model.layers.32.mlp.shared_expert.gate_proj.weight,0.6403529987437651
1,Load base weight model.language_model.layers.32.mlp.shared_expert.up_proj.weight,0.4778539987455588
1,Load base weight model.language_model.layers.32.mlp.shared_expert.down_proj.weight,0.4869090007559862
1,Load base weight model.language_model.layers.32.mlp.shared_expert_gate.weight,0.08053900091908872
1,MoE / MLP,46.66848899796605
1,Attention,2.90224999844213
1,Load base weight model.language_model.layers.33.mlp.shared_expert.gate_proj.weight,0.7780090018059127
1,Load base weight model.language_model.layers.33.mlp.shared_expert.up_proj.weight,0.6276339991018176
1,Load base weight model.language_model.layers.33.mlp.shared_expert.down_proj.weight,0.5416880012489855
1,Load base weight model.language_model.layers.33.mlp.shared_expert_gate.weight,0.09335900176665746
1,MoE / MLP,29.712977000599494
1,Attention,2.303388002474094
1,Load base weight model.language_model.layers.34.mlp.shared_expert.gate_proj.weight,0.7856920019548852
1,Load base weight model.language_model.layers.34.mlp.shared_expert.up_proj.weight,0.5586269980994985
1,Load base weight model.language_model.layers.34.mlp.shared_expert.down_proj.weight,0.6479339972429443
1,Load base weight model.language_model.layers.34.mlp.shared_expert_gate.weight,0.07670500053791329
1,MoE / MLP,31.841856998653384
1,Attention,2.2673050007142592
1,Load base weight model.language_model.layers.35.mlp.shared_expert.gate_proj.weight,0.8367279988306109
1,Load base weight model.language_model.layers.35.mlp.shared_expert.up_proj.weight,0.6409119996533263
1,Load base weight model.language_model.layers.35.mlp.shared_expert.down_proj.weight,0.6413660012185574
1,Load base weight model.language_model.layers.35.mlp.shared_expert_gate.weight,0.10330800068913959
1,MoE / MLP,29.91706200191402
1,Attention,3.1672330005676486
1,Load base weight model.language_model.layers.36.mlp.shared_expert.gate_proj.weight,0.8807660015008878
1,Load base weight model.language_model.layers.36.mlp.shared_expert.up_proj.weight,0.7171190009103157
1,Load base weight model.language_model.layers.36.mlp.shared_expert.down_proj.weight,0.6338149978546426
1,Load base weight model.language_model.layers.36.mlp.shared_expert_gate.weight,0.13141199815436266
1,MoE / MLP,33.587269001145614
1,Attention,2.3956340010045096
1,Load base weight model.language_model.layers.37.mlp.shared_expert.gate_proj.weight,0.6026330011081882
1,Load base weight model.language_model.layers.37.mlp.shared_expert.up_proj.weight,0.48398400031146593
1,Load base weight model.language_model.layers.37.mlp.shared_expert.down_proj.weight,0.43394900058046915
1,Load base weight model.language_model.layers.37.mlp.shared_expert_gate.weight,0.06355899677146226
1,MoE / MLP,32.46211399891763
1,Attention,1.9166239981132094
1,Load base weight model.language_model.layers.38.mlp.shared_expert.gate_proj.weight,0.5603319987130817
1,Load base weight model.language_model.layers.38.mlp.shared_expert.up_proj.weight,0.4745619989989791
1,Load base weight model.language_model.layers.38.mlp.shared_expert.down_proj.weight,0.4544969997368753
1,Load base weight model.language_model.layers.38.mlp.shared_expert_gate.weight,0.06025800030329265
1,MoE / MLP,29.326660998776788
1,Attention,1.7785070012905635
1,Load base weight model.language_model.layers.39.mlp.shared_expert.gate_proj.weight,0.6609609990846366
1,Load base weight model.language_model.layers.39.mlp.shared_expert.up_proj.weight,0.5365489996620454
1,Load base weight model.language_model.layers.39.mlp.shared_expert.down_proj.weight,0.5022609984735027
1,Load base weight model.language_model.layers.39.mlp.shared_expert_gate.weight,0.0862319975567516
1,MoE / MLP,26.674007000110578
1,Router,1.5198400020599365
1,MoE Decode Loop,61.1130256652832
1,Router,0.4729599952697754
1,MoE Decode Loop,44.47798538208008
1,Router,0.4015359878540039
1,MoE Decode Loop,60.660545349121094
1,Router,0.44543999433517456
1,MoE Decode Loop,52.864768981933594
1,Router,0.3563520014286041
1,MoE Decode Loop,33.31961441040039
1,Router,0.3184640109539032
1,MoE Decode Loop,33.638145446777344
1,Router,0.39423999190330505
1,MoE Decode Loop,44.217472076416016
1,Router,0.477183997631073
1,MoE Decode Loop,43.24262237548828
1,Router,0.31839999556541443
1,MoE Decode Loop,44.876766204833984
1,Router,0.3031040132045746
1,MoE Decode Loop,49.156673431396484
1,Router,0.3479360044002533
1,MoE Decode Loop,42.640960693359375
1,Router,0.363647997379303
1,MoE Decode Loop,35.134849548339844
1,Router,0.3420160114765167
1,MoE Decode Loop,27.80780792236328
1,Router,0.3970879912376404
1,MoE Decode Loop,30.80134391784668
1,Router,0.3102720081806183
1,MoE Decode Loop,25.786943435668945
1,Router,0.418720006942749
1,MoE Decode Loop,51.68873596191406
1,Router,0.3121280074119568
1,MoE Decode Loop,25.16649627685547
1,Router,0.32767999172210693
1,MoE Decode Loop,44.29622268676758
1,Router,0.3051519989967346
1,MoE Decode Loop,38.071678161621094
1,Router,0.3110400140285492
1,MoE Decode Loop,35.49919891357422
1,Router,0.3284800052642822
1,MoE Decode Loop,36.587615966796875
1,Router,0.3164159953594208
1,MoE Decode Loop,39.26723098754883
1,Router,0.2887679934501648
1,MoE Decode Loop,33.05740737915039
1,Router,0.25600001215934753
1,MoE Decode Loop,41.64342498779297
1,Router,0.2715199887752533
1,MoE Decode Loop,28.472511291503906
1,Router,0.29820799827575684
1,MoE Decode Loop,22.599456787109375
1,Router,0.3850240111351013
1,MoE Decode Loop,26.16681671142578
1,Router,0.32841598987579346
1,MoE Decode Loop,25.807199478149414
1,Router,0.3256320059299469
1,MoE Decode Loop,22.832927703857422
1,Router,0.31520000100135803
1,MoE Decode Loop,26.542816162109375
1,Router,0.31539198756217957
1,MoE Decode Loop,24.91587257385254
1,Router,0.3105599880218506
1,MoE Decode Loop,25.09222412109375
1,Router,0.3184640109539032
1,MoE Decode Loop,45.79072189331055
1,Router,0.37171199917793274
1,MoE Decode Loop,29.156320571899414
1,Router,0.2826240062713623
1,MoE Decode Loop,31.324800491333008
1,Router,0.4034560024738312
1,MoE Decode Loop,28.96556854248047
1,Router,0.4097279906272888
1,MoE Decode Loop,32.76396942138672
1,Router,0.2744320034980774
1,MoE Decode Loop,32.153568267822266
1,Router,0.23951999843120575
1,MoE Decode Loop,28.992544174194336
1,Router,0.2969599962234497
1,MoE Decode Loop,26.08028793334961
1,Norm,0.4392639994621277
1,LM Head,6.411263942718506
2,Attention,1.9100140016234946
2,Load base weight model.language_model.layers.0.mlp.shared_expert.gate_proj.weight,0.7410479993268382
2,Load base weight model.language_model.layers.0.mlp.shared_expert.up_proj.weight,0.6590679986402392
2,Load base weight model.language_model.layers.0.mlp.shared_expert.down_proj.weight,0.5118999979458749
2,Load base weight model.language_model.layers.0.mlp.shared_expert_gate.weight,0.06838600165792741
2,MoE / MLP,43.04625000077067
2,Attention,2.5685940017865505
2,Load base weight model.language_model.layers.1.mlp.shared_expert.gate_proj.weight,0.6938940023246687
2,Load base weight model.language_model.layers.1.mlp.shared_expert.up_proj.weight,0.48219699965557083
2,Load base weight model.language_model.layers.1.mlp.shared_expert.down_proj.weight,0.4578789994411636
2,Load base weight model.language_model.layers.1.mlp.shared_expert_gate.weight,0.07960099901538342
2,MoE / MLP,37.87037800066173
2,Attention,2.378455999860307
2,Load base weight model.language_model.layers.2.mlp.shared_expert.gate_proj.weight,0.6249660000321455
2,Load base weight model.language_model.layers.2.mlp.shared_expert.up_proj.weight,0.49772599959396757
2,Load base weight model.language_model.layers.2.mlp.shared_expert.down_proj.weight,0.4857379972236231
2,Load base weight model.language_model.layers.2.mlp.shared_expert_gate.weight,0.07057199763949029
2,MoE / MLP,42.74765599984676
2,Attention,1.8241869984194636
2,Load base weight model.language_model.layers.3.mlp.shared_expert.gate_proj.weight,0.6168710024212487
2,Load base weight model.language_model.layers.3.mlp.shared_expert.up_proj.weight,0.5057759990449995
2,Load base weight model.language_model.layers.3.mlp.shared_expert.down_proj.weight,0.49704699995345436
2,Load base weight model.language_model.layers.3.mlp.shared_expert_gate.weight,0.06048700015526265
2,MoE / MLP,30.04349199909484
2,Attention,2.8645519996643998
2,Load base weight model.language_model.layers.4.mlp.shared_expert.gate_proj.weight,0.9858099983830471
2,Load base weight model.language_model.layers.4.mlp.shared_expert.up_proj.weight,0.6738840020261705
2,Load base weight model.language_model.layers.4.mlp.shared_expert.down_proj.weight,0.6306049981503747
2,Load base weight model.language_model.layers.4.mlp.shared_expert_gate.weight,0.10992200259352103
2,MoE / MLP,39.40178199991351
2,Attention,4.672682000091299
2,Load base weight model.language_model.layers.5.mlp.shared_expert.gate_proj.weight,1.0411080002086237
2,Load base weight model.language_model.layers.5.mlp.shared_expert.up_proj.weight,0.7745570001134183
2,Load base weight model.language_model.layers.5.mlp.shared_expert.down_proj.weight,0.7223190004879143
2,Load base weight model.language_model.layers.5.mlp.shared_expert_gate.weight,0.18148600065615028
2,MoE / MLP,53.333552001276985
2,Attention,6.004090999340406
2,Load base weight model.language_model.layers.6.mlp.shared_expert.gate_proj.weight,1.1575669996091165
2,Load base weight model.language_model.layers.6.mlp.shared_expert.up_proj.weight,1.0278119989379775
2,Load base weight model.language_model.layers.6.mlp.shared_expert.down_proj.weight,1.0309839999536052
2,Load base weight model.language_model.layers.6.mlp.shared_expert_gate.weight,0.3767319976759609
2,MoE / MLP,44.110474998888094
2,Attention,2.436881000903668
2,Load base weight model.language_model.layers.7.mlp.shared_expert.gate_proj.weight,0.7902550023572985
2,Load base weight model.language_model.layers.7.mlp.shared_expert.up_proj.weight,0.7159259985201061
2,Load base weight model.language_model.layers.7.mlp.shared_expert.down_proj.weight,1.3588109977717977
2,Load base weight model.language_model.layers.7.mlp.shared_expert_gate.weight,0.10812999971676618
2,MoE / MLP,25.02003299741773
2,Attention,2.943200997833628
2,Load base weight model.language_model.layers.8.mlp.shared_expert.gate_proj.weight,0.7353139990300406
2,Load base weight model.language_model.layers.8.mlp.shared_expert.up_proj.weight,0.5252880000625737
2,Load base weight model.language_model.layers.8.mlp.shared_expert.down_proj.weight,0.5359450005926192
2,Load base weight model.language_model.layers.8.mlp.shared_expert_gate.weight,0.09256900011678226
2,MoE / MLP,34.19196600225405
2,Attention,2.7706430009857286
2,Load base weight model.language_model.layers.9.mlp.shared_expert.gate_proj.weight,0.7057219991111197
2,Load base weight model.language_model.layers.9.mlp.shared_expert.up_proj.weight,0.507851000293158
2,Load base weight model.language_model.layers.9.mlp.shared_expert.down_proj.weight,0.48778500058688223
2,Load base weight model.language_model.layers.9.mlp.shared_expert_gate.weight,0.08363400047528557
2,MoE / MLP,36.074196999834385
2,Attention,2.3689129993726965
2,Load base weight model.language_model.layers.10.mlp.shared_expert.gate_proj.weight,0.6642090011155233
2,Load base weight model.language_model.layers.10.mlp.shared_expert.up_proj.weight,0.5068079990451224
2,Load base weight model.language_model.layers.10.mlp.shared_expert.down_proj.weight,0.5129119999764953
2,Load base weight model.language_model.layers.10.mlp.shared_expert_gate.weight,0.08444400009466335
2,MoE / MLP,30.498952000925783
2,Attention,1.9357279998075683
2,Load base weight model.language_model.layers.11.mlp.shared_expert.gate_proj.weight,1.7029930022545159
2,Load base weight model.language_model.layers.11.mlp.shared_expert.up_proj.weight,1.4407470007427037
2,Load base weight model.language_model.layers.11.mlp.shared_expert.down_proj.weight,0.6547439988935366
2,Load base weight model.language_model.layers.11.mlp.shared_expert_gate.weight,0.08406899723922834
2,MoE / MLP,33.116952999989735
2,Attention,2.541470999858575
2,Load base weight model.language_model.layers.12.mlp.shared_expert.gate_proj.weight,0.6835770000179764
2,Load base weight model.language_model.layers.12.mlp.shared_expert.up_proj.weight,0.5306739985826425
2,Load base weight model.language_model.layers.12.mlp.shared_expert.down_proj.weight,0.56413399943267
2,Load base weight model.language_model.layers.12.mlp.shared_expert_gate.weight,0.07978999929036945
2,MoE / MLP,27.252957999735372
2,Attention,2.8536549980344716
2,Load base weight model.language_model.layers.13.mlp.shared_expert.gate_proj.weight,0.68111200016574
2,Load base weight model.language_model.layers.13.mlp.shared_expert.up_proj.weight,0.5154950013093185
2,Load base weight model.language_model.layers.13.mlp.shared_expert.down_proj.weight,0.4837279993807897
2,Load base weight model.language_model.layers.13.mlp.shared_expert_gate.weight,0.0783019968366716
2,MoE / MLP,25.530515998980263
2,Attention,2.709209999011364
2,Load base weight model.language_model.layers.14.mlp.shared_expert.gate_proj.weight,0.7150790006562602
2,Load base weight model.language_model.layers.14.mlp.shared_expert.up_proj.weight,0.5502809981408063
2,Load base weight model.language_model.layers.14.mlp.shared_expert.down_proj.weight,0.4898209990642499
2,Load base weight model.language_model.layers.14.mlp.shared_expert_gate.weight,0.10463600119692273
2,MoE / MLP,19.30631300274399
2,Attention,3.521323000313714
2,Load base weight model.language_model.layers.15.mlp.shared_expert.gate_proj.weight,0.8349839990842156
2,Load base weight model.language_model.layers.15.mlp.shared_expert.up_proj.weight,0.6159820004540961
2,Load base weight model.language_model.layers.15.mlp.shared_expert.down_proj.weight,0.5645029996230733
2,Load base weight model.language_model.layers.15.mlp.shared_expert_gate.weight,0.07183999696280807
2,MoE / MLP,32.59942400109139
2,Attention,2.6482559987925924
2,Load base weight model.language_model.layers.16.mlp.shared_expert.gate_proj.weight,0.8123709994833916
2,Load base weight model.language_model.layers.16.mlp.shared_expert.up_proj.weight,0.48345500181312673
2,Load base weight model.language_model.layers.16.mlp.shared_expert.down_proj.weight,0.4808960002264939
2,Load base weight model.language_model.layers.16.mlp.shared_expert_gate.weight,0.08090000119409524
2,MoE / MLP,26.024560000223573
2,Attention,2.7990120033791754
2,Load base weight model.language_model.layers.17.mlp.shared_expert.gate_proj.weight,0.6987800006754696
2,Load base weight model.language_model.layers.17.mlp.shared_expert.up_proj.weight,0.5217229991103522
2,Load base weight model.language_model.layers.17.mlp.shared_expert.down_proj.weight,0.4649969996535219
2,Load base weight model.language_model.layers.17.mlp.shared_expert_gate.weight,0.09128899910137989
2,MoE / MLP,39.43564799919841
2,Attention,2.5076199999602977
2,Load base weight model.language_model.layers.18.mlp.shared_expert.gate_proj.weight,0.6707739994453732
2,Load base weight model.language_model.layers.18.mlp.shared_expert.up_proj.weight,0.5191349991946481
2,Load base weight model.language_model.layers.18.mlp.shared_expert.down_proj.weight,0.4825059986615088
2,Load base weight model.language_model.layers.18.mlp.shared_expert_gate.weight,0.07939500210341066
2,MoE / MLP,40.15043999970658
2,Attention,2.216405999206472
2,Load base weight model.language_model.layers.19.mlp.shared_expert.gate_proj.weight,0.7849679968785495
2,Load base weight model.language_model.layers.19.mlp.shared_expert.up_proj.weight,0.887967999005923
2,Load base weight model.language_model.layers.19.mlp.shared_expert.down_proj.weight,0.6319649983197451
2,Load base weight model.language_model.layers.19.mlp.shared_expert_gate.weight,0.10899799963226542
2,MoE / MLP,30.350220997206634
2,Attention,2.90683499770239
2,Load base weight model.language_model.layers.20.mlp.shared_expert.gate_proj.weight,0.8937489983509295
2,Load base weight model.language_model.layers.20.mlp.shared_expert.up_proj.weight,0.6962400002521463
2,Load base weight model.language_model.layers.20.mlp.shared_expert.down_proj.weight,0.621900999249192
2,Load base weight model.language_model.layers.20.mlp.shared_expert_gate.weight,0.13565200060838833
2,MoE / MLP,27.652777996991063
2,Attention,2.493380001396872
2,Load base weight model.language_model.layers.21.mlp.shared_expert.gate_proj.weight,0.8557549990655389
2,Load base weight model.language_model.layers.21.mlp.shared_expert.up_proj.weight,0.5927899983362295
2,Load base weight model.language_model.layers.21.mlp.shared_expert.down_proj.weight,0.5140879984537605
2,Load base weight model.language_model.layers.21.mlp.shared_expert_gate.weight,0.06991000191192143
2,MoE / MLP,33.06903799966676
2,Attention,2.7574169980653096
2,Load base weight model.language_model.layers.22.mlp.shared_expert.gate_proj.weight,0.6296629981079604
2,Load base weight model.language_model.layers.22.mlp.shared_expert.up_proj.weight,0.5214470002101734
2,Load base weight model.language_model.layers.22.mlp.shared_expert.down_proj.weight,0.5206099995120894
2,Load base weight model.language_model.layers.22.mlp.shared_expert_gate.weight,0.08575100218877196
2,MoE / MLP,29.159683999750996
2,Attention,1.7540730004839133
2,Load base weight model.language_model.layers.23.mlp.shared_expert.gate_proj.weight,0.7288340020750184
2,Load base weight model.language_model.layers.23.mlp.shared_expert.up_proj.weight,0.506519998452859
2,Load base weight model.language_model.layers.23.mlp.shared_expert.down_proj.weight,0.4869420008617453
2,Load base weight model.language_model.layers.23.mlp.shared_expert_gate.weight,0.07051500142551959
2,MoE / MLP,24.866553998435847
2,Attention,2.3699060002400074
2,Load base weight model.language_model.layers.24.mlp.shared_expert.gate_proj.weight,0.598450998950284
2,Load base weight model.language_model.layers.24.mlp.shared_expert.up_proj.weight,0.49340400073560886
2,Load base weight model.language_model.layers.24.mlp.shared_expert.down_proj.weight,0.44943300235900097
2,Load base weight model.language_model.layers.24.mlp.shared_expert_gate.weight,0.08079300096142106
2,MoE / MLP,34.81413900226471
2,Attention,2.343338001082884
2,Load base weight model.language_model.layers.25.mlp.shared_expert.gate_proj.weight,0.620490998699097
2,Load base weight model.language_model.layers.25.mlp.shared_expert.up_proj.weight,0.5190480005694553
2,Load base weight model.language_model.layers.25.mlp.shared_expert.down_proj.weight,0.45478399988496676
2,Load base weight model.language_model.layers.25.mlp.shared_expert_gate.weight,0.12634899758268148
2,MoE / MLP,28.593225997610716
2,Attention,2.398743999947328
2,Load base weight model.language_model.layers.26.mlp.shared_expert.gate_proj.weight,0.7211089978227392
2,Load base weight model.language_model.layers.26.mlp.shared_expert.up_proj.weight,0.5680850008502603
2,Load base weight model.language_model.layers.26.mlp.shared_expert.down_proj.weight,0.6064099979994353
2,Load base weight model.language_model.layers.26.mlp.shared_expert_gate.weight,0.07566500062239356
2,MoE / MLP,28.908487998705823
2,Attention,1.9836210012726951
2,Load base weight model.language_model.layers.27.mlp.shared_expert.gate_proj.weight,0.6850300014775712
2,Load base weight model.language_model.layers.27.mlp.shared_expert.up_proj.weight,0.5203079999773763
2,Load base weight model.language_model.layers.27.mlp.shared_expert.down_proj.weight,0.521083999046823
2,Load base weight model.language_model.layers.27.mlp.shared_expert_gate.weight,0.06753100024070591
2,MoE / MLP,27.799305000371533
2,Attention,2.382082999247359
2,Load base weight model.language_model.layers.28.mlp.shared_expert.gate_proj.weight,0.6089070011512376
2,Load base weight model.language_model.layers.28.mlp.shared_expert.up_proj.weight,0.4860520020883996
2,Load base weight model.language_model.layers.28.mlp.shared_expert.down_proj.weight,0.4686940010287799
2,Load base weight model.language_model.layers.28.mlp.shared_expert_gate.weight,0.06567199670826085
2,MoE / MLP,20.232456001394894
2,Attention,2.5375609984621406
2,Load base weight model.language_model.layers.29.mlp.shared_expert.gate_proj.weight,0.6601729983231053
2,Load base weight model.language_model.layers.29.mlp.shared_expert.up_proj.weight,0.5071560008218512
2,Load base weight model.language_model.layers.29.mlp.shared_expert.down_proj.weight,0.4923550004605204
2,Load base weight model.language_model.layers.29.mlp.shared_expert_gate.weight,0.08959399929153733
2,MoE / MLP,18.32959400053369
2,Attention,2.5885390023177024
2,Load base weight model.language_model.layers.30.mlp.shared_expert.gate_proj.weight,0.6763189994671848
2,Load base weight model.language_model.layers.30.mlp.shared_expert.up_proj.weight,0.4815089996554889
2,Load base weight model.language_model.layers.30.mlp.shared_expert.down_proj.weight,0.4589950003719423
2,Load base weight model.language_model.layers.30.mlp.shared_expert_gate.weight,0.07441799971275032
2,MoE / MLP,16.6866370018397
2,Attention,1.6583729993726593
2,Load base weight model.language_model.layers.31.mlp.shared_expert.gate_proj.weight,0.6283100010477938
2,Load base weight model.language_model.layers.31.mlp.shared_expert.up_proj.weight,0.4620280014933087
2,Load base weight model.language_model.layers.31.mlp.shared_expert.down_proj.weight,0.4685700005211402
2,Load base weight model.language_model.layers.31.mlp.shared_expert_gate.weight,0.08523199721821584
2,MoE / MLP,26.549242000328377
2,Attention,2.386279997153906
2,Load base weight model.language_model.layers.32.mlp.shared_expert.gate_proj.weight,0.6088580012146849
2,Load base weight model.language_model.layers.32.mlp.shared_expert.up_proj.weight,0.5061470001237467
2,Load base weight model.language_model.layers.32.mlp.shared_expert.down_proj.weight,0.47720700240461156
2,Load base weight model.language_model.layers.32.mlp.shared_expert_gate.weight,0.08514900036971085
2,MoE / MLP,28.05773100044462
2,Attention,3.003411999088712
2,Load base weight model.language_model.layers.33.mlp.shared_expert.gate_proj.weight,0.778650999563979
2,Load base weight model.language_model.layers.33.mlp.shared_expert.up_proj.weight,0.5989960009173956
2,Load base weight model.language_model.layers.33.mlp.shared_expert.down_proj.weight,0.5236830002104398
2,Load base weight model.language_model.layers.33.mlp.shared_expert_gate.weight,0.08705000072950497
2,MoE / MLP,19.201088998670457
2,Attention,2.826025000103982
2,Load base weight model.language_model.layers.34.mlp.shared_expert.gate_proj.weight,0.680954002746148
2,Load base weight model.language_model.layers.34.mlp.shared_expert.up_proj.weight,0.5866899991815444
2,Load base weight model.language_model.layers.34.mlp.shared_expert.down_proj.weight,0.5405780029832385
2,Load base weight model.language_model.layers.34.mlp.shared_expert_gate.weight,0.12664000314543955
2,MoE / MLP,28.785458001948427
2,Attention,1.897307000035653
2,Load base weight model.language_model.layers.35.mlp.shared_expert.gate_proj.weight,0.6250580008781981
2,Load base weight model.language_model.layers.35.mlp.shared_expert.up_proj.weight,0.5007809995731805
2,Load base weight model.language_model.layers.35.mlp.shared_expert.down_proj.weight,0.4967989989381749
2,Load base weight model.language_model.layers.35.mlp.shared_expert_gate.weight,0.0732750013412442
2,MoE / MLP,12.122880001697922
2,Attention,1.893599001050461
2,Load base weight model.language_model.layers.36.mlp.shared_expert.gate_proj.weight,0.5912209999223705
2,Load base weight model.language_model.layers.36.mlp.shared_expert.up_proj.weight,0.47418400208698586
2,Load base weight model.language_model.layers.36.mlp.shared_expert.down_proj.weight,0.44804299977840856
2,Load base weight model.language_model.layers.36.mlp.shared_expert_gate.weight,0.06333499914035201
2,MoE / MLP,22.571584999241168
2,Attention,2.2807999994256534
2,Load base weight model.language_model.layers.37.mlp.shared_expert.gate_proj.weight,0.7221369996841531
2,Load base weight model.language_model.layers.37.mlp.shared_expert.up_proj.weight,0.6517689980682917
2,Load base weight model.language_model.layers.37.mlp.shared_expert.down_proj.weight,0.6161210003483575
2,Load base weight model.language_model.layers.37.mlp.shared_expert_gate.weight,0.07402900155284442
2,MoE / MLP,19.765349999943282
2,Attention,2.2493750002468005
2,Load base weight model.language_model.layers.38.mlp.shared_expert.gate_proj.weight,0.6097029981901869
2,Load base weight model.language_model.layers.38.mlp.shared_expert.up_proj.weight,0.4708660017058719
2,Load base weight model.language_model.layers.38.mlp.shared_expert.down_proj.weight,0.47434000225621276
2,Load base weight model.language_model.layers.38.mlp.shared_expert_gate.weight,0.06785000005038455
2,MoE / MLP,28.973219999897992
2,Attention,1.6118150015245192
2,Load base weight model.language_model.layers.39.mlp.shared_expert.gate_proj.weight,0.5848020009580068
2,Load base weight model.language_model.layers.39.mlp.shared_expert.up_proj.weight,0.4780729977937881
2,Load base weight model.language_model.layers.39.mlp.shared_expert.down_proj.weight,0.4610269970726222
2,Load base weight model.language_model.layers.39.mlp.shared_expert_gate.weight,0.06194799789227545
2,MoE / MLP,26.341017000959255
2,Router,0.27033600211143494
2,MoE Decode Loop,42.59366226196289
2,Router,0.3120959997177124
2,MoE Decode Loop,37.284576416015625
2,Router,0.29183998703956604
2,MoE Decode Loop,42.211647033691406
2,Router,0.2784000039100647
2,MoE Decode Loop,29.36684799194336
2,Router,0.3595519959926605
2,MoE Decode Loop,38.40643310546875
2,Router,0.5560640096664429
2,MoE Decode Loop,51.752288818359375
2,Router,0.6039680242538452
2,MoE Decode Loop,42.48835372924805
2,Router,0.39423999190330505
2,MoE Decode Loop,24.181055068969727
2,Router,0.3553279936313629
2,MoE Decode Loop,33.46611022949219
2,Router,0.3328000009059906
2,MoE Decode Loop,35.53849411010742
2,Router,0.30105599761009216
2,MoE Decode Loop,29.93471908569336
2,Router,0.33792001008987427
2,MoE Decode Loop,32.452064514160156
2,Router,0.31750398874282837
2,MoE Decode Loop,26.615007400512695
2,Router,0.31942400336265564
2,MoE Decode Loop,24.793920516967773
2,Router,0.3112959861755371
2,MoE Decode Loop,18.398815155029297
2,Router,0.7929279804229736
2,MoE Decode Loop,31.11510467529297
2,Router,0.33686399459838867
2,MoE Decode Loop,25.376575469970703
2,Router,0.3574720025062561
2,MoE Decode Loop,38.89574432373047
2,Router,0.31539198756217957
2,MoE Decode Loop,39.44179153442383
2,Router,0.4106239974498749
2,MoE Decode Loop,29.372127532958984
2,Router,0.35452800989151
2,MoE Decode Loop,26.915231704711914
2,Router,0.30822399258613586
2,MoE Decode Loop,32.46352005004883
2,Router,0.3338240087032318
2,MoE Decode Loop,28.656415939331055
2,Router,0.34198400378227234
2,MoE Decode Loop,24.24496078491211
2,Router,0.3123199939727783
2,MoE Decode Loop,34.24998474121094
2,Router,0.2969599962234497
2,MoE Decode Loop,28.134719848632812
2,Router,0.30617600679397583
2,MoE Decode Loop,28.322175979614258
2,Router,0.319487988948822
2,MoE Decode Loop,27.14646339416504
2,Router,0.26716798543930054
2,MoE Decode Loop,19.780576705932617
2,Router,0.2815999984741211
2,MoE Decode Loop,17.978591918945312
2,Router,0.32873600721359253
2,MoE Decode Loop,16.298431396484375
2,Router,0.27852800488471985
2,MoE Decode Loop,26.211135864257812
2,Router,0.34067198634147644
2,MoE Decode Loop,27.371776580810547
2,Router,0.4208320081233978
2,MoE Decode Loop,18.561376571655273
2,Router,0.3307519853115082
2,MoE Decode Loop,28.180864334106445
2,Router,0.3043519854545593
2,MoE Decode Loop,11.936384201049805
2,Router,0.27136000990867615
2,MoE Decode Loop,22.275264739990234
2,Router,0.3020800054073334
2,MoE Decode Loop,19.27222442626953
2,Router,0.27926400303840637
2,MoE Decode Loop,28.63590431213379
2,Router,0.25600001215934753
2,MoE Decode Loop,25.918527603149414
2,Norm,0.41471999883651733
2,LM Head,6.342656135559082
3,Attention,2.752436001173919
3,Load base weight model.language_model.layers.0.mlp.shared_expert.gate_proj.weight,0.8490440013702027
3,Load base weight model.language_model.layers.0.mlp.shared_expert.up_proj.weight,0.5748020012106281
3,Load base weight model.language_model.layers.0.mlp.shared_expert.down_proj.weight,0.5933169995842036
3,Load base weight model.language_model.layers.0.mlp.shared_expert_gate.weight,0.09503999899607152
3,MoE / MLP,41.71224500169046
3,Attention,3.318866998597514
3,Load base weight model.language_model.layers.1.mlp.shared_expert.gate_proj.weight,0.8336909995705355
3,Load base weight model.language_model.layers.1.mlp.shared_expert.up_proj.weight,0.5588610001723282
3,Load base weight model.language_model.layers.1.mlp.shared_expert.down_proj.weight,0.5889269996259827
3,Load base weight model.language_model.layers.1.mlp.shared_expert_gate.weight,0.11675100176944397
3,MoE / MLP,44.29645799973514
3,Attention,2.483774002030259
3,Load base weight model.language_model.layers.2.mlp.shared_expert.gate_proj.weight,0.6753829984518234
3,Load base weight model.language_model.layers.2.mlp.shared_expert.up_proj.weight,0.5685669966624118
3,Load base weight model.language_model.layers.2.mlp.shared_expert.down_proj.weight,0.6275680025282782
3,Load base weight model.language_model.layers.2.mlp.shared_expert_gate.weight,0.08472700210404582
3,MoE / MLP,42.11423900051159
3,Attention,1.9477710011415184
3,Load base weight model.language_model.layers.3.mlp.shared_expert.gate_proj.weight,0.7277590011653956
3,Load base weight model.language_model.layers.3.mlp.shared_expert.up_proj.weight,0.5188200011616573
3,Load base weight model.language_model.layers.3.mlp.shared_expert.down_proj.weight,0.5066430021543056
3,Load base weight model.language_model.layers.3.mlp.shared_expert_gate.weight,0.08361000072909519
3,MoE / MLP,47.99577799713006
3,Attention,3.021516000444535
3,Load base weight model.language_model.layers.4.mlp.shared_expert.gate_proj.weight,0.6729599990649149
3,Load base weight model.language_model.layers.4.mlp.shared_expert.up_proj.weight,0.495193999086041
3,Load base weight model.language_model.layers.4.mlp.shared_expert.down_proj.weight,0.5439189990283921
3,Load base weight model.language_model.layers.4.mlp.shared_expert_gate.weight,0.09410999700776301
3,MoE / MLP,34.62907300126972
3,Attention,3.1770620007591788
3,Load base weight model.language_model.layers.5.mlp.shared_expert.gate_proj.weight,0.9859049969236366
3,Load base weight model.language_model.layers.5.mlp.shared_expert.up_proj.weight,0.6423650011129212
3,Load base weight model.language_model.layers.5.mlp.shared_expert.down_proj.weight,0.6278910004766658
3,Load base weight model.language_model.layers.5.mlp.shared_expert_gate.weight,0.12188300024718046
3,MoE / MLP,29.81402599834837
3,Attention,2.746524001850048
3,Load base weight model.language_model.layers.6.mlp.shared_expert.gate_proj.weight,0.7434290018863976
3,Load base weight model.language_model.layers.6.mlp.shared_expert.up_proj.weight,0.5412419995991513
3,Load base weight model.language_model.layers.6.mlp.shared_expert.down_proj.weight,0.5208490001678001
3,Load base weight model.language_model.layers.6.mlp.shared_expert_gate.weight,0.09036100163939409
3,MoE / MLP,27.80568299931474
3,Attention,1.7537540006742347
3,Load base weight model.language_model.layers.7.mlp.shared_expert.gate_proj.weight,0.72282300243387
3,Load base weight model.language_model.layers.7.mlp.shared_expert.up_proj.weight,0.5726179988414515
3,Load base weight model.language_model.layers.7.mlp.shared_expert.down_proj.weight,0.5070660008641426
3,Load base weight model.language_model.layers.7.mlp.shared_expert_gate.weight,0.07925099998828955
3,MoE / MLP,28.085521000321023
3,Attention,2.4604980026197154
3,Load base weight model.language_model.layers.8.mlp.shared_expert.gate_proj.weight,0.5801279985462315
3,Load base weight model.language_model.layers.8.mlp.shared_expert.up_proj.weight,0.4767739992530551
3,Load base weight model.language_model.layers.8.mlp.shared_expert.down_proj.weight,0.45310600035008974
3,Load base weight model.language_model.layers.8.mlp.shared_expert_gate.weight,0.07473399818991311
3,MoE / MLP,30.748440000024857
3,Attention,2.6083170014317147
3,Load base weight model.language_model.layers.9.mlp.shared_expert.gate_proj.weight,0.8419699988735374
3,Load base weight model.language_model.layers.9.mlp.shared_expert.up_proj.weight,0.5996500003675465
3,Load base weight model.language_model.layers.9.mlp.shared_expert.down_proj.weight,0.5736800012527965
3,Load base weight model.language_model.layers.9.mlp.shared_expert_gate.weight,0.08864399933372624
3,MoE / MLP,48.18109600091702
3,Attention,2.3598750012752134
3,Load base weight model.language_model.layers.10.mlp.shared_expert.gate_proj.weight,0.6989239991526119
3,Load base weight model.language_model.layers.10.mlp.shared_expert.up_proj.weight,0.5621350028377492
3,Load base weight model.language_model.layers.10.mlp.shared_expert.down_proj.weight,0.5136539984960109
3,Load base weight model.language_model.layers.10.mlp.shared_expert_gate.weight,0.08178200005204417
3,MoE / MLP,31.086103001143783
3,Attention,2.0888189974357374
3,Load base weight model.language_model.layers.11.mlp.shared_expert.gate_proj.weight,0.7354610024776775
3,Load base weight model.language_model.layers.11.mlp.shared_expert.up_proj.weight,0.5449499985843431
3,Load base weight model.language_model.layers.11.mlp.shared_expert.down_proj.weight,0.5085110024083406
3,Load base weight model.language_model.layers.11.mlp.shared_expert_gate.weight,0.0936619981075637
3,MoE / MLP,30.262946002039826
3,Attention,2.604948000225704
3,Load base weight model.language_model.layers.12.mlp.shared_expert.gate_proj.weight,0.9299870034737978
3,Load base weight model.language_model.layers.12.mlp.shared_expert.up_proj.weight,0.7146570023905952
3,Load base weight model.language_model.layers.12.mlp.shared_expert.down_proj.weight,1.1633229987637606
3,Load base weight model.language_model.layers.12.mlp.shared_expert_gate.weight,0.4414329996507149
3,MoE / MLP,34.154580996982986
3,Attention,2.3491580031986814
3,Load base weight model.language_model.layers.13.mlp.shared_expert.gate_proj.weight,0.6414970011974219
3,Load base weight model.language_model.layers.13.mlp.shared_expert.up_proj.weight,0.5201200001465622
3,Load base weight model.language_model.layers.13.mlp.shared_expert.down_proj.weight,0.46347600073204376
3,Load base weight model.language_model.layers.13.mlp.shared_expert_gate.weight,0.06814800144638866
3,MoE / MLP,36.26413700112607
3,Attention,2.3919569975987542
3,Load base weight model.language_model.layers.14.mlp.shared_expert.gate_proj.weight,0.5951230014034081
3,Load base weight model.language_model.layers.14.mlp.shared_expert.up_proj.weight,0.45420799870043993
3,Load base weight model.language_model.layers.14.mlp.shared_expert.down_proj.weight,0.4372299990791362
3,Load base weight model.language_model.layers.14.mlp.shared_expert_gate.weight,0.06895399928907864
3,MoE / MLP,29.088629999023397
3,Attention,1.7241360001207795
3,Load base weight model.language_model.layers.15.mlp.shared_expert.gate_proj.weight,0.5625410012726206
3,Load base weight model.language_model.layers.15.mlp.shared_expert.up_proj.weight,0.4548350007098634
3,Load base weight model.language_model.layers.15.mlp.shared_expert.down_proj.weight,0.39336400004685856
3,Load base weight model.language_model.layers.15.mlp.shared_expert_gate.weight,0.06479999865405262
3,MoE / MLP,44.56316699724994
3,Attention,2.3194280001916923
3,Load base weight model.language_model.layers.16.mlp.shared_expert.gate_proj.weight,0.5944719996477943
3,Load base weight model.language_model.layers.16.mlp.shared_expert.up_proj.weight,0.47900400022626854
3,Load base weight model.language_model.layers.16.mlp.shared_expert.down_proj.weight,0.462096999399364
3,Load base weight model.language_model.layers.16.mlp.shared_expert_gate.weight,0.0619509992247913
3,MoE / MLP,27.038540996727534
3,Attention,2.5028989985003136
3,Load base weight model.language_model.layers.17.mlp.shared_expert.gate_proj.weight,0.7017729985818733
3,Load base weight model.language_model.layers.17.mlp.shared_expert.up_proj.weight,0.4760430019814521
3,Load base weight model.language_model.layers.17.mlp.shared_expert.down_proj.weight,0.5068890022812411
3,Load base weight model.language_model.layers.17.mlp.shared_expert_gate.weight,0.06975200085435063
3,MoE / MLP,16.877780999493552
3,Attention,1.860049000242725
3,Load base weight model.language_model.layers.18.mlp.shared_expert.gate_proj.weight,0.4946890003338922
3,Load base weight model.language_model.layers.18.mlp.shared_expert.up_proj.weight,0.36044700027559884
3,Load base weight model.language_model.layers.18.mlp.shared_expert.down_proj.weight,0.38098799996078014
3,Load base weight model.language_model.layers.18.mlp.shared_expert_gate.weight,0.05571699875872582
3,MoE / MLP,17.49207000102615
3,Attention,1.4516679984808434
3,Load base weight model.language_model.layers.19.mlp.shared_expert.gate_proj.weight,0.63016900094226
3,Load base weight model.language_model.layers.19.mlp.shared_expert.up_proj.weight,0.4511260012804996
3,Load base weight model.language_model.layers.19.mlp.shared_expert.down_proj.weight,0.43608099804259837
3,Load base weight model.language_model.layers.19.mlp.shared_expert_gate.weight,0.07686100070714019
3,MoE / MLP,30.08676199897309
3,Attention,2.506578002794413
3,Load base weight model.language_model.layers.20.mlp.shared_expert.gate_proj.weight,0.6470120024459902
3,Load base weight model.language_model.layers.20.mlp.shared_expert.up_proj.weight,0.4503069976635743
3,Load base weight model.language_model.layers.20.mlp.shared_expert.down_proj.weight,0.45928600229672156
3,Load base weight model.language_model.layers.20.mlp.shared_expert_gate.weight,0.0599349987169262
3,MoE / MLP,28.31228499780991
3,Attention,2.507606001017848
3,Load base weight model.language_model.layers.21.mlp.shared_expert.gate_proj.weight,0.6504720004159026
3,Load base weight model.language_model.layers.21.mlp.shared_expert.up_proj.weight,0.485929998831125
3,Load base weight model.language_model.layers.21.mlp.shared_expert.down_proj.weight,0.44054799946025014
3,Load base weight model.language_model.layers.21.mlp.shared_expert_gate.weight,0.06402800136129372
3,MoE / MLP,34.20273700248799
3,Attention,2.5406919994566124
3,Load base weight model.language_model.layers.22.mlp.shared_expert.gate_proj.weight,0.7605859973409679
3,Load base weight model.language_model.layers.22.mlp.shared_expert.up_proj.weight,0.519516001077136
3,Load base weight model.language_model.layers.22.mlp.shared_expert.down_proj.weight,0.5198469989409205
3,Load base weight model.language_model.layers.22.mlp.shared_expert_gate.weight,0.07796600039000623
3,MoE / MLP,32.559799001319334
3,Attention,1.8562080003903247
3,Load base weight model.language_model.layers.23.mlp.shared_expert.gate_proj.weight,0.6776699992769863
3,Load base weight model.language_model.layers.23.mlp.shared_expert.up_proj.weight,0.5078920003143139
3,Load base weight model.language_model.layers.23.mlp.shared_expert.down_proj.weight,0.45603000035043806
3,Load base weight model.language_model.layers.23.mlp.shared_expert_gate.weight,0.07035900125629269
3,MoE / MLP,20.993438996811165
3,Attention,2.3795039996912237
3,Load base weight model.language_model.layers.24.mlp.shared_expert.gate_proj.weight,0.6249379985092673
3,Load base weight model.language_model.layers.24.mlp.shared_expert.up_proj.weight,0.46418300189543515
3,Load base weight model.language_model.layers.24.mlp.shared_expert.down_proj.weight,0.44545999844558537
3,Load base weight model.language_model.layers.24.mlp.shared_expert_gate.weight,0.06248700083233416
3,MoE / MLP,19.451156997092767
3,Attention,2.2337070004141424
3,Load base weight model.language_model.layers.25.mlp.shared_expert.gate_proj.weight,0.6296550018305425
3,Load base weight model.language_model.layers.25.mlp.shared_expert.up_proj.weight,0.4869840013270732
3,Load base weight model.language_model.layers.25.mlp.shared_expert.down_proj.weight,0.47369599997182377
3,Load base weight model.language_model.layers.25.mlp.shared_expert_gate.weight,0.07669999831705354
3,MoE / MLP,22.58130499831168
3,Attention,3.035853998881066
3,Load base weight model.language_model.layers.26.mlp.shared_expert.gate_proj.weight,0.7424909999826923
3,Load base weight model.language_model.layers.26.mlp.shared_expert.up_proj.weight,0.6079329978092574
3,Load base weight model.language_model.layers.26.mlp.shared_expert.down_proj.weight,0.5695829968317412
3,Load base weight model.language_model.layers.26.mlp.shared_expert_gate.weight,0.08989699927042238
3,MoE / MLP,26.42628800094826
3,Attention,1.948432000062894
3,Load base weight model.language_model.layers.27.mlp.shared_expert.gate_proj.weight,0.6852410006104037
3,Load base weight model.language_model.layers.27.mlp.shared_expert.up_proj.weight,0.5340859970601741
3,Load base weight model.language_model.layers.27.mlp.shared_expert.down_proj.weight,0.5551529975491576
3,Load base weight model.language_model.layers.27.mlp.shared_expert_gate.weight,0.09301399768446572
3,MoE / MLP,30.67276900037541
3,Attention,2.0385579991852865
3,Load base weight model.language_model.layers.28.mlp.shared_expert.gate_proj.weight,0.6109069981903303
3,Load base weight model.language_model.layers.28.mlp.shared_expert.up_proj.weight,0.48690999756217934
3,Load base weight model.language_model.layers.28.mlp.shared_expert.down_proj.weight,0.45839200174668804
3,Load base weight model.language_model.layers.28.mlp.shared_expert_gate.weight,0.06649599890806712
3,MoE / MLP,35.97692100083805
3,Attention,2.3669570000492968
3,Load base weight model.language_model.layers.29.mlp.shared_expert.gate_proj.weight,0.623878000624245
3,Load base weight model.language_model.layers.29.mlp.shared_expert.up_proj.weight,0.5094209991511889
3,Load base weight model.language_model.layers.29.mlp.shared_expert.down_proj.weight,0.444519999291515
3,Load base weight model.language_model.layers.29.mlp.shared_expert_gate.weight,0.0628220004728064
3,MoE / MLP,35.73387300275499
3,Attention,2.511768001568271
3,Load base weight model.language_model.layers.30.mlp.shared_expert.gate_proj.weight,0.6487460013886448
3,Load base weight model.language_model.layers.30.mlp.shared_expert.up_proj.weight,0.48140700164367445
3,Load base weight model.language_model.layers.30.mlp.shared_expert.down_proj.weight,0.4713060006906744
3,Load base weight model.language_model.layers.30.mlp.shared_expert_gate.weight,0.06503300028271042
3,MoE / MLP,39.508452002337435
3,Attention,1.7193789972225204
3,Load base weight model.language_model.layers.31.mlp.shared_expert.gate_proj.weight,1.4270699975895695
3,Load base weight model.language_model.layers.31.mlp.shared_expert.up_proj.weight,1.417783998476807
3,Load base weight model.language_model.layers.31.mlp.shared_expert.down_proj.weight,0.7572149988845922
3,Load base weight model.language_model.layers.31.mlp.shared_expert_gate.weight,0.07997899956535548
3,MoE / MLP,19.22675500100013
3,Attention,2.0275340029911604
3,Load base weight model.language_model.layers.32.mlp.shared_expert.gate_proj.weight,0.5067439997219481
3,Load base weight model.language_model.layers.32.mlp.shared_expert.up_proj.weight,0.44982800318393856
3,Load base weight model.language_model.layers.32.mlp.shared_expert.down_proj.weight,0.403527999878861
3,Load base weight model.language_model.layers.32.mlp.shared_expert_gate.weight,0.06501600000774488
3,MoE / MLP,16.616603003058117
3,Attention,1.7420149997633416
3,Load base weight model.language_model.layers.33.mlp.shared_expert.gate_proj.weight,0.47481200090260245
3,Load base weight model.language_model.layers.33.mlp.shared_expert.up_proj.weight,0.39985100011108443
3,Load base weight model.language_model.layers.33.mlp.shared_expert.down_proj.weight,0.39970799844013527
3,Load base weight model.language_model.layers.33.mlp.shared_expert_gate.weight,0.062108996644383296
3,MoE / MLP,13.638259999424918
3,Attention,1.7027469984896015
3,Load base weight model.language_model.layers.34.mlp.shared_expert.gate_proj.weight,0.5368960009946022
3,Load base weight model.language_model.layers.34.mlp.shared_expert.up_proj.weight,0.46814399684080854
3,Load base weight model.language_model.layers.34.mlp.shared_expert.down_proj.weight,0.39906700112624094
3,Load base weight model.language_model.layers.34.mlp.shared_expert_gate.weight,0.06304199996520765
3,MoE / MLP,11.449891000665957
3,Attention,0.9541740000713617
3,Load base weight model.language_model.layers.35.mlp.shared_expert.gate_proj.weight,0.3908649996446911
3,Load base weight model.language_model.layers.35.mlp.shared_expert.up_proj.weight,0.3209349997632671
3,Load base weight model.language_model.layers.35.mlp.shared_expert.down_proj.weight,0.31805899925529957
3,Load base weight model.language_model.layers.35.mlp.shared_expert_gate.weight,0.05556099858949892
3,MoE / MLP,8.923446999688167
3,Attention,1.2038620006933343
3,Load base weight model.language_model.layers.36.mlp.shared_expert.gate_proj.weight,0.37129700285731815
3,Load base weight model.language_model.layers.36.mlp.shared_expert.up_proj.weight,0.3193420016032178
3,Load base weight model.language_model.layers.36.mlp.shared_expert.down_proj.weight,0.3109699973720126
3,Load base weight model.language_model.layers.36.mlp.shared_expert_gate.weight,0.04535199695965275
3,MoE / MLP,8.806465000816388
3,Attention,1.1749750010494608
3,Load base weight model.language_model.layers.37.mlp.shared_expert.gate_proj.weight,0.3793619980569929
3,Load base weight model.language_model.layers.37.mlp.shared_expert.up_proj.weight,0.30073300149524584
3,Load base weight model.language_model.layers.37.mlp.shared_expert.down_proj.weight,0.29657800041604787
3,Load base weight model.language_model.layers.37.mlp.shared_expert_gate.weight,0.04450699998415075
3,MoE / MLP,18.495814001653343
3,Attention,2.2011050023138523
3,Load base weight model.language_model.layers.38.mlp.shared_expert.gate_proj.weight,0.6374269978550728
3,Load base weight model.language_model.layers.38.mlp.shared_expert.up_proj.weight,0.4557089996524155
3,Load base weight model.language_model.layers.38.mlp.shared_expert.down_proj.weight,0.4446970015123952
3,Load base weight model.language_model.layers.38.mlp.shared_expert_gate.weight,0.07580400051665492
3,MoE / MLP,25.526271001581335
3,Attention,1.8427249997330364
3,Load base weight model.language_model.layers.39.mlp.shared_expert.gate_proj.weight,0.6694519979646429
3,Load base weight model.language_model.layers.39.mlp.shared_expert.up_proj.weight,0.5149209973751567
3,Load base weight model.language_model.layers.39.mlp.shared_expert.down_proj.weight,0.4626720001397189
3,Load base weight model.language_model.layers.39.mlp.shared_expert_gate.weight,0.06911499804118648
3,MoE / MLP,29.456064003170468
3,Router,0.3829759955406189
3,MoE Decode Loop,40.69833755493164
3,Router,0.36556801199913025
3,MoE Decode Loop,43.408287048339844
3,Router,0.35123199224472046
3,MoE Decode Loop,41.47052764892578
3,Router,0.3439359962940216
3,MoE Decode Loop,47.236480712890625
3,Router,0.374783992767334
3,MoE Decode Loop,33.70710372924805
3,Router,0.4415999948978424
3,MoE Decode Loop,28.962879180908203
3,Router,0.35839998722076416
3,MoE Decode Loop,27.098751068115234
3,Router,0.3226560056209564
3,MoE Decode Loop,27.55254364013672
3,Router,0.3195520043373108
3,MoE Decode Loop,30.21526336669922
3,Router,0.30745598673820496
3,MoE Decode Loop,47.61423873901367
3,Router,0.32787200808525085
3,MoE Decode Loop,30.398527145385742
3,Router,0.35020801424980164
3,MoE Decode Loop,29.505855560302734
3,Router,0.35020801424980164
3,MoE Decode Loop,33.54489517211914
3,Router,0.3317759931087494
3,MoE Decode Loop,35.704864501953125
3,Router,0.2682879865169525
3,MoE Decode Loop,28.71353530883789
3,Router,0.2887679934501648
3,MoE Decode Loop,44.028385162353516
3,Router,0.26393601298332214
3,MoE Decode Loop,26.52694320678711
3,Router,0.3288640081882477
3,MoE Decode Loop,16.588544845581055
3,Router,0.21011200547218323
3,MoE Decode Loop,17.474367141723633
3,Router,0.2850239872932434
3,MoE Decode Loop,29.564672470092773
3,Router,0.27209600806236267
3,MoE Decode Loop,27.761247634887695
3,Router,0.30003198981285095
3,MoE Decode Loop,33.685791015625
3,Router,0.32252800464630127
3,MoE Decode Loop,31.983871459960938
3,Router,0.32767999172210693
3,MoE Decode Loop,20.373184204101562
3,Router,0.2693119943141937
3,MoE Decode Loop,19.21436882019043
3,Router,0.28883200883865356
3,MoE Decode Loop,21.913440704345703
3,Router,0.3911679983139038
3,MoE Decode Loop,25.812063217163086
3,Router,0.3203839957714081
3,MoE Decode Loop,30.22105598449707
3,Router,0.24675199389457703
3,MoE Decode Loop,35.49977493286133
3,Router,0.2682879865169525
3,MoE Decode Loop,35.17011260986328
3,Router,0.3307519853115082
3,MoE Decode Loop,38.98710250854492
3,Router,0.3043519854545593
3,MoE Decode Loop,18.84502410888672
3,Router,0.26316800713539124
3,MoE Decode Loop,16.55779266357422
3,Router,0.2551040053367615
3,MoE Decode Loop,13.623488426208496
3,Router,0.2457599937915802
3,MoE Decode Loop,11.684831619262695
3,Router,0.14950400590896606
3,MoE Decode Loop,9.39408016204834
3,Router,0.15068799257278442
3,MoE Decode Loop,9.302847862243652
3,Router,0.1422400027513504
3,MoE Decode Loop,18.480863571166992
3,Router,0.2775680124759674
3,MoE Decode Loop,25.01568031311035
3,Router,0.2856000065803528
3,MoE Decode Loop,28.772319793701172
3,Norm,0.4679679870605469
3,LM Head,6.348800182342529
4,Attention,3.0593679985031486
4,Load base weight model.language_model.layers.0.mlp.shared_expert.gate_proj.weight,0.9050589978869539
4,Load base weight model.language_model.layers.0.mlp.shared_expert.up_proj.weight,0.6568400021933485
4,Load base weight model.language_model.layers.0.mlp.shared_expert.down_proj.weight,0.6142610000097193
4,Load base weight model.language_model.layers.0.mlp.shared_expert_gate.weight,0.10908799958997406
4,MoE / MLP,54.84279200027231
4,Attention,2.83911200313014
4,Load base weight model.language_model.layers.1.mlp.shared_expert.gate_proj.weight,0.7084539975039661
4,Load base weight model.language_model.layers.1.mlp.shared_expert.up_proj.weight,0.5195019984967075
4,Load base weight model.language_model.layers.1.mlp.shared_expert.down_proj.weight,0.5351600011636037
4,Load base weight model.language_model.layers.1.mlp.shared_expert_gate.weight,0.09294800111092627
4,MoE / MLP,62.87822499871254
4,Attention,2.9023449969827197
4,Load base weight model.language_model.layers.2.mlp.shared_expert.gate_proj.weight,0.6813840009272099
4,Load base weight model.language_model.layers.2.mlp.shared_expert.up_proj.weight,0.5602300007012673
4,Load base weight model.language_model.layers.2.mlp.shared_expert.down_proj.weight,0.5287230014801025
4,Load base weight model.language_model.layers.2.mlp.shared_expert_gate.weight,0.09255199984181672
4,MoE / MLP,38.72319800211699
4,Attention,1.7879740007629152
4,Load base weight model.language_model.layers.3.mlp.shared_expert.gate_proj.weight,0.6334880017675459
4,Load base weight model.language_model.layers.3.mlp.shared_expert.up_proj.weight,0.47092000022530556
4,Load base weight model.language_model.layers.3.mlp.shared_expert.down_proj.weight,0.4755500012834091
4,Load base weight model.language_model.layers.3.mlp.shared_expert_gate.weight,0.07869399996707216
4,MoE / MLP,37.33858800114831
4,Attention,2.2085149976192042
4,Load base weight model.language_model.layers.4.mlp.shared_expert.gate_proj.weight,0.6766250007785857
4,Load base weight model.language_model.layers.4.mlp.shared_expert.up_proj.weight,0.5103109979245346
4,Load base weight model.language_model.layers.4.mlp.shared_expert.down_proj.weight,0.4877239989582449
4,Load base weight model.language_model.layers.4.mlp.shared_expert_gate.weight,0.076450000051409
4,MoE / MLP,45.54129100142745
4,Attention,2.299947002029512
4,Load base weight model.language_model.layers.5.mlp.shared_expert.gate_proj.weight,0.6428449996747077
4,Load base weight model.language_model.layers.5.mlp.shared_expert.up_proj.weight,0.45888699969509616
4,Load base weight model.language_model.layers.5.mlp.shared_expert.down_proj.weight,0.46168100016075186
4,Load base weight model.language_model.layers.5.mlp.shared_expert_gate.weight,0.07704800009378232
4,MoE / MLP,59.73584900129936
4,Attention,2.836701001797337
4,Load base weight model.language_model.layers.6.mlp.shared_expert.gate_proj.weight,0.664036997477524
4,Load base weight model.language_model.layers.6.mlp.shared_expert.up_proj.weight,0.5880610005988274
4,Load base weight model.language_model.layers.6.mlp.shared_expert.down_proj.weight,0.5614949986920692
4,Load base weight model.language_model.layers.6.mlp.shared_expert_gate.weight,0.10319899956812151
4,MoE / MLP,36.88071600117837
4,Attention,1.7891440002131276
4,Load base weight model.language_model.layers.7.mlp.shared_expert.gate_proj.weight,0.6734999988111667
4,Load base weight model.language_model.layers.7.mlp.shared_expert.up_proj.weight,0.49484600094729103
4,Load base weight model.language_model.layers.7.mlp.shared_expert.down_proj.weight,0.509983001393266
4,Load base weight model.language_model.layers.7.mlp.shared_expert_gate.weight,0.07264599844347686
4,MoE / MLP,46.864922001987
4,Attention,2.4183150017051958
4,Load base weight model.language_model.layers.8.mlp.shared_expert.gate_proj.weight,0.6859729983261786
4,Load base weight model.language_model.layers.8.mlp.shared_expert.up_proj.weight,0.6501210009446368
4,Load base weight model.language_model.layers.8.mlp.shared_expert.down_proj.weight,0.713525998435216
4,Load base weight model.language_model.layers.8.mlp.shared_expert_gate.weight,0.11134699889225885
4,MoE / MLP,37.53451100055827
4,Attention,2.4922140000853688
4,Load base weight model.language_model.layers.9.mlp.shared_expert.gate_proj.weight,0.6081119972805027
4,Load base weight model.language_model.layers.9.mlp.shared_expert.up_proj.weight,0.45291999776964076
4,Load base weight model.language_model.layers.9.mlp.shared_expert.down_proj.weight,0.45965299796080217
4,Load base weight model.language_model.layers.9.mlp.shared_expert_gate.weight,0.06203299926710315
4,MoE / MLP,40.74893500001053
4,Attention,2.54277099884348
4,Load base weight model.language_model.layers.10.mlp.shared_expert.gate_proj.weight,0.6700119993183762
4,Load base weight model.language_model.layers.10.mlp.shared_expert.up_proj.weight,0.5079290021967608
4,Load base weight model.language_model.layers.10.mlp.shared_expert.down_proj.weight,0.4362480030977167
4,Load base weight model.language_model.layers.10.mlp.shared_expert_gate.weight,0.05789900023955852
4,MoE / MLP,45.26252200230374
4,Attention,1.798620000045048
4,Load base weight model.language_model.layers.11.mlp.shared_expert.gate_proj.weight,0.6631780015595723
4,Load base weight model.language_model.layers.11.mlp.shared_expert.up_proj.weight,0.5117279979458544
4,Load base weight model.language_model.layers.11.mlp.shared_expert.down_proj.weight,0.48039199828053825
4,Load base weight model.language_model.layers.11.mlp.shared_expert_gate.weight,0.06903100074850954
4,MoE / MLP,35.76772200176492
4,Attention,2.4007269967114553
4,Load base weight model.language_model.layers.12.mlp.shared_expert.gate_proj.weight,0.6386319982993882
4,Load base weight model.language_model.layers.12.mlp.shared_expert.up_proj.weight,0.5000639976060484
4,Load base weight model.language_model.layers.12.mlp.shared_expert.down_proj.weight,0.46883100003469735
4,Load base weight model.language_model.layers.12.mlp.shared_expert_gate.weight,0.07417999950121157
4,MoE / MLP,38.539821001904784
4,Attention,4.0316400009032805
4,Load base weight model.language_model.layers.13.mlp.shared_expert.gate_proj.weight,1.1250290008320007
4,Load base weight model.language_model.layers.13.mlp.shared_expert.up_proj.weight,0.8024269991437905
4,Load base weight model.language_model.layers.13.mlp.shared_expert.down_proj.weight,0.7419499997922685
4,Load base weight model.language_model.layers.13.mlp.shared_expert_gate.weight,0.15946300118230283
4,MoE / MLP,37.97652999855927
4,Attention,3.6565650007105432
4,Load base weight model.language_model.layers.14.mlp.shared_expert.gate_proj.weight,0.8198690011340659
4,Load base weight model.language_model.layers.14.mlp.shared_expert.up_proj.weight,0.6352460004563909
4,Load base weight model.language_model.layers.14.mlp.shared_expert.down_proj.weight,0.6698979996144772
4,Load base weight model.language_model.layers.14.mlp.shared_expert_gate.weight,0.14255899804993533
4,MoE / MLP,34.89919200001168
4,Attention,2.3128950015234295
4,Load base weight model.language_model.layers.15.mlp.shared_expert.gate_proj.weight,0.7525129985879175
4,Load base weight model.language_model.layers.15.mlp.shared_expert.up_proj.weight,0.5932070016569924
4,Load base weight model.language_model.layers.15.mlp.shared_expert.down_proj.weight,0.4989440021745395
4,Load base weight model.language_model.layers.15.mlp.shared_expert_gate.weight,0.08949300172389485
4,MoE / MLP,52.504291001241654
4,Attention,3.302049000922125
4,Load base weight model.language_model.layers.16.mlp.shared_expert.gate_proj.weight,0.7990779995452613
4,Load base weight model.language_model.layers.16.mlp.shared_expert.up_proj.weight,0.6678600002487656
4,Load base weight model.language_model.layers.16.mlp.shared_expert.down_proj.weight,0.610727998719085
4,Load base weight model.language_model.layers.16.mlp.shared_expert_gate.weight,0.10120200022356585
4,MoE / MLP,56.40225599927362
4,Attention,3.373694999027066
4,Load base weight model.language_model.layers.17.mlp.shared_expert.gate_proj.weight,0.7433860009768978
4,Load base weight model.language_model.layers.17.mlp.shared_expert.up_proj.weight,0.6652960000792518
4,Load base weight model.language_model.layers.17.mlp.shared_expert.down_proj.weight,0.6722889993397985
4,Load base weight model.language_model.layers.17.mlp.shared_expert_gate.weight,0.1228399996762164
4,MoE / MLP,45.31740200036438
4,Attention,3.244611001719022
4,Load base weight model.language_model.layers.18.mlp.shared_expert.gate_proj.weight,0.7855830008338671
4,Load base weight model.language_model.layers.18.mlp.shared_expert.up_proj.weight,0.5384150026657153
4,Load base weight model.language_model.layers.18.mlp.shared_expert.down_proj.weight,0.4563220027193893
4,Load base weight model.language_model.layers.18.mlp.shared_expert_gate.weight,0.08551900100428611
4,MoE / MLP,41.13056899950607
4,Attention,2.1899970015510917
4,Load base weight model.language_model.layers.19.mlp.shared_expert.gate_proj.weight,1.2586509983520955
4,Load base weight model.language_model.layers.19.mlp.shared_expert.up_proj.weight,0.7138999972085003
4,Load base weight model.language_model.layers.19.mlp.shared_expert.down_proj.weight,1.0034149963757955
4,Load base weight model.language_model.layers.19.mlp.shared_expert_gate.weight,0.12390800111461431
4,MoE / MLP,37.772779000079026
4,Attention,2.722965000430122
4,Load base weight model.language_model.layers.20.mlp.shared_expert.gate_proj.weight,0.812514997960534
4,Load base weight model.language_model.layers.20.mlp.shared_expert.up_proj.weight,0.693815996783087
4,Load base weight model.language_model.layers.20.mlp.shared_expert.down_proj.weight,0.5581080004048999
4,Load base weight model.language_model.layers.20.mlp.shared_expert_gate.weight,0.0974609974946361
4,MoE / MLP,42.197361999569694
4,Attention,2.6884420003625564
4,Load base weight model.language_model.layers.21.mlp.shared_expert.gate_proj.weight,0.6759440002497286
4,Load base weight model.language_model.layers.21.mlp.shared_expert.up_proj.weight,0.48410400268039666
4,Load base weight model.language_model.layers.21.mlp.shared_expert.down_proj.weight,0.5385879994719289
4,Load base weight model.language_model.layers.21.mlp.shared_expert_gate.weight,0.08145899846567772
4,MoE / MLP,34.66102599850274
4,Attention,2.5443120030104183
4,Load base weight model.language_model.layers.22.mlp.shared_expert.gate_proj.weight,0.8190199987438973
4,Load base weight model.language_model.layers.22.mlp.shared_expert.up_proj.weight,0.6516769972222392
4,Load base weight model.language_model.layers.22.mlp.shared_expert.down_proj.weight,0.5742720022681169
4,Load base weight model.language_model.layers.22.mlp.shared_expert_gate.weight,0.08999599958769977
4,MoE / MLP,48.0893769999966
4,Attention,1.9261080014985055
4,Load base weight model.language_model.layers.23.mlp.shared_expert.gate_proj.weight,0.8003870025277138
4,Load base weight model.language_model.layers.23.mlp.shared_expert.up_proj.weight,0.6278900000324938
4,Load base weight model.language_model.layers.23.mlp.shared_expert.down_proj.weight,0.5128320008225273
4,Load base weight model.language_model.layers.23.mlp.shared_expert_gate.weight,0.0815029998193495
4,MoE / MLP,33.4950150026998
4,Attention,4.9888070025190245
4,Load base weight model.language_model.layers.24.mlp.shared_expert.gate_proj.weight,1.6273939982056618
4,Load base weight model.language_model.layers.24.mlp.shared_expert.up_proj.weight,1.1906489999091718
4,Load base weight model.language_model.layers.24.mlp.shared_expert.down_proj.weight,1.1619859978964087
4,Load base weight model.language_model.layers.24.mlp.shared_expert_gate.weight,0.2885880021494813
4,MoE / MLP,47.073450001335004
4,Attention,3.034937999473186
4,Load base weight model.language_model.layers.25.mlp.shared_expert.gate_proj.weight,0.7622560005984269
4,Load base weight model.language_model.layers.25.mlp.shared_expert.up_proj.weight,0.5728770011046436
4,Load base weight model.language_model.layers.25.mlp.shared_expert.down_proj.weight,0.5112969993206207
4,Load base weight model.language_model.layers.25.mlp.shared_expert_gate.weight,0.09757400039234199
4,MoE / MLP,28.409832000761526
4,Attention,2.608766997582279
4,Load base weight model.language_model.layers.26.mlp.shared_expert.gate_proj.weight,0.7951869993121363
4,Load base weight model.language_model.layers.26.mlp.shared_expert.up_proj.weight,0.5798090023745317
4,Load base weight model.language_model.layers.26.mlp.shared_expert.down_proj.weight,0.5439800006570294
4,Load base weight model.language_model.layers.26.mlp.shared_expert_gate.weight,0.09500400119577534
4,MoE / MLP,36.62418499880005
4,Attention,1.8395329971099272
4,Load base weight model.language_model.layers.27.mlp.shared_expert.gate_proj.weight,0.6890519980515819
4,Load base weight model.language_model.layers.27.mlp.shared_expert.up_proj.weight,0.4947340021317359
4,Load base weight model.language_model.layers.27.mlp.shared_expert.down_proj.weight,0.4310080003051553
4,Load base weight model.language_model.layers.27.mlp.shared_expert_gate.weight,0.06726499850628898
4,MoE / MLP,46.47546100022737
4,Attention,3.712090001499746
4,Load base weight model.language_model.layers.28.mlp.shared_expert.gate_proj.weight,0.8808650018181652
4,Load base weight model.language_model.layers.28.mlp.shared_expert.up_proj.weight,0.7158379994507413
4,Load base weight model.language_model.layers.28.mlp.shared_expert.down_proj.weight,0.6128419991000555
4,Load base weight model.language_model.layers.28.mlp.shared_expert_gate.weight,0.1984919981623534
4,MoE / MLP,68.31275199874653
4,Attention,2.8991110011702403
4,Load base weight model.language_model.layers.29.mlp.shared_expert.gate_proj.weight,0.7594649978273083
4,Load base weight model.language_model.layers.29.mlp.shared_expert.up_proj.weight,0.5549159977817908
4,Load base weight model.language_model.layers.29.mlp.shared_expert.down_proj.weight,0.6223839991434943
4,Load base weight model.language_model.layers.29.mlp.shared_expert_gate.weight,0.10971300071105361
4,MoE / MLP,36.026674999448005
4,Attention,2.728297000430757
4,Load base weight model.language_model.layers.30.mlp.shared_expert.gate_proj.weight,0.6689690017083194
4,Load base weight model.language_model.layers.30.mlp.shared_expert.up_proj.weight,0.49953299821936525
4,Load base weight model.language_model.layers.30.mlp.shared_expert.down_proj.weight,0.46148999899742194
4,Load base weight model.language_model.layers.30.mlp.shared_expert_gate.weight,0.08152800000971183
4,MoE / MLP,27.20129799854476
4,Attention,1.923875999636948
4,Load base weight model.language_model.layers.31.mlp.shared_expert.gate_proj.weight,0.6854549974377733
4,Load base weight model.language_model.layers.31.mlp.shared_expert.up_proj.weight,0.519630000781035
4,Load base weight model.language_model.layers.31.mlp.shared_expert.down_proj.weight,0.5963240000710357
4,Load base weight model.language_model.layers.31.mlp.shared_expert_gate.weight,0.09651000073063187
4,MoE / MLP,34.753780000755796
4,Attention,2.3910189993330278
4,Load base weight model.language_model.layers.32.mlp.shared_expert.gate_proj.weight,0.6259379988478031
4,Load base weight model.language_model.layers.32.mlp.shared_expert.up_proj.weight,0.45641899851034395
4,Load base weight model.language_model.layers.32.mlp.shared_expert.down_proj.weight,0.45716000022366643
4,Load base weight model.language_model.layers.32.mlp.shared_expert_gate.weight,0.06351400224957615
4,MoE / MLP,39.35110499878647
4,Attention,2.613724002003437
4,Load base weight model.language_model.layers.33.mlp.shared_expert.gate_proj.weight,0.7645389996469021
4,Load base weight model.language_model.layers.33.mlp.shared_expert.up_proj.weight,0.576637001358904
4,Load base weight model.language_model.layers.33.mlp.shared_expert.down_proj.weight,0.5364909993659239
4,Load base weight model.language_model.layers.33.mlp.shared_expert_gate.weight,0.08145900210365653
4,MoE / MLP,35.011424999538576
4,Attention,2.60892499863985
4,Load base weight model.language_model.layers.34.mlp.shared_expert.gate_proj.weight,0.7490110001526773
4,Load base weight model.language_model.layers.34.mlp.shared_expert.up_proj.weight,0.573899997107219
4,Load base weight model.language_model.layers.34.mlp.shared_expert.down_proj.weight,0.5280539990053512
4,Load base weight model.language_model.layers.34.mlp.shared_expert_gate.weight,0.07370299863396212
4,MoE / MLP,31.653022997488733
4,Attention,1.8887430014729034
4,Load base weight model.language_model.layers.35.mlp.shared_expert.gate_proj.weight,0.6633880002482329
4,Load base weight model.language_model.layers.35.mlp.shared_expert.up_proj.weight,0.5327729995769914
4,Load base weight model.language_model.layers.35.mlp.shared_expert.down_proj.weight,0.534733000677079
4,Load base weight model.language_model.layers.35.mlp.shared_expert_gate.weight,0.0717330003681127
4,MoE / MLP,15.92839699878823
4,Attention,2.1019600026193075
4,Load base weight model.language_model.layers.36.mlp.shared_expert.gate_proj.weight,0.6405599997378886
4,Load base weight model.language_model.layers.36.mlp.shared_expert.up_proj.weight,0.46982399726402946
4,Load base weight model.language_model.layers.36.mlp.shared_expert.down_proj.weight,0.4861649977101479
4,Load base weight model.language_model.layers.36.mlp.shared_expert_gate.weight,0.07128500146791339
4,MoE / MLP,19.352539999090368
4,Attention,2.204068998253206
4,Load base weight model.language_model.layers.37.mlp.shared_expert.gate_proj.weight,0.695111997629283
4,Load base weight model.language_model.layers.37.mlp.shared_expert.up_proj.weight,0.5100569978822023
4,Load base weight model.language_model.layers.37.mlp.shared_expert.down_proj.weight,0.5329470004653558
4,Load base weight model.language_model.layers.37.mlp.shared_expert_gate.weight,0.07605099744978361
4,MoE / MLP,24.031671000557253
4,Attention,2.135851998900762
4,Load base weight model.language_model.layers.38.mlp.shared_expert.gate_proj.weight,0.6000749999657273
4,Load base weight model.language_model.layers.38.mlp.shared_expert.up_proj.weight,0.44438199984142557
4,Load base weight model.language_model.layers.38.mlp.shared_expert.down_proj.weight,0.45202799810795113
4,Load base weight model.language_model.layers.38.mlp.shared_expert_gate.weight,0.06473699977505021
4,MoE / MLP,12.883750001492444
4,Attention,1.4033860024937894
4,Load base weight model.language_model.layers.39.mlp.shared_expert.gate_proj.weight,0.49743399722501636
4,Load base weight model.language_model.layers.39.mlp.shared_expert.up_proj.weight,0.3972410013375338
4,Load base weight model.language_model.layers.39.mlp.shared_expert.down_proj.weight,0.3941350005334243
4,Load base weight model.language_model.layers.39.mlp.shared_expert_gate.weight,0.07596300201839767
4,MoE / MLP,21.396673000708688
4,Router,0.4188160002231598
4,MoE Decode Loop,54.026336669921875
4,Router,0.35020801424980164
4,MoE Decode Loop,62.1049919128418
4,Router,0.34620800614356995
4,MoE Decode Loop,38.12464141845703
4,Router,0.2959359884262085
4,MoE Decode Loop,36.90438461303711
4,Router,0.3041279911994934
4,MoE Decode Loop,45.035552978515625
4,Router,0.2961280047893524
4,MoE Decode Loop,59.18435287475586
4,Router,0.347135990858078
4,MoE Decode Loop,36.28287887573242
4,Router,0.3031359910964966
4,MoE Decode Loop,46.2204475402832
4,Router,0.27238398790359497
4,MoE Decode Loop,36.89712142944336
4,Router,0.2725119888782501
4,MoE Decode Loop,40.186241149902344
4,Router,0.3338879942893982
4,MoE Decode Loop,44.64128112792969
4,Router,0.2756800055503845
4,MoE Decode Loop,35.428382873535156
4,Router,0.2836480140686035
4,MoE Decode Loop,37.74428939819336
4,Router,0.4628799855709076
4,MoE Decode Loop,36.75040054321289
4,Router,0.47603198885917664
4,MoE Decode Loop,33.81379318237305
4,Router,0.3993600010871887
4,MoE Decode Loop,51.493953704833984
4,Router,0.4188160002231598
4,MoE Decode Loop,55.36771011352539
4,Router,0.4752640128135681
4,MoE Decode Loop,44.15651321411133
4,Router,0.38675200939178467
4,MoE Decode Loop,40.19696044921875
4,Router,0.38809600472450256
4,MoE Decode Loop,36.936767578125
4,Router,0.36345601081848145
4,MoE Decode Loop,41.41532897949219
4,Router,0.32256001234054565
4,MoE Decode Loop,34.0142707824707
4,Router,0.37510401010513306
4,MoE Decode Loop,47.34694290161133
4,Router,0.30105599761009216
4,MoE Decode Loop,32.84377670288086
4,Router,0.9380480051040649
4,MoE Decode Loop,44.779136657714844
4,Router,0.3635199964046478
4,MoE Decode Loop,27.601280212402344
4,Router,0.3686400055885315
4,MoE Decode Loop,35.894561767578125
4,Router,0.2956480085849762
4,MoE Decode Loop,45.670814514160156
4,Router,0.49561598896980286
4,MoE Decode Loop,67.27241516113281
4,Router,0.3635199964046478
4,MoE Decode Loop,35.34681701660156
4,Router,0.30617600679397583
4,MoE Decode Loop,26.59721565246582
4,Router,0.2874560058116913
4,MoE Decode Loop,34.013248443603516
4,Router,0.2743679881095886
4,MoE Decode Loop,38.9233283996582
4,Router,0.35555198788642883
4,MoE Decode Loop,34.39177703857422
4,Router,0.35942399501800537
4,MoE Decode Loop,31.071840286254883
4,Router,0.29606398940086365
4,MoE Decode Loop,15.648032188415527
4,Router,0.26521599292755127
4,MoE Decode Loop,18.945600509643555
4,Router,0.27350398898124695
4,MoE Decode Loop,23.53718376159668
4,Router,0.26419198513031006
4,MoE Decode Loop,12.846400260925293
4,Router,0.21606400609016418
4,MoE Decode Loop,21.12563133239746
4,Norm,0.35014399886131287
4,LM Head,6.327104091644287
5,Attention,2.2787079979025293
5,Load base weight model.language_model.layers.0.mlp.shared_expert.gate_proj.weight,0.730338000721531
5,Load base weight model.language_model.layers.0.mlp.shared_expert.up_proj.weight,0.6021029985276982
5,Load base weight model.language_model.layers.0.mlp.shared_expert.down_proj.weight,0.5310410015226807
5,Load base weight model.language_model.layers.0.mlp.shared_expert_gate.weight,0.07300499783013947
5,MoE / MLP,27.018265001970576
5,Attention,2.376590000494616
5,Load base weight model.language_model.layers.1.mlp.shared_expert.gate_proj.weight,0.6677029996353667
5,Load base weight model.language_model.layers.1.mlp.shared_expert.up_proj.weight,0.4273869999451563
5,Load base weight model.language_model.layers.1.mlp.shared_expert.down_proj.weight,0.4300239997974131
5,Load base weight model.language_model.layers.1.mlp.shared_expert_gate.weight,0.07347700011450797
5,MoE / MLP,45.22995799925411
5,Attention,2.4520309998479206
5,Load base weight model.language_model.layers.2.mlp.shared_expert.gate_proj.weight,0.5992959995637648
5,Load base weight model.language_model.layers.2.mlp.shared_expert.up_proj.weight,0.46270800157799385
5,Load base weight model.language_model.layers.2.mlp.shared_expert.down_proj.weight,0.4626379995897878
5,Load base weight model.language_model.layers.2.mlp.shared_expert_gate.weight,0.06338499952107668
5,MoE / MLP,32.67587300069863
5,Attention,1.7456780005886685
5,Load base weight model.language_model.layers.3.mlp.shared_expert.gate_proj.weight,0.623040999926161
5,Load base weight model.language_model.layers.3.mlp.shared_expert.up_proj.weight,0.4662969986384269
5,Load base weight model.language_model.layers.3.mlp.shared_expert.down_proj.weight,0.45814700206392445
5,Load base weight model.language_model.layers.3.mlp.shared_expert_gate.weight,0.05952200081082992
5,MoE / MLP,28.018626999255503
5,Attention,2.3400949976348784
5,Load base weight model.language_model.layers.4.mlp.shared_expert.gate_proj.weight,0.5898720010009129
5,Load base weight model.language_model.layers.4.mlp.shared_expert.up_proj.weight,0.4955929980496876
5,Load base weight model.language_model.layers.4.mlp.shared_expert.down_proj.weight,0.43690500024240464
5,Load base weight model.language_model.layers.4.mlp.shared_expert_gate.weight,0.06244299947866239
5,MoE / MLP,29.79828599927714
5,Attention,2.3842000009608455
5,Load base weight model.language_model.layers.5.mlp.shared_expert.gate_proj.weight,0.6248790014069527
5,Load base weight model.language_model.layers.5.mlp.shared_expert.up_proj.weight,0.48258199967676774
5,Load base weight model.language_model.layers.5.mlp.shared_expert.down_proj.weight,0.47977400026866235
5,Load base weight model.language_model.layers.5.mlp.shared_expert_gate.weight,0.061279999499674886
5,MoE / MLP,21.962860999337863
5,Attention,2.2013319976394996
5,Load base weight model.language_model.layers.6.mlp.shared_expert.gate_proj.weight,0.6238639980438165
5,Load base weight model.language_model.layers.6.mlp.shared_expert.up_proj.weight,0.5161860026419163
5,Load base weight model.language_model.layers.6.mlp.shared_expert.down_proj.weight,0.4397430020617321
5,Load base weight model.language_model.layers.6.mlp.shared_expert_gate.weight,0.06406099782907404
5,MoE / MLP,18.16717100155074
5,Attention,1.422389002982527
5,Load base weight model.language_model.layers.7.mlp.shared_expert.gate_proj.weight,0.5639970004267525
5,Load base weight model.language_model.layers.7.mlp.shared_expert.up_proj.weight,0.4911309988528956
5,Load base weight model.language_model.layers.7.mlp.shared_expert.down_proj.weight,0.42354900142527185
5,Load base weight model.language_model.layers.7.mlp.shared_expert_gate.weight,0.0606379981036298
5,MoE / MLP,26.437178999913158
5,Attention,2.3183550001704134
5,Load base weight model.language_model.layers.8.mlp.shared_expert.gate_proj.weight,0.5991609978082124
5,Load base weight model.language_model.layers.8.mlp.shared_expert.up_proj.weight,0.4703209997387603
5,Load base weight model.language_model.layers.8.mlp.shared_expert.down_proj.weight,0.45479400068870746
5,Load base weight model.language_model.layers.8.mlp.shared_expert_gate.weight,0.06057299833628349
5,MoE / MLP,12.561162999190856
5,Attention,1.4382389999809675
5,Load base weight model.language_model.layers.9.mlp.shared_expert.gate_proj.weight,0.3963489980378654
5,Load base weight model.language_model.layers.9.mlp.shared_expert.up_proj.weight,0.33625899959588423
5,Load base weight model.language_model.layers.9.mlp.shared_expert.down_proj.weight,0.32418599948869087
5,Load base weight model.language_model.layers.9.mlp.shared_expert_gate.weight,0.04498100315686315
5,MoE / MLP,12.567639001645148
5,Attention,1.4001210001879372
5,Load base weight model.language_model.layers.10.mlp.shared_expert.gate_proj.weight,0.42688599933171645
5,Load base weight model.language_model.layers.10.mlp.shared_expert.up_proj.weight,0.3254980001656804
5,Load base weight model.language_model.layers.10.mlp.shared_expert.down_proj.weight,0.3182830005243886
5,Load base weight model.language_model.layers.10.mlp.shared_expert_gate.weight,0.05659899761667475
5,MoE / MLP,14.706115998706082
5,Attention,1.0984429973177612
5,Load base weight model.language_model.layers.11.mlp.shared_expert.gate_proj.weight,0.42600900269462727
5,Load base weight model.language_model.layers.11.mlp.shared_expert.up_proj.weight,0.35660200228448957
5,Load base weight model.language_model.layers.11.mlp.shared_expert.down_proj.weight,0.3327650010760408
5,Load base weight model.language_model.layers.11.mlp.shared_expert_gate.weight,0.05111399877932854
5,MoE / MLP,28.455370000301627
5,Attention,2.6701729984779377
5,Load base weight model.language_model.layers.12.mlp.shared_expert.gate_proj.weight,0.7719220011495054
5,Load base weight model.language_model.layers.12.mlp.shared_expert.up_proj.weight,0.5376840017561335
5,Load base weight model.language_model.layers.12.mlp.shared_expert.down_proj.weight,0.4797869987669401
5,Load base weight model.language_model.layers.12.mlp.shared_expert_gate.weight,0.06901500091771595
5,MoE / MLP,13.751163001870736
5,Attention,1.9075799973506946
5,Load base weight model.language_model.layers.13.mlp.shared_expert.gate_proj.weight,0.5549889974645339
5,Load base weight model.language_model.layers.13.mlp.shared_expert.up_proj.weight,0.42798399954335764
5,Load base weight model.language_model.layers.13.mlp.shared_expert.down_proj.weight,0.41996299842139706
5,Load base weight model.language_model.layers.13.mlp.shared_expert_gate.weight,0.06740900062141009
5,MoE / MLP,26.5565770023386
5,Attention,2.7571109967539087
5,Load base weight model.language_model.layers.14.mlp.shared_expert.gate_proj.weight,0.7911939974292181
5,Load base weight model.language_model.layers.14.mlp.shared_expert.up_proj.weight,0.8523750002495944
5,Load base weight model.language_model.layers.14.mlp.shared_expert.down_proj.weight,1.346524997643428
5,Load base weight model.language_model.layers.14.mlp.shared_expert_gate.weight,0.17840500004240312
5,MoE / MLP,16.893112999241566
5,Attention,2.1510010010388214
5,Load base weight model.language_model.layers.15.mlp.shared_expert.gate_proj.weight,0.7978950015967712
5,Load base weight model.language_model.layers.15.mlp.shared_expert.up_proj.weight,0.6161489982332569
5,Load base weight model.language_model.layers.15.mlp.shared_expert.down_proj.weight,0.5679149981006049
5,Load base weight model.language_model.layers.15.mlp.shared_expert_gate.weight,0.09243300155503675
5,MoE / MLP,29.13174999775947
5,Attention,2.6427619995956775
5,Load base weight model.language_model.layers.16.mlp.shared_expert.gate_proj.weight,0.7575019990326837
5,Load base weight model.language_model.layers.16.mlp.shared_expert.up_proj.weight,0.6222780029929709
5,Load base weight model.language_model.layers.16.mlp.shared_expert.down_proj.weight,0.7721279980614781
5,Load base weight model.language_model.layers.16.mlp.shared_expert_gate.weight,0.08628999785287306
5,MoE / MLP,16.470635000587208
5,Attention,2.5147129999822937
5,Load base weight model.language_model.layers.17.mlp.shared_expert.gate_proj.weight,0.6494810004369356
5,Load base weight model.language_model.layers.17.mlp.shared_expert.up_proj.weight,0.4656509991036728
5,Load base weight model.language_model.layers.17.mlp.shared_expert.down_proj.weight,0.4771610001625959
5,Load base weight model.language_model.layers.17.mlp.shared_expert_gate.weight,0.07725500108790584
5,MoE / MLP,18.689781001739902
5,Attention,2.30585300232633
5,Load base weight model.language_model.layers.18.mlp.shared_expert.gate_proj.weight,0.6737930016242899
5,Load base weight model.language_model.layers.18.mlp.shared_expert.up_proj.weight,0.5219950035098009
5,Load base weight model.language_model.layers.18.mlp.shared_expert.down_proj.weight,0.50117700084229
5,Load base weight model.language_model.layers.18.mlp.shared_expert_gate.weight,0.07434000144712627
5,MoE / MLP,23.64938900063862
5,Attention,1.721404001727933
5,Load base weight model.language_model.layers.19.mlp.shared_expert.gate_proj.weight,0.6461759985540994
5,Load base weight model.language_model.layers.19.mlp.shared_expert.up_proj.weight,0.4920370010950137
5,Load base weight model.language_model.layers.19.mlp.shared_expert.down_proj.weight,0.4892010001640301
5,Load base weight model.language_model.layers.19.mlp.shared_expert_gate.weight,0.07371099854935892
5,MoE / MLP,22.45037600005162
5,Attention,2.239864999864949
5,Load base weight model.language_model.layers.20.mlp.shared_expert.gate_proj.weight,0.5767969996668398
5,Load base weight model.language_model.layers.20.mlp.shared_expert.up_proj.weight,0.46840499999234453
5,Load base weight model.language_model.layers.20.mlp.shared_expert.down_proj.weight,0.4451610002433881
5,Load base weight model.language_model.layers.20.mlp.shared_expert_gate.weight,0.06915500125614926
5,MoE / MLP,20.346599001641152
5,Attention,2.3242150018631946
5,Load base weight model.language_model.layers.21.mlp.shared_expert.gate_proj.weight,0.7163909976952709
5,Load base weight model.language_model.layers.21.mlp.shared_expert.up_proj.weight,0.47466999967582524
5,Load base weight model.language_model.layers.21.mlp.shared_expert.down_proj.weight,0.49003000094671734
5,Load base weight model.language_model.layers.21.mlp.shared_expert_gate.weight,0.06442499943659641
5,MoE / MLP,19.052414001635043
5,Attention,2.0508019988483284
5,Load base weight model.language_model.layers.22.mlp.shared_expert.gate_proj.weight,0.5562799997278489
5,Load base weight model.language_model.layers.22.mlp.shared_expert.up_proj.weight,0.466941997729009
5,Load base weight model.language_model.layers.22.mlp.shared_expert.down_proj.weight,0.4395440009830054
5,Load base weight model.language_model.layers.22.mlp.shared_expert_gate.weight,0.07457099854946136
5,MoE / MLP,26.15274400159251
5,Attention,1.6954189995885827
5,Load base weight model.language_model.layers.23.mlp.shared_expert.gate_proj.weight,0.698875002854038
5,Load base weight model.language_model.layers.23.mlp.shared_expert.up_proj.weight,0.5259380013740156
5,Load base weight model.language_model.layers.23.mlp.shared_expert.down_proj.weight,0.5724900001951028
5,Load base weight model.language_model.layers.23.mlp.shared_expert_gate.weight,0.07198599996627308
5,MoE / MLP,29.53442799844197
5,Attention,2.1886469985474832
5,Load base weight model.language_model.layers.24.mlp.shared_expert.gate_proj.weight,0.5555339994316455
5,Load base weight model.language_model.layers.24.mlp.shared_expert.up_proj.weight,0.47216699749697
5,Load base weight model.language_model.layers.24.mlp.shared_expert.down_proj.weight,0.4280520006432198
5,Load base weight model.language_model.layers.24.mlp.shared_expert_gate.weight,0.06224200114957057
5,MoE / MLP,19.644583997433074
5,Attention,3.3022980023815762
5,Load base weight model.language_model.layers.25.mlp.shared_expert.gate_proj.weight,0.8121480022964533
5,Load base weight model.language_model.layers.25.mlp.shared_expert.up_proj.weight,0.5531140013772529
5,Load base weight model.language_model.layers.25.mlp.shared_expert.down_proj.weight,0.6068440015951637
5,Load base weight model.language_model.layers.25.mlp.shared_expert_gate.weight,0.0928839981497731
5,MoE / MLP,31.709941998997238
5,Attention,2.418987001874484
5,Load base weight model.language_model.layers.26.mlp.shared_expert.gate_proj.weight,0.6108279994805343
5,Load base weight model.language_model.layers.26.mlp.shared_expert.up_proj.weight,0.49701399984769523
5,Load base weight model.language_model.layers.26.mlp.shared_expert.down_proj.weight,0.47405200166394934
5,Load base weight model.language_model.layers.26.mlp.shared_expert_gate.weight,0.07658699905732647
5,MoE / MLP,21.64640400224016
5,Attention,2.293172001373023
5,Load base weight model.language_model.layers.27.mlp.shared_expert.gate_proj.weight,0.6565789990418125
5,Load base weight model.language_model.layers.27.mlp.shared_expert.up_proj.weight,0.5332510008884128
5,Load base weight model.language_model.layers.27.mlp.shared_expert.down_proj.weight,0.47951099986676127
5,Load base weight model.language_model.layers.27.mlp.shared_expert_gate.weight,0.08316599996760488
5,MoE / MLP,23.800727998604998
5,Attention,2.731276999838883
5,Load base weight model.language_model.layers.28.mlp.shared_expert.gate_proj.weight,0.7465730013791472
5,Load base weight model.language_model.layers.28.mlp.shared_expert.up_proj.weight,0.5215109995333478
5,Load base weight model.language_model.layers.28.mlp.shared_expert.down_proj.weight,0.5132200021762401
5,Load base weight model.language_model.layers.28.mlp.shared_expert_gate.weight,0.08897500083548948
5,MoE / MLP,18.07370500318939
5,Attention,2.2918069989827927
5,Load base weight model.language_model.layers.29.mlp.shared_expert.gate_proj.weight,0.6557190026796889
5,Load base weight model.language_model.layers.29.mlp.shared_expert.up_proj.weight,0.4839289977098815
5,Load base weight model.language_model.layers.29.mlp.shared_expert.down_proj.weight,0.4733620007755235
5,Load base weight model.language_model.layers.29.mlp.shared_expert_gate.weight,0.08211799649870954
5,MoE / MLP,25.915043999702903
5,Attention,2.351587001612643
5,Load base weight model.language_model.layers.30.mlp.shared_expert.gate_proj.weight,0.6015920007484965
5,Load base weight model.language_model.layers.30.mlp.shared_expert.up_proj.weight,0.4680220008594915
5,Load base weight model.language_model.layers.30.mlp.shared_expert.down_proj.weight,0.49160900016431697
5,Load base weight model.language_model.layers.30.mlp.shared_expert_gate.weight,0.0764680007705465
5,MoE / MLP,19.48007799728657
5,Attention,1.6848710001795553
5,Load base weight model.language_model.layers.31.mlp.shared_expert.gate_proj.weight,0.6952360017749015
5,Load base weight model.language_model.layers.31.mlp.shared_expert.up_proj.weight,0.4893120021733921
5,Load base weight model.language_model.layers.31.mlp.shared_expert.down_proj.weight,0.47762199756107293
5,Load base weight model.language_model.layers.31.mlp.shared_expert_gate.weight,0.07457199899363331
5,MoE / MLP,36.81195999888587
5,Attention,2.5662760017439723
5,Load base weight model.language_model.layers.32.mlp.shared_expert.gate_proj.weight,0.6916339989402331
5,Load base weight model.language_model.layers.32.mlp.shared_expert.up_proj.weight,0.533548001840245
5,Load base weight model.language_model.layers.32.mlp.shared_expert.down_proj.weight,0.549947999388678
5,Load base weight model.language_model.layers.32.mlp.shared_expert_gate.weight,0.08297299791593105
5,MoE / MLP,29.138657002476975
5,Attention,2.0727580013044644
5,Load base weight model.language_model.layers.33.mlp.shared_expert.gate_proj.weight,0.6226850018720143
5,Load base weight model.language_model.layers.33.mlp.shared_expert.up_proj.weight,0.43924099736614153
5,Load base weight model.language_model.layers.33.mlp.shared_expert.down_proj.weight,0.418855001043994
5,Load base weight model.language_model.layers.33.mlp.shared_expert_gate.weight,0.07150300007197075
5,MoE / MLP,34.58444900024915
5,Attention,2.316571000847034
5,Load base weight model.language_model.layers.34.mlp.shared_expert.gate_proj.weight,0.6054969999240711
5,Load base weight model.language_model.layers.34.mlp.shared_expert.up_proj.weight,0.4565660019579809
5,Load base weight model.language_model.layers.34.mlp.shared_expert.down_proj.weight,0.456256002507871
5,Load base weight model.language_model.layers.34.mlp.shared_expert_gate.weight,0.06279599983827211
5,MoE / MLP,25.77548299814225
5,Attention,1.6024510005081538
5,Load base weight model.language_model.layers.35.mlp.shared_expert.gate_proj.weight,0.5886040016775951
5,Load base weight model.language_model.layers.35.mlp.shared_expert.up_proj.weight,0.4817589979211334
5,Load base weight model.language_model.layers.35.mlp.shared_expert.down_proj.weight,0.45574199975817464
5,Load base weight model.language_model.layers.35.mlp.shared_expert_gate.weight,0.06896700142533518
5,MoE / MLP,18.48093499938841
5,Attention,1.9393509974179324
5,Load base weight model.language_model.layers.36.mlp.shared_expert.gate_proj.weight,0.539037002454279
5,Load base weight model.language_model.layers.36.mlp.shared_expert.up_proj.weight,0.4705220017058309
5,Load base weight model.language_model.layers.36.mlp.shared_expert.down_proj.weight,0.4211880004731938
5,Load base weight model.language_model.layers.36.mlp.shared_expert_gate.weight,0.06625700189033523
5,MoE / MLP,16.862720000062836
5,Attention,2.1391700029198546
5,Load base weight model.language_model.layers.37.mlp.shared_expert.gate_proj.weight,0.6207980004546698
5,Load base weight model.language_model.layers.37.mlp.shared_expert.up_proj.weight,0.4695860006904695
5,Load base weight model.language_model.layers.37.mlp.shared_expert.down_proj.weight,0.4263160008122213
5,Load base weight model.language_model.layers.37.mlp.shared_expert_gate.weight,0.06573200153070502
5,MoE / MLP,33.32597599728615
5,Attention,2.1995739989506546
5,Load base weight model.language_model.layers.38.mlp.shared_expert.gate_proj.weight,0.6107180015533231
5,Load base weight model.language_model.layers.38.mlp.shared_expert.up_proj.weight,0.46640399887110107
5,Load base weight model.language_model.layers.38.mlp.shared_expert.down_proj.weight,0.4325009977037553
5,Load base weight model.language_model.layers.38.mlp.shared_expert_gate.weight,0.06306700015556999
5,MoE / MLP,28.991128998313798
5,Attention,1.5994499990483746
5,Load base weight model.language_model.layers.39.mlp.shared_expert.gate_proj.weight,0.5857719988853205
5,Load base weight model.language_model.layers.39.mlp.shared_expert.up_proj.weight,0.5574520000664052
5,Load base weight model.language_model.layers.39.mlp.shared_expert.down_proj.weight,0.5859189986949787
5,Load base weight model.language_model.layers.39.mlp.shared_expert_gate.weight,0.06587600000784732
5,MoE / MLP,27.037862000725
5,Router,0.3184640109539032
5,MoE Decode Loop,26.53705596923828
5,Router,0.3092480003833771
5,MoE Decode Loop,44.52841567993164
5,Router,0.2908160090446472
5,MoE Decode Loop,32.20585632324219
5,Router,0.2558720111846924
5,MoE Decode Loop,27.55833625793457
5,Router,0.2662400007247925
5,MoE Decode Loop,29.33776092529297
5,Router,0.310016006231308
5,MoE Decode Loop,21.61427116394043
5,Router,0.28540799021720886
5,MoE Decode Loop,17.981792449951172
5,Router,0.2467840015888214
5,MoE Decode Loop,25.993120193481445
5,Router,0.27238398790359497
5,MoE Decode Loop,12.601056098937988
5,Router,0.1698240041732788
5,MoE Decode Loop,12.786175727844238
5,Router,0.16892799735069275
5,MoE Decode Loop,14.950719833374023
5,Router,0.19280000030994415
5,MoE Decode Loop,28.126272201538086
5,Router,0.3112959861755371
5,MoE Decode Loop,13.475872039794922
5,Router,0.23664000630378723
5,MoE Decode Loop,26.117183685302734
5,Router,0.3417919874191284
5,MoE Decode Loop,16.218303680419922
5,Router,0.3962880074977875
5,MoE Decode Loop,28.33839988708496
5,Router,0.319487988948822
5,MoE Decode Loop,15.861215591430664
5,Router,0.30083200335502625
5,MoE Decode Loop,18.23638343811035
5,Router,0.3164159953594208
5,MoE Decode Loop,23.213184356689453
5,Router,0.289792001247406
5,MoE Decode Loop,22.017791748046875
5,Router,0.26316800713539124
5,MoE Decode Loop,19.962303161621094
5,Router,0.3062080144882202
5,MoE Decode Loop,18.61827278137207
5,Router,0.24268800020217896
5,MoE Decode Loop,25.863231658935547
5,Router,0.30399999022483826
5,MoE Decode Loop,29.075551986694336
5,Router,0.24271999299526215
5,MoE Decode Loop,19.25484848022461
5,Router,0.40140798687934875
5,MoE Decode Loop,31.031200408935547
5,Router,0.29609599709510803
5,MoE Decode Loop,21.193567276000977
5,Router,0.3986560106277466
5,MoE Decode Loop,23.059776306152344
5,Router,0.3821119964122772
5,MoE Decode Loop,17.44361686706543
5,Router,0.34095999598503113
5,MoE Decode Loop,25.344383239746094
5,Router,0.3051519989967346
5,MoE Decode Loop,19.009504318237305
5,Router,0.28572800755500793
5,MoE Decode Loop,36.033729553222656
5,Router,0.3233279883861542
5,MoE Decode Loop,28.697696685791016
5,Router,0.26214399933815
5,MoE Decode Loop,34.15670394897461
5,Router,0.24985599517822266
5,MoE Decode Loop,25.489248275756836
5,Router,0.2895359992980957
5,MoE Decode Loop,18.236064910888672
5,Router,0.2457599937915802
5,MoE Decode Loop,16.735231399536133
5,Router,0.27718400955200195
5,MoE Decode Loop,32.936607360839844
5,Router,0.2916800081729889
5,MoE Decode Loop,28.67286491394043
5,Router,0.26444798707962036
5,MoE Decode Loop,26.695327758789062
5,Norm,0.33689600229263306
5,LM Head,6.320127964019775
6,Attention,2.27357000039774
6,Load base weight model.language_model.layers.0.mlp.shared_expert.gate_proj.weight,0.8504809993610252
6,Load base weight model.language_model.layers.0.mlp.shared_expert.up_proj.weight,0.5056689988123253
6,Load base weight model.language_model.layers.0.mlp.shared_expert.down_proj.weight,0.5636350033455528
6,Load base weight model.language_model.layers.0.mlp.shared_expert_gate.weight,0.07389600068563595
6,MoE / MLP,52.55176900027436
6,Attention,2.6022550009656698
6,Load base weight model.language_model.layers.1.mlp.shared_expert.gate_proj.weight,0.6865379982627928
6,Load base weight model.language_model.layers.1.mlp.shared_expert.up_proj.weight,0.5454309975903016
6,Load base weight model.language_model.layers.1.mlp.shared_expert.down_proj.weight,0.6097360019339249
6,Load base weight model.language_model.layers.1.mlp.shared_expert_gate.weight,0.07766799899400212
6,MoE / MLP,30.461235997790936
6,Attention,2.2877670016896445
6,Load base weight model.language_model.layers.2.mlp.shared_expert.gate_proj.weight,0.6597780011361465
6,Load base weight model.language_model.layers.2.mlp.shared_expert.up_proj.weight,0.45363100070971996
6,Load base weight model.language_model.layers.2.mlp.shared_expert.down_proj.weight,0.436586000432726
6,Load base weight model.language_model.layers.2.mlp.shared_expert_gate.weight,0.07424499926855788
6,MoE / MLP,33.05991299930611
6,Attention,1.716226001008181
6,Load base weight model.language_model.layers.3.mlp.shared_expert.gate_proj.weight,0.5915549991186708
6,Load base weight model.language_model.layers.3.mlp.shared_expert.up_proj.weight,0.4584540001815185
6,Load base weight model.language_model.layers.3.mlp.shared_expert.down_proj.weight,0.4358369988040067
6,Load base weight model.language_model.layers.3.mlp.shared_expert_gate.weight,0.07222100248327479
6,MoE / MLP,30.92231199843809
6,Attention,2.2625999990850687
6,Load base weight model.language_model.layers.4.mlp.shared_expert.gate_proj.weight,0.6364820001181215
6,Load base weight model.language_model.layers.4.mlp.shared_expert.up_proj.weight,0.4920169994875323
6,Load base weight model.language_model.layers.4.mlp.shared_expert.down_proj.weight,0.4953009993187152
6,Load base weight model.language_model.layers.4.mlp.shared_expert_gate.weight,0.07588700100313872
6,MoE / MLP,40.622149001137586
6,Attention,2.576283000962576
6,Load base weight model.language_model.layers.5.mlp.shared_expert.gate_proj.weight,0.7119740002963226
6,Load base weight model.language_model.layers.5.mlp.shared_expert.up_proj.weight,0.5080110022390727
6,Load base weight model.language_model.layers.5.mlp.shared_expert.down_proj.weight,0.487604000227293
6,Load base weight model.language_model.layers.5.mlp.shared_expert_gate.weight,0.0700350028637331
6,MoE / MLP,39.39519900086452
6,Attention,2.4944309989223257
6,Load base weight model.language_model.layers.6.mlp.shared_expert.gate_proj.weight,0.677226998959668
6,Load base weight model.language_model.layers.6.mlp.shared_expert.up_proj.weight,0.49709700033417903
6,Load base weight model.language_model.layers.6.mlp.shared_expert.down_proj.weight,0.4679449994000606
6,Load base weight model.language_model.layers.6.mlp.shared_expert_gate.weight,0.07848799941712059
6,MoE / MLP,24.220380000770092
6,Attention,1.6944560011324938
6,Load base weight model.language_model.layers.7.mlp.shared_expert.gate_proj.weight,0.6693059985991567
6,Load base weight model.language_model.layers.7.mlp.shared_expert.up_proj.weight,0.661743000819115
6,Load base weight model.language_model.layers.7.mlp.shared_expert.down_proj.weight,0.5877799994777888
6,Load base weight model.language_model.layers.7.mlp.shared_expert_gate.weight,0.06643600136158057
6,MoE / MLP,26.115522003237857
6,Attention,2.1379150020948146
6,Load base weight model.language_model.layers.8.mlp.shared_expert.gate_proj.weight,0.5877870025869925
6,Load base weight model.language_model.layers.8.mlp.shared_expert.up_proj.weight,0.4464189987629652
6,Load base weight model.language_model.layers.8.mlp.shared_expert.down_proj.weight,0.44058899948140606
6,Load base weight model.language_model.layers.8.mlp.shared_expert_gate.weight,0.0552160017832648
6,MoE / MLP,17.22823099771631
6,Attention,2.2298539988696575
6,Load base weight model.language_model.layers.9.mlp.shared_expert.gate_proj.weight,0.5847719985467847
6,Load base weight model.language_model.layers.9.mlp.shared_expert.up_proj.weight,0.4812070001207758
6,Load base weight model.language_model.layers.9.mlp.shared_expert.down_proj.weight,0.4603439992934
6,Load base weight model.language_model.layers.9.mlp.shared_expert_gate.weight,0.06402700091712177
6,MoE / MLP,33.17107600014424
6,Attention,2.0348860016383696
6,Load base weight model.language_model.layers.10.mlp.shared_expert.gate_proj.weight,0.5776480029453523
6,Load base weight model.language_model.layers.10.mlp.shared_expert.up_proj.weight,0.5125460011186078
6,Load base weight model.language_model.layers.10.mlp.shared_expert.down_proj.weight,0.5104940028104465
6,Load base weight model.language_model.layers.10.mlp.shared_expert_gate.weight,0.06581100024050102
6,MoE / MLP,17.494634001195664
6,Attention,1.6028460013330914
6,Load base weight model.language_model.layers.11.mlp.shared_expert.gate_proj.weight,0.7148589975258801
6,Load base weight model.language_model.layers.11.mlp.shared_expert.up_proj.weight,0.5347219994291663
6,Load base weight model.language_model.layers.11.mlp.shared_expert.down_proj.weight,0.4754330002469942
6,Load base weight model.language_model.layers.11.mlp.shared_expert_gate.weight,0.08208300278056413
6,MoE / MLP,23.416594998707296
6,Attention,2.1232079998299014
6,Load base weight model.language_model.layers.12.mlp.shared_expert.gate_proj.weight,0.5825359985465184
6,Load base weight model.language_model.layers.12.mlp.shared_expert.up_proj.weight,0.46056599967414513
6,Load base weight model.language_model.layers.12.mlp.shared_expert.down_proj.weight,0.41884999882313423
6,Load base weight model.language_model.layers.12.mlp.shared_expert_gate.weight,0.07099000140442513
6,MoE / MLP,19.525990999682108
6,Attention,1.938368000992341
6,Load base weight model.language_model.layers.13.mlp.shared_expert.gate_proj.weight,0.6191600004967768
6,Load base weight model.language_model.layers.13.mlp.shared_expert.up_proj.weight,0.44730299850925803
6,Load base weight model.language_model.layers.13.mlp.shared_expert.down_proj.weight,0.4853350001212675
6,Load base weight model.language_model.layers.13.mlp.shared_expert_gate.weight,0.05920600233366713
6,MoE / MLP,18.87030200305162
6,Attention,2.1557239997491706
6,Load base weight model.language_model.layers.14.mlp.shared_expert.gate_proj.weight,0.5985179996059742
6,Load base weight model.language_model.layers.14.mlp.shared_expert.up_proj.weight,0.5460449974634685
6,Load base weight model.language_model.layers.14.mlp.shared_expert.down_proj.weight,0.44906400216859765
6,Load base weight model.language_model.layers.14.mlp.shared_expert_gate.weight,0.0637400007690303
6,MoE / MLP,17.27268999820808
6,Attention,1.6541680015507154
6,Load base weight model.language_model.layers.15.mlp.shared_expert.gate_proj.weight,0.6029319993103854
6,Load base weight model.language_model.layers.15.mlp.shared_expert.up_proj.weight,0.4963489991496317
6,Load base weight model.language_model.layers.15.mlp.shared_expert.down_proj.weight,0.46286600263556466
6,Load base weight model.language_model.layers.15.mlp.shared_expert_gate.weight,0.07856999945943244
6,MoE / MLP,17.618001998926047
6,Attention,2.1442110009957105
6,Load base weight model.language_model.layers.16.mlp.shared_expert.gate_proj.weight,0.6405359999916982
6,Load base weight model.language_model.layers.16.mlp.shared_expert.up_proj.weight,0.4269189994374756
6,Load base weight model.language_model.layers.16.mlp.shared_expert.down_proj.weight,0.4368170011730399
6,Load base weight model.language_model.layers.16.mlp.shared_expert_gate.weight,0.06330699761747383
6,MoE / MLP,17.645933003223035
6,Attention,2.2667289995297324
6,Load base weight model.language_model.layers.17.mlp.shared_expert.gate_proj.weight,0.6256580018089153
6,Load base weight model.language_model.layers.17.mlp.shared_expert.up_proj.weight,0.45032599882688373
6,Load base weight model.language_model.layers.17.mlp.shared_expert.down_proj.weight,0.46199099961086176
6,Load base weight model.language_model.layers.17.mlp.shared_expert_gate.weight,0.06402399958460592
6,MoE / MLP,13.018989000556758
6,Attention,1.516344000265235
6,Load base weight model.language_model.layers.18.mlp.shared_expert.gate_proj.weight,0.4424290018505417
6,Load base weight model.language_model.layers.18.mlp.shared_expert.up_proj.weight,0.36905399974784814
6,Load base weight model.language_model.layers.18.mlp.shared_expert.down_proj.weight,0.3199819984729402
6,Load base weight model.language_model.layers.18.mlp.shared_expert_gate.weight,0.047132998588494956
6,MoE / MLP,22.29713199994876
6,Attention,1.1859039987029973
6,Load base weight model.language_model.layers.19.mlp.shared_expert.gate_proj.weight,0.43167799958609976
6,Load base weight model.language_model.layers.19.mlp.shared_expert.up_proj.weight,0.3585130034480244
6,Load base weight model.language_model.layers.19.mlp.shared_expert.down_proj.weight,0.3236960001231637
6,Load base weight model.language_model.layers.19.mlp.shared_expert_gate.weight,0.050307000492466614
6,MoE / MLP,9.680344999651425
6,Attention,1.5027800000098068
6,Load base weight model.language_model.layers.20.mlp.shared_expert.gate_proj.weight,0.4355470009613782
6,Load base weight model.language_model.layers.20.mlp.shared_expert.up_proj.weight,0.36801700116484426
6,Load base weight model.language_model.layers.20.mlp.shared_expert.down_proj.weight,0.34007299836957827
6,Load base weight model.language_model.layers.20.mlp.shared_expert_gate.weight,0.05469000097946264
6,MoE / MLP,20.30250200186856
6,Attention,2.2872420013300143
6,Load base weight model.language_model.layers.21.mlp.shared_expert.gate_proj.weight,0.6954279997444246
6,Load base weight model.language_model.layers.21.mlp.shared_expert.up_proj.weight,0.5357480004022364
6,Load base weight model.language_model.layers.21.mlp.shared_expert.down_proj.weight,0.48910000259638764
6,Load base weight model.language_model.layers.21.mlp.shared_expert_gate.weight,0.0703189980413299
6,MoE / MLP,27.751092999096727
6,Attention,2.495945998816751
6,Load base weight model.language_model.layers.22.mlp.shared_expert.gate_proj.weight,0.6793290012865327
6,Load base weight model.language_model.layers.22.mlp.shared_expert.up_proj.weight,0.5212030009715818
6,Load base weight model.language_model.layers.22.mlp.shared_expert.down_proj.weight,0.4908760020043701
6,Load base weight model.language_model.layers.22.mlp.shared_expert_gate.weight,0.07730000288574956
6,MoE / MLP,22.804249998443993
6,Attention,1.9228700002713595
6,Load base weight model.language_model.layers.23.mlp.shared_expert.gate_proj.weight,0.8741139972698875
6,Load base weight model.language_model.layers.23.mlp.shared_expert.up_proj.weight,0.579876999836415
6,Load base weight model.language_model.layers.23.mlp.shared_expert.down_proj.weight,0.5468439994729124
6,Load base weight model.language_model.layers.23.mlp.shared_expert_gate.weight,0.08977299876278266
6,MoE / MLP,29.596974000014598
6,Attention,2.7982149986200966
6,Load base weight model.language_model.layers.24.mlp.shared_expert.gate_proj.weight,0.7847010019759182
6,Load base weight model.language_model.layers.24.mlp.shared_expert.up_proj.weight,0.586816000577528
6,Load base weight model.language_model.layers.24.mlp.shared_expert.down_proj.weight,0.5339220006135292
6,Load base weight model.language_model.layers.24.mlp.shared_expert_gate.weight,0.08780900316196494
6,MoE / MLP,22.561359000974335
6,Attention,2.424063000944443
6,Load base weight model.language_model.layers.25.mlp.shared_expert.gate_proj.weight,0.6723580008838326
6,Load base weight model.language_model.layers.25.mlp.shared_expert.up_proj.weight,0.501254999107914
6,Load base weight model.language_model.layers.25.mlp.shared_expert.down_proj.weight,0.49746999866329134
6,Load base weight model.language_model.layers.25.mlp.shared_expert_gate.weight,0.06857200060039759
6,MoE / MLP,23.87791500223102
6,Attention,2.1670530004485045
6,Load base weight model.language_model.layers.26.mlp.shared_expert.gate_proj.weight,0.5771350006398279
6,Load base weight model.language_model.layers.26.mlp.shared_expert.up_proj.weight,0.46804700104985386
6,Load base weight model.language_model.layers.26.mlp.shared_expert.down_proj.weight,0.45109999700798653
6,Load base weight model.language_model.layers.26.mlp.shared_expert_gate.weight,0.06353500066325068
6,MoE / MLP,15.398966999782715
6,Attention,1.5954100017552264
6,Load base weight model.language_model.layers.27.mlp.shared_expert.gate_proj.weight,0.6835400017735083
6,Load base weight model.language_model.layers.27.mlp.shared_expert.up_proj.weight,0.4892739998467732
6,Load base weight model.language_model.layers.27.mlp.shared_expert.down_proj.weight,0.5129509991093073
6,Load base weight model.language_model.layers.27.mlp.shared_expert_gate.weight,0.0706350001564715
6,MoE / MLP,21.04130699808593
6,Attention,1.9776659974013455
6,Load base weight model.language_model.layers.28.mlp.shared_expert.gate_proj.weight,0.557838000531774
6,Load base weight model.language_model.layers.28.mlp.shared_expert.up_proj.weight,0.45784099711454473
6,Load base weight model.language_model.layers.28.mlp.shared_expert.down_proj.weight,0.4248990007909015
6,Load base weight model.language_model.layers.28.mlp.shared_expert_gate.weight,0.059784000768559054
6,MoE / MLP,28.2685419988411
6,Attention,2.3146150015236344
6,Load base weight model.language_model.layers.29.mlp.shared_expert.gate_proj.weight,0.6870840006740764
6,Load base weight model.language_model.layers.29.mlp.shared_expert.up_proj.weight,0.46749000102863647
6,Load base weight model.language_model.layers.29.mlp.shared_expert.down_proj.weight,0.4896499995084014
6,Load base weight model.language_model.layers.29.mlp.shared_expert_gate.weight,0.06445699909818359
6,MoE / MLP,40.518658999644686
6,Attention,2.2280539997154847
6,Load base weight model.language_model.layers.30.mlp.shared_expert.gate_proj.weight,0.5844610022904817
6,Load base weight model.language_model.layers.30.mlp.shared_expert.up_proj.weight,0.46658200153615326
6,Load base weight model.language_model.layers.30.mlp.shared_expert.down_proj.weight,0.4408209970279131
6,Load base weight model.language_model.layers.30.mlp.shared_expert_gate.weight,0.05984199742670171
6,MoE / MLP,19.285931997728767
6,Attention,1.742077998642344
6,Load base weight model.language_model.layers.31.mlp.shared_expert.gate_proj.weight,0.6888230018375907
6,Load base weight model.language_model.layers.31.mlp.shared_expert.up_proj.weight,0.5298220021359157
6,Load base weight model.language_model.layers.31.mlp.shared_expert.down_proj.weight,0.4758909999509342
6,Load base weight model.language_model.layers.31.mlp.shared_expert_gate.weight,0.0749950013414491
6,MoE / MLP,21.764185999927577
6,Attention,2.509252997697331
6,Load base weight model.language_model.layers.32.mlp.shared_expert.gate_proj.weight,0.7398849993478507
6,Load base weight model.language_model.layers.32.mlp.shared_expert.up_proj.weight,0.6237029992917087
6,Load base weight model.language_model.layers.32.mlp.shared_expert.down_proj.weight,0.4823560011573136
6,Load base weight model.language_model.layers.32.mlp.shared_expert_gate.weight,0.08472400077152997
6,MoE / MLP,30.85595700031263
6,Attention,2.4850199988577515
6,Load base weight model.language_model.layers.33.mlp.shared_expert.gate_proj.weight,0.6611139979213476
6,Load base weight model.language_model.layers.33.mlp.shared_expert.up_proj.weight,0.5030880020058248
6,Load base weight model.language_model.layers.33.mlp.shared_expert.down_proj.weight,0.5858279982930981
6,Load base weight model.language_model.layers.33.mlp.shared_expert_gate.weight,0.07461600034730509
6,MoE / MLP,39.85844300041208
6,Attention,2.6240810002491344
6,Load base weight model.language_model.layers.34.mlp.shared_expert.gate_proj.weight,0.8366000001842622
6,Load base weight model.language_model.layers.34.mlp.shared_expert.up_proj.weight,0.5779189996246714
6,Load base weight model.language_model.layers.34.mlp.shared_expert.down_proj.weight,0.525653002114268
6,Load base weight model.language_model.layers.34.mlp.shared_expert_gate.weight,0.0808830009191297
6,MoE / MLP,35.51610599970445
6,Attention,1.8555659989942797
6,Load base weight model.language_model.layers.35.mlp.shared_expert.gate_proj.weight,0.7332769964705221
6,Load base weight model.language_model.layers.35.mlp.shared_expert.up_proj.weight,0.586623002163833
6,Load base weight model.language_model.layers.35.mlp.shared_expert.down_proj.weight,0.48179999794228934
6,Load base weight model.language_model.layers.35.mlp.shared_expert_gate.weight,0.08005000199773349
6,MoE / MLP,26.70924399717478
6,Attention,2.5789560022531077
6,Load base weight model.language_model.layers.36.mlp.shared_expert.gate_proj.weight,0.7057179973344319
6,Load base weight model.language_model.layers.36.mlp.shared_expert.up_proj.weight,0.6539120004163124
6,Load base weight model.language_model.layers.36.mlp.shared_expert.down_proj.weight,0.6104480016801972
6,Load base weight model.language_model.layers.36.mlp.shared_expert_gate.weight,0.08204900223063305
6,MoE / MLP,31.23374500137288
6,Attention,2.464298999257153
6,Load base weight model.language_model.layers.37.mlp.shared_expert.gate_proj.weight,0.7490019997931086
6,Load base weight model.language_model.layers.37.mlp.shared_expert.up_proj.weight,0.7273510018421803
6,Load base weight model.language_model.layers.37.mlp.shared_expert.down_proj.weight,0.6282650028879289
6,Load base weight model.language_model.layers.37.mlp.shared_expert_gate.weight,0.08732800051802769
6,MoE / MLP,26.7566269976669
6,Attention,2.8096559981349856
6,Load base weight model.language_model.layers.38.mlp.shared_expert.gate_proj.weight,0.7444110015057959
6,Load base weight model.language_model.layers.38.mlp.shared_expert.up_proj.weight,0.5935070003033616
6,Load base weight model.language_model.layers.38.mlp.shared_expert.down_proj.weight,0.5346600009943359
6,Load base weight model.language_model.layers.38.mlp.shared_expert_gate.weight,0.08590600191382691
6,MoE / MLP,19.095660998573294
6,Attention,1.8747540016192943
6,Load base weight model.language_model.layers.39.mlp.shared_expert.gate_proj.weight,0.7643579992873129
6,Load base weight model.language_model.layers.39.mlp.shared_expert.up_proj.weight,0.6741670003975742
6,Load base weight model.language_model.layers.39.mlp.shared_expert.down_proj.weight,0.5788130001747049
6,Load base weight model.language_model.layers.39.mlp.shared_expert_gate.weight,0.0760609982535243
6,MoE / MLP,18.687708001380088
6,Router,0.32153600454330444
6,MoE Decode Loop,51.723487854003906
6,Router,0.3328000009059906
6,MoE Decode Loop,29.90073585510254
6,Router,0.27955201268196106
6,MoE Decode Loop,32.55859375
6,Router,0.2764799892902374
6,MoE Decode Loop,30.606815338134766
6,Router,0.3102720081806183
6,MoE Decode Loop,40.00291061401367
6,Router,0.2876160144805908
6,MoE Decode Loop,38.82118225097656
6,Router,0.35020801424980164
6,MoE Decode Loop,23.676576614379883
6,Router,0.25920000672340393
6,MoE Decode Loop,25.724607467651367
6,Router,0.2703680098056793
6,MoE Decode Loop,17.061983108520508
6,Router,0.26841598749160767
6,MoE Decode Loop,32.87776184082031
6,Router,0.2764799892902374
6,MoE Decode Loop,17.18729591369629
6,Router,0.3020800054073334
6,MoE Decode Loop,22.95827293395996
6,Router,0.26316800713539124
6,MoE Decode Loop,19.272192001342773
6,Router,0.25200000405311584
6,MoE Decode Loop,18.650400161743164
6,Router,0.2622080147266388
6,MoE Decode Loop,16.93155288696289
6,Router,0.3020800054073334
6,MoE Decode Loop,17.33635139465332
6,Router,0.30720001459121704
6,MoE Decode Loop,17.139808654785156
6,Router,0.2868160009384155
6,MoE Decode Loop,13.011008262634277
6,Router,0.19433599710464478
6,MoE Decode Loop,22.474271774291992
6,Router,0.1945600062608719
6,MoE Decode Loop,9.902912139892578
6,Router,0.20479999482631683
6,MoE Decode Loop,20.112192153930664
6,Router,0.285504013299942
6,MoE Decode Loop,27.346111297607422
6,Router,0.30928000807762146
6,MoE Decode Loop,22.2860164642334
6,Router,0.3410240113735199
6,MoE Decode Loop,28.693376541137695
6,Router,0.35225600004196167
6,MoE Decode Loop,21.84921646118164
6,Router,0.3044160008430481
6,MoE Decode Loop,23.427871704101562
6,Router,0.26345598697662354
6,MoE Decode Loop,15.09881591796875
6,Router,0.2757120132446289
6,MoE Decode Loop,20.765087127685547
6,Router,0.2568320035934448
6,MoE Decode Loop,27.831424713134766
6,Router,0.2877439856529236
6,MoE Decode Loop,40.08252716064453
6,Router,0.25910401344299316
6,MoE Decode Loop,18.98409652709961
6,Router,0.2836480140686035
6,MoE Decode Loop,21.374752044677734
6,Router,0.3184640109539032
6,MoE Decode Loop,30.20457649230957
6,Router,0.3164159953594208
6,MoE Decode Loop,39.33718490600586
6,Router,0.3431040048599243
6,MoE Decode Loop,34.930145263671875
6,Router,0.30403199791908264
6,MoE Decode Loop,24.4836483001709
6,Router,0.3489280045032501
6,MoE Decode Loop,30.550079345703125
6,Router,0.32950401306152344
6,MoE Decode Loop,26.1279354095459
6,Router,0.3635840117931366
6,MoE Decode Loop,18.499711990356445
6,Router,0.2990399897098541
6,MoE Decode Loop,18.33577537536621
6,Norm,0.3266240060329437
6,LM Head,6.3354878425598145
7,Attention,2.4060169998847414
7,Load base weight model.language_model.layers.0.mlp.shared_expert.gate_proj.weight,0.8847050012263935
7,Load base weight model.language_model.layers.0.mlp.shared_expert.up_proj.weight,0.5653289990732446
7,Load base weight model.language_model.layers.0.mlp.shared_expert.down_proj.weight,0.6008009986544494
7,Load base weight model.language_model.layers.0.mlp.shared_expert_gate.weight,0.07982100214576349
7,MoE / MLP,50.996542999200756
7,Attention,3.056448000279488
7,Load base weight model.language_model.layers.1.mlp.shared_expert.gate_proj.weight,0.8098759972199332
7,Load base weight model.language_model.layers.1.mlp.shared_expert.up_proj.weight,0.5519779988389928
7,Load base weight model.language_model.layers.1.mlp.shared_expert.down_proj.weight,0.5852850008523092
7,Load base weight model.language_model.layers.1.mlp.shared_expert_gate.weight,0.1322999996773433
7,MoE / MLP,32.43203199963318
7,Attention,3.000931999849854
7,Load base weight model.language_model.layers.2.mlp.shared_expert.gate_proj.weight,0.9119659989664797
7,Load base weight model.language_model.layers.2.mlp.shared_expert.up_proj.weight,0.612441999692237
7,Load base weight model.language_model.layers.2.mlp.shared_expert.down_proj.weight,0.6327880000753794
7,Load base weight model.language_model.layers.2.mlp.shared_expert_gate.weight,0.11580499995034188
7,MoE / MLP,32.105189999128925
7,Attention,2.1720099975937046
7,Load base weight model.language_model.layers.3.mlp.shared_expert.gate_proj.weight,0.726866001059534
7,Load base weight model.language_model.layers.3.mlp.shared_expert.up_proj.weight,0.6364620021486189
7,Load base weight model.language_model.layers.3.mlp.shared_expert.down_proj.weight,0.5886819999432191
7,Load base weight model.language_model.layers.3.mlp.shared_expert_gate.weight,0.09627699910197407
7,MoE / MLP,18.30020699708257
7,Attention,2.7457209980639163
7,Load base weight model.language_model.layers.4.mlp.shared_expert.gate_proj.weight,0.7586970023112372
7,Load base weight model.language_model.layers.4.mlp.shared_expert.up_proj.weight,0.5698640015907586
7,Load base weight model.language_model.layers.4.mlp.shared_expert.down_proj.weight,0.6131979971542023
7,Load base weight model.language_model.layers.4.mlp.shared_expert_gate.weight,0.09122199844568968
7,MoE / MLP,27.397199999541044
7,Attention,2.95514000026742
7,Load base weight model.language_model.layers.5.mlp.shared_expert.gate_proj.weight,0.7344110017584171
7,Load base weight model.language_model.layers.5.mlp.shared_expert.up_proj.weight,0.5946780001977459
7,Load base weight model.language_model.layers.5.mlp.shared_expert.down_proj.weight,0.5414170009316877
7,Load base weight model.language_model.layers.5.mlp.shared_expert_gate.weight,0.09556900113238953
7,MoE / MLP,23.305965998588363
7,Attention,2.6634629975887947
7,Load base weight model.language_model.layers.6.mlp.shared_expert.gate_proj.weight,0.7164729977375828
7,Load base weight model.language_model.layers.6.mlp.shared_expert.up_proj.weight,0.5841879974468611
7,Load base weight model.language_model.layers.6.mlp.shared_expert.down_proj.weight,0.5746360002376605
7,Load base weight model.language_model.layers.6.mlp.shared_expert_gate.weight,0.10854300126084127
7,MoE / MLP,30.40084300300805
7,Attention,2.334656001039548
7,Load base weight model.language_model.layers.7.mlp.shared_expert.gate_proj.weight,0.7410590005747508
7,Load base weight model.language_model.layers.7.mlp.shared_expert.up_proj.weight,0.6148009997559711
7,Load base weight model.language_model.layers.7.mlp.shared_expert.down_proj.weight,0.554256999748759
7,Load base weight model.language_model.layers.7.mlp.shared_expert_gate.weight,0.1017460017465055
7,MoE / MLP,24.32764699915424
7,Attention,3.018248000444146
7,Load base weight model.language_model.layers.8.mlp.shared_expert.gate_proj.weight,0.7788389993947931
7,Load base weight model.language_model.layers.8.mlp.shared_expert.up_proj.weight,0.5686879994755145
7,Load base weight model.language_model.layers.8.mlp.shared_expert.down_proj.weight,0.5619379990093876
7,Load base weight model.language_model.layers.8.mlp.shared_expert_gate.weight,0.10955399920931086
7,MoE / MLP,29.490986999007873
7,Attention,2.5913989993568975
7,Load base weight model.language_model.layers.9.mlp.shared_expert.gate_proj.weight,0.7629350002389401
7,Load base weight model.language_model.layers.9.mlp.shared_expert.up_proj.weight,0.6234800021047704
7,Load base weight model.language_model.layers.9.mlp.shared_expert.down_proj.weight,1.0030659977928735
7,Load base weight model.language_model.layers.9.mlp.shared_expert_gate.weight,0.11427799836383201
7,MoE / MLP,79.6505860016623
7,Attention,2.4183409987017512
7,Load base weight model.language_model.layers.10.mlp.shared_expert.gate_proj.weight,0.6811489984102082
7,Load base weight model.language_model.layers.10.mlp.shared_expert.up_proj.weight,0.49715000204741955
7,Load base weight model.language_model.layers.10.mlp.shared_expert.down_proj.weight,0.5063300013716798
7,Load base weight model.language_model.layers.10.mlp.shared_expert_gate.weight,0.0753780004743021
7,MoE / MLP,62.89105199903133
7,Attention,2.1940599981462583
7,Load base weight model.language_model.layers.11.mlp.shared_expert.gate_proj.weight,0.8744899969315156
7,Load base weight model.language_model.layers.11.mlp.shared_expert.up_proj.weight,0.6942799991520587
7,Load base weight model.language_model.layers.11.mlp.shared_expert.down_proj.weight,0.6703800027025864
7,Load base weight model.language_model.layers.11.mlp.shared_expert_gate.weight,0.14520700278808363
7,MoE / MLP,50.97150599976885
7,Attention,3.6567429997376166
7,Load base weight model.language_model.layers.12.mlp.shared_expert.gate_proj.weight,0.8544949996576179
7,Load base weight model.language_model.layers.12.mlp.shared_expert.up_proj.weight,0.678782002069056
7,Load base weight model.language_model.layers.12.mlp.shared_expert.down_proj.weight,0.6422360020224005
7,Load base weight model.language_model.layers.12.mlp.shared_expert_gate.weight,0.19486000019242056
7,MoE / MLP,28.95373400315293
7,Attention,3.131035999103915
7,Load base weight model.language_model.layers.13.mlp.shared_expert.gate_proj.weight,0.7497660008084495
7,Load base weight model.language_model.layers.13.mlp.shared_expert.up_proj.weight,0.624264997895807
7,Load base weight model.language_model.layers.13.mlp.shared_expert.down_proj.weight,0.5448269985208753
7,Load base weight model.language_model.layers.13.mlp.shared_expert_gate.weight,0.10039200060418807
7,MoE / MLP,111.37963000146556
7,Attention,2.9401970023172908
7,Load base weight model.language_model.layers.14.mlp.shared_expert.gate_proj.weight,0.8407029999943916
7,Load base weight model.language_model.layers.14.mlp.shared_expert.up_proj.weight,0.5907800004933961
7,Load base weight model.language_model.layers.14.mlp.shared_expert.down_proj.weight,0.630817001365358
7,Load base weight model.language_model.layers.14.mlp.shared_expert_gate.weight,0.10313900202163495
7,MoE / MLP,92.18536899788887
7,Attention,2.2803440006100573
7,Load base weight model.language_model.layers.15.mlp.shared_expert.gate_proj.weight,0.7555779993708711
7,Load base weight model.language_model.layers.15.mlp.shared_expert.up_proj.weight,0.5534769989026245
7,Load base weight model.language_model.layers.15.mlp.shared_expert.down_proj.weight,0.5524330008483957
7,Load base weight model.language_model.layers.15.mlp.shared_expert_gate.weight,0.09014500028570183
7,MoE / MLP,91.84743000150775
7,Attention,4.10988899966469
7,Load base weight model.language_model.layers.16.mlp.shared_expert.gate_proj.weight,1.0180130011576694
7,Load base weight model.language_model.layers.16.mlp.shared_expert.up_proj.weight,0.7016489980742335
7,Load base weight model.language_model.layers.16.mlp.shared_expert.down_proj.weight,0.6549170029757079
7,Load base weight model.language_model.layers.16.mlp.shared_expert_gate.weight,0.12369400064926594
7,MoE / MLP,143.49830100036343
7,Attention,3.456288999586832
7,Load base weight model.language_model.layers.17.mlp.shared_expert.gate_proj.weight,0.8239819981099572
7,Load base weight model.language_model.layers.17.mlp.shared_expert.up_proj.weight,0.6124120009189937
7,Load base weight model.language_model.layers.17.mlp.shared_expert.down_proj.weight,0.5690619982487988
7,Load base weight model.language_model.layers.17.mlp.shared_expert_gate.weight,0.1139880005212035
7,MoE / MLP,56.854243000998395
7,Attention,3.0819370003882796
7,Load base weight model.language_model.layers.18.mlp.shared_expert.gate_proj.weight,0.7941240000945982
7,Load base weight model.language_model.layers.18.mlp.shared_expert.up_proj.weight,0.5875899987586308
7,Load base weight model.language_model.layers.18.mlp.shared_expert.down_proj.weight,0.6070039999030996
7,Load base weight model.language_model.layers.18.mlp.shared_expert_gate.weight,0.10737000047811307
7,MoE / MLP,190.15240800217725
7,Attention,2.667030999873532
7,Load base weight model.language_model.layers.19.mlp.shared_expert.gate_proj.weight,0.9527229995001107
7,Load base weight model.language_model.layers.19.mlp.shared_expert.up_proj.weight,0.6382220017258078
7,Load base weight model.language_model.layers.19.mlp.shared_expert.down_proj.weight,0.6275830019148998
7,Load base weight model.language_model.layers.19.mlp.shared_expert_gate.weight,0.12038299973937683
7,MoE / MLP,178.43827300021076
7,Attention,3.437786999711534
7,Load base weight model.language_model.layers.20.mlp.shared_expert.gate_proj.weight,0.8733989998290781
7,Load base weight model.language_model.layers.20.mlp.shared_expert.up_proj.weight,0.6477079987234902
7,Load base weight model.language_model.layers.20.mlp.shared_expert.down_proj.weight,0.5924079996475484
7,Load base weight model.language_model.layers.20.mlp.shared_expert_gate.weight,0.1305719997617416
7,MoE / MLP,357.69656200136524
7,Attention,3.3808119987952523
7,Load base weight model.language_model.layers.21.mlp.shared_expert.gate_proj.weight,0.8801619987934828
7,Load base weight model.language_model.layers.21.mlp.shared_expert.up_proj.weight,0.6476729977293871
7,Load base weight model.language_model.layers.21.mlp.shared_expert.down_proj.weight,0.5986680007481482
7,Load base weight model.language_model.layers.21.mlp.shared_expert_gate.weight,0.10791399836307392
7,MoE / MLP,129.09491400205297
7,Attention,5.090802002087003
7,Load base weight model.language_model.layers.22.mlp.shared_expert.gate_proj.weight,0.9905039987643249
7,Load base weight model.language_model.layers.22.mlp.shared_expert.up_proj.weight,0.7635660003870726
7,Load base weight model.language_model.layers.22.mlp.shared_expert.down_proj.weight,0.7292039990716148
7,Load base weight model.language_model.layers.22.mlp.shared_expert_gate.weight,0.1449960000172723
7,MoE / MLP,326.69329500276945
7,Attention,2.4176490005629603
7,Load base weight model.language_model.layers.23.mlp.shared_expert.gate_proj.weight,0.8395709992328193
7,Load base weight model.language_model.layers.23.mlp.shared_expert.up_proj.weight,0.6343010027194396
7,Load base weight model.language_model.layers.23.mlp.shared_expert.down_proj.weight,0.5906590013182722
7,Load base weight model.language_model.layers.23.mlp.shared_expert_gate.weight,0.09902800229610875
7,MoE / MLP,83.40480099650449
7,Attention,3.6686209969047923
7,Load base weight model.language_model.layers.24.mlp.shared_expert.gate_proj.weight,0.7776860002195463
7,Load base weight model.language_model.layers.24.mlp.shared_expert.up_proj.weight,0.6305630013230257
7,Load base weight model.language_model.layers.24.mlp.shared_expert.down_proj.weight,0.5666969991580117
7,Load base weight model.language_model.layers.24.mlp.shared_expert_gate.weight,0.0897249992704019
7,MoE / MLP,127.80819600084214
7,Attention,6.969389000005322
7,Load base weight model.language_model.layers.25.mlp.shared_expert.gate_proj.weight,1.144468998973025
7,Load base weight model.language_model.layers.25.mlp.shared_expert.up_proj.weight,0.9506060014246032
7,Load base weight model.language_model.layers.25.mlp.shared_expert.down_proj.weight,0.6918059989402536
7,Load base weight model.language_model.layers.25.mlp.shared_expert_gate.weight,0.1203359970531892
7,MoE / MLP,40.773117001663195
7,Attention,3.9092769984563347
7,Load base weight model.language_model.layers.26.mlp.shared_expert.gate_proj.weight,0.8609409997006878
7,Load base weight model.language_model.layers.26.mlp.shared_expert.up_proj.weight,0.7987259996298235
7,Load base weight model.language_model.layers.26.mlp.shared_expert.down_proj.weight,0.7172160003392491
7,Load base weight model.language_model.layers.26.mlp.shared_expert_gate.weight,0.13401500109466724
7,MoE / MLP,33.670548000372946
7,Attention,2.5338110026495997
7,Load base weight model.language_model.layers.27.mlp.shared_expert.gate_proj.weight,0.9562619998177979
7,Load base weight model.language_model.layers.27.mlp.shared_expert.up_proj.weight,0.7316269984585233
7,Load base weight model.language_model.layers.27.mlp.shared_expert.down_proj.weight,0.6680160004179925
7,Load base weight model.language_model.layers.27.mlp.shared_expert_gate.weight,0.11929299944313243
7,MoE / MLP,92.99969499988947
7,Attention,3.0351470013556536
7,Load base weight model.language_model.layers.28.mlp.shared_expert.gate_proj.weight,0.8020099994610064
7,Load base weight model.language_model.layers.28.mlp.shared_expert.up_proj.weight,0.6044849978934508
7,Load base weight model.language_model.layers.28.mlp.shared_expert.down_proj.weight,0.5598970019491389
7,Load base weight model.language_model.layers.28.mlp.shared_expert_gate.weight,0.11518899918883108
7,MoE / MLP,148.7843739996606
7,Attention,2.978780001285486
7,Load base weight model.language_model.layers.29.mlp.shared_expert.gate_proj.weight,0.8991780014184769
7,Load base weight model.language_model.layers.29.mlp.shared_expert.up_proj.weight,0.7399579990305938
7,Load base weight model.language_model.layers.29.mlp.shared_expert.down_proj.weight,0.65366699709557
7,Load base weight model.language_model.layers.29.mlp.shared_expert_gate.weight,0.10165400090045296
7,MoE / MLP,168.97257000164245
7,Attention,3.3173949996125884
7,Load base weight model.language_model.layers.30.mlp.shared_expert.gate_proj.weight,0.8764999984123278
7,Load base weight model.language_model.layers.30.mlp.shared_expert.up_proj.weight,0.737777998438105
7,Load base weight model.language_model.layers.30.mlp.shared_expert.down_proj.weight,0.7570759989903308
7,Load base weight model.language_model.layers.30.mlp.shared_expert_gate.weight,0.1029150007525459
7,MoE / MLP,149.00442399812164
7,Attention,2.5196010028594173
7,Load base weight model.language_model.layers.31.mlp.shared_expert.gate_proj.weight,0.848958999995375
7,Load base weight model.language_model.layers.31.mlp.shared_expert.up_proj.weight,0.6337580016406719
7,Load base weight model.language_model.layers.31.mlp.shared_expert.down_proj.weight,0.5694860010407865
7,Load base weight model.language_model.layers.31.mlp.shared_expert_gate.weight,0.10373799887020141
7,MoE / MLP,116.06611599927419
7,Attention,2.984949001984205
7,Load base weight model.language_model.layers.32.mlp.shared_expert.gate_proj.weight,0.7311250010388903
7,Load base weight model.language_model.layers.32.mlp.shared_expert.up_proj.weight,0.6725450002704747
7,Load base weight model.language_model.layers.32.mlp.shared_expert.down_proj.weight,0.6693479990644846
7,Load base weight model.language_model.layers.32.mlp.shared_expert_gate.weight,0.09563499770592898
7,MoE / MLP,35.484970998368226
7,Attention,3.0100580006546807
7,Load base weight model.language_model.layers.33.mlp.shared_expert.gate_proj.weight,0.8207549981307238
7,Load base weight model.language_model.layers.33.mlp.shared_expert.up_proj.weight,0.6016630031808745
7,Load base weight model.language_model.layers.33.mlp.shared_expert.down_proj.weight,0.5444919988804031
7,Load base weight model.language_model.layers.33.mlp.shared_expert_gate.weight,0.08933299977798015
7,MoE / MLP,192.81037600012496
7,Attention,3.614978999394225
7,Load base weight model.language_model.layers.34.mlp.shared_expert.gate_proj.weight,0.8603009991929866
7,Load base weight model.language_model.layers.34.mlp.shared_expert.up_proj.weight,0.7556700002169237
7,Load base weight model.language_model.layers.34.mlp.shared_expert.down_proj.weight,0.58255099793314
7,Load base weight model.language_model.layers.34.mlp.shared_expert_gate.weight,0.13403100092546083
7,MoE / MLP,145.65387800030294
7,Attention,2.6237220008624718
7,Load base weight model.language_model.layers.35.mlp.shared_expert.gate_proj.weight,0.8129649977490772
7,Load base weight model.language_model.layers.35.mlp.shared_expert.up_proj.weight,0.5985520001559053
7,Load base weight model.language_model.layers.35.mlp.shared_expert.down_proj.weight,0.5774390010628849
7,Load base weight model.language_model.layers.35.mlp.shared_expert_gate.weight,0.1013569999486208
7,MoE / MLP,87.66611499959254
7,Attention,3.0155589993228205
7,Load base weight model.language_model.layers.36.mlp.shared_expert.gate_proj.weight,0.7244020016514696
7,Load base weight model.language_model.layers.36.mlp.shared_expert.up_proj.weight,0.5574829992838204
7,Load base weight model.language_model.layers.36.mlp.shared_expert.down_proj.weight,0.5402780006988905
7,Load base weight model.language_model.layers.36.mlp.shared_expert_gate.weight,0.09309999950346537
7,MoE / MLP,63.958958999137394
7,Attention,3.1608700010110624
7,Load base weight model.language_model.layers.37.mlp.shared_expert.gate_proj.weight,0.7492270015063696
7,Load base weight model.language_model.layers.37.mlp.shared_expert.up_proj.weight,0.5763000008300878
7,Load base weight model.language_model.layers.37.mlp.shared_expert.down_proj.weight,0.5409500008681789
7,Load base weight model.language_model.layers.37.mlp.shared_expert_gate.weight,0.08864700066624209
7,MoE / MLP,74.4397790003859
7,Attention,3.4706039987213444
7,Load base weight model.language_model.layers.38.mlp.shared_expert.gate_proj.weight,0.8867739998095203
7,Load base weight model.language_model.layers.38.mlp.shared_expert.up_proj.weight,0.6133129973022733
7,Load base weight model.language_model.layers.38.mlp.shared_expert.down_proj.weight,0.6608740004594438
7,Load base weight model.language_model.layers.38.mlp.shared_expert_gate.weight,0.09535699791740626
7,MoE / MLP,53.4004190012638
7,Attention,2.1980229976179544
7,Load base weight model.language_model.layers.39.mlp.shared_expert.gate_proj.weight,0.7655530025658663
7,Load base weight model.language_model.layers.39.mlp.shared_expert.up_proj.weight,0.606912999501219
7,Load base weight model.language_model.layers.39.mlp.shared_expert.down_proj.weight,0.5665989992849063
7,Load base weight model.language_model.layers.39.mlp.shared_expert_gate.weight,0.0935159987420775
7,MoE / MLP,24.394987001869595
7,Router,0.3266560137271881
7,MoE Decode Loop,50.22819137573242
7,Router,0.40038400888442993
7,MoE Decode Loop,31.64361572265625
7,Router,0.3840000033378601
7,MoE Decode Loop,31.329856872558594
7,Router,0.3665919899940491
7,MoE Decode Loop,17.699520111083984
7,Router,0.3596479892730713
7,MoE Decode Loop,26.636159896850586
7,Router,0.36534398794174194
7,MoE Decode Loop,22.514047622680664
7,Router,0.3368000090122223
7,MoE Decode Loop,29.73516845703125
7,Router,0.35225600004196167
7,MoE Decode Loop,23.550559997558594
7,Router,0.3746879994869232
7,MoE Decode Loop,28.77039909362793
7,Router,0.35756799578666687
7,MoE Decode Loop,78.980224609375
7,Router,0.33484798669815063
7,MoE Decode Loop,62.22995376586914
7,Router,0.4546560049057007
7,MoE Decode Loop,49.835105895996094
7,Router,0.4352000057697296
7,MoE Decode Loop,27.944063186645508
7,Router,0.39423999190330505
7,MoE Decode Loop,110.37117004394531
7,Router,0.36454400420188904
7,MoE Decode Loop,91.35148620605469
7,Router,0.37782400846481323
7,MoE Decode Loop,90.85369873046875
7,Router,0.47308799624443054
7,MoE Decode Loop,142.2026824951172
7,Router,0.4116480052471161
7,MoE Decode Loop,55.8554573059082
7,Router,0.3975679874420166
7,MoE Decode Loop,189.17225646972656
7,Router,0.3892480134963989
7,MoE Decode Loop,177.314208984375
7,Router,0.4270080029964447
7,MoE Decode Loop,356.5750732421875
7,Router,0.3933759927749634
7,MoE Decode Loop,128.01429748535156
7,Router,0.7498239874839783
7,MoE Decode Loop,325.16729736328125
7,Router,0.4034560024738312
7,MoE Decode Loop,82.35910034179688
7,Router,0.4044800102710724
7,MoE Decode Loop,126.73056030273438
7,Router,0.47411200404167175
7,MoE Decode Loop,39.532894134521484
7,Router,0.47116801142692566
7,MoE Decode Loop,32.47132873535156
7,Router,0.5478399991989136
7,MoE Decode Loop,91.75122833251953
7,Router,0.35420799255371094
7,MoE Decode Loop,147.93939208984375
7,Router,0.39526399970054626
7,MoE Decode Loop,167.98313903808594
7,Router,0.5734080076217651
7,MoE Decode Loop,147.80540466308594
7,Router,0.5703679919242859
7,MoE Decode Loop,114.83232116699219
7,Router,0.37907201051712036
7,MoE Decode Loop,34.64883041381836
7,Router,0.35020801424980164
7,MoE Decode Loop,191.8734130859375
7,Router,0.4536319971084595
7,MoE Decode Loop,144.4918670654297
7,Router,0.37593600153923035
7,MoE Decode Loop,86.77200317382812
7,Router,0.33689600229263306
7,MoE Decode Loop,63.21084976196289
7,Router,0.35020801424980164
7,MoE Decode Loop,73.49136352539062
7,Router,0.3585599958896637
7,MoE Decode Loop,52.50422286987305
7,Router,0.3664639890193939
7,MoE Decode Loop,23.432479858398438
7,Norm,0.52019202709198
7,LM Head,6.418432235717773
8,Attention,3.1648459989810362
8,Load base weight model.language_model.layers.0.mlp.shared_expert.gate_proj.weight,1.074077001248952
8,Load base weight model.language_model.layers.0.mlp.shared_expert.up_proj.weight,0.7794459997967351
8,Load base weight model.language_model.layers.0.mlp.shared_expert.down_proj.weight,0.717792001523776
8,Load base weight model.language_model.layers.0.mlp.shared_expert_gate.weight,0.11256200014031492
8,MoE / MLP,220.25083100015763
8,Attention,3.1350209974334575
8,Load base weight model.language_model.layers.1.mlp.shared_expert.gate_proj.weight,0.774796000769129
8,Load base weight model.language_model.layers.1.mlp.shared_expert.up_proj.weight,0.5454649981402326
8,Load base weight model.language_model.layers.1.mlp.shared_expert.down_proj.weight,0.5124210001667961
8,Load base weight model.language_model.layers.1.mlp.shared_expert_gate.weight,0.08284800060209818
8,MoE / MLP,37.81420399900526
8,Attention,2.72857500021928
8,Load base weight model.language_model.layers.2.mlp.shared_expert.gate_proj.weight,0.7725390023551881
8,Load base weight model.language_model.layers.2.mlp.shared_expert.up_proj.weight,0.5279539982439019
8,Load base weight model.language_model.layers.2.mlp.shared_expert.down_proj.weight,0.5195379999349825
8,Load base weight model.language_model.layers.2.mlp.shared_expert_gate.weight,0.08481100303470157
8,MoE / MLP,20.76590299839154
8,Attention,1.548259999253787
8,Load base weight model.language_model.layers.3.mlp.shared_expert.gate_proj.weight,0.6016830011503771
8,Load base weight model.language_model.layers.3.mlp.shared_expert.up_proj.weight,0.4907809998258017
8,Load base weight model.language_model.layers.3.mlp.shared_expert.down_proj.weight,0.45072300054016523
8,Load base weight model.language_model.layers.3.mlp.shared_expert_gate.weight,0.0628039997536689
8,MoE / MLP,17.951281999557978
8,Attention,2.3932779986353125
8,Load base weight model.language_model.layers.4.mlp.shared_expert.gate_proj.weight,0.6819840018579271
8,Load base weight model.language_model.layers.4.mlp.shared_expert.up_proj.weight,0.510903999384027
8,Load base weight model.language_model.layers.4.mlp.shared_expert.down_proj.weight,0.4976980017090682
8,Load base weight model.language_model.layers.4.mlp.shared_expert_gate.weight,0.07961400115163997
8,MoE / MLP,25.57053599957726
8,Attention,2.050044000498019
8,Load base weight model.language_model.layers.5.mlp.shared_expert.gate_proj.weight,0.6594719998247456
8,Load base weight model.language_model.layers.5.mlp.shared_expert.up_proj.weight,0.47051499859662727
8,Load base weight model.language_model.layers.5.mlp.shared_expert.down_proj.weight,0.5864609993295744
8,Load base weight model.language_model.layers.5.mlp.shared_expert_gate.weight,0.05910800246056169
8,MoE / MLP,43.632514996716054
8,Attention,2.8978400005144067
8,Load base weight model.language_model.layers.6.mlp.shared_expert.gate_proj.weight,0.9058299983735196
8,Load base weight model.language_model.layers.6.mlp.shared_expert.up_proj.weight,0.5654550004692283
8,Load base weight model.language_model.layers.6.mlp.shared_expert.down_proj.weight,0.6349079994834028
8,Load base weight model.language_model.layers.6.mlp.shared_expert_gate.weight,0.09422199946129695
8,MoE / MLP,158.34891000122298
8,Attention,2.2966479991737287
8,Load base weight model.language_model.layers.7.mlp.shared_expert.gate_proj.weight,0.9885180006676819
8,Load base weight model.language_model.layers.7.mlp.shared_expert.up_proj.weight,0.7607179977640044
8,Load base weight model.language_model.layers.7.mlp.shared_expert.down_proj.weight,0.7665699995413888
8,Load base weight model.language_model.layers.7.mlp.shared_expert_gate.weight,0.08523499855073169
8,MoE / MLP,78.30967399786459
8,Attention,2.7098550017399248
8,Load base weight model.language_model.layers.8.mlp.shared_expert.gate_proj.weight,0.6980549987929408
8,Load base weight model.language_model.layers.8.mlp.shared_expert.up_proj.weight,0.5507509995368309
8,Load base weight model.language_model.layers.8.mlp.shared_expert.down_proj.weight,0.5883539997739717
8,Load base weight model.language_model.layers.8.mlp.shared_expert_gate.weight,0.09183200018014759
8,MoE / MLP,23.227375000715256
8,Attention,2.550383000198053
8,Load base weight model.language_model.layers.9.mlp.shared_expert.gate_proj.weight,0.9016730000439566
8,Load base weight model.language_model.layers.9.mlp.shared_expert.up_proj.weight,0.6259109977690969
8,Load base weight model.language_model.layers.9.mlp.shared_expert.down_proj.weight,0.6294720005826093
8,Load base weight model.language_model.layers.9.mlp.shared_expert_gate.weight,0.09431700163986534
8,MoE / MLP,106.61852600242128
8,Attention,3.041960000700783
8,Load base weight model.language_model.layers.10.mlp.shared_expert.gate_proj.weight,1.002813001832692
8,Load base weight model.language_model.layers.10.mlp.shared_expert.up_proj.weight,0.6493600012618117
8,Load base weight model.language_model.layers.10.mlp.shared_expert.down_proj.weight,0.6651090006926097
8,Load base weight model.language_model.layers.10.mlp.shared_expert_gate.weight,0.10224899961031042
8,MoE / MLP,56.07780500213266
8,Attention,2.0069370002602227
8,Load base weight model.language_model.layers.11.mlp.shared_expert.gate_proj.weight,0.9219940002367366
8,Load base weight model.language_model.layers.11.mlp.shared_expert.up_proj.weight,0.7450699995388277
8,Load base weight model.language_model.layers.11.mlp.shared_expert.down_proj.weight,0.5716960004065186
8,Load base weight model.language_model.layers.11.mlp.shared_expert_gate.weight,0.07356100104516372
8,MoE / MLP,46.18647800089093
8,Attention,4.149366999627091
8,Load base weight model.language_model.layers.12.mlp.shared_expert.gate_proj.weight,1.2591340018843766
8,Load base weight model.language_model.layers.12.mlp.shared_expert.up_proj.weight,0.7667999998375308
8,Load base weight model.language_model.layers.12.mlp.shared_expert.down_proj.weight,0.6799960028729402
8,Load base weight model.language_model.layers.12.mlp.shared_expert_gate.weight,0.10285499956808053
8,MoE / MLP,36.843558998953085
8,Attention,2.722173998336075
8,Load base weight model.language_model.layers.13.mlp.shared_expert.gate_proj.weight,0.934602998313494
8,Load base weight model.language_model.layers.13.mlp.shared_expert.up_proj.weight,0.7640210023964755
8,Load base weight model.language_model.layers.13.mlp.shared_expert.down_proj.weight,0.7419579997076653
8,Load base weight model.language_model.layers.13.mlp.shared_expert_gate.weight,0.09229900024365634
8,MoE / MLP,52.67720700067002
8,Attention,2.4946349985839333
8,Load base weight model.language_model.layers.14.mlp.shared_expert.gate_proj.weight,0.8358510021935217
8,Load base weight model.language_model.layers.14.mlp.shared_expert.up_proj.weight,0.7215980003820732
8,Load base weight model.language_model.layers.14.mlp.shared_expert.down_proj.weight,0.6383699983416591
8,Load base weight model.language_model.layers.14.mlp.shared_expert_gate.weight,0.08280899783130735
8,MoE / MLP,26.181911998719443
8,Attention,1.9661120022647083
8,Load base weight model.language_model.layers.15.mlp.shared_expert.gate_proj.weight,0.6686480010102969
8,Load base weight model.language_model.layers.15.mlp.shared_expert.up_proj.weight,0.5257200027699582
8,Load base weight model.language_model.layers.15.mlp.shared_expert.down_proj.weight,0.4797530018549878
8,Load base weight model.language_model.layers.15.mlp.shared_expert_gate.weight,0.0679989971104078
8,MoE / MLP,49.41482600042946
8,Attention,2.9046780000498984
8,Load base weight model.language_model.layers.16.mlp.shared_expert.gate_proj.weight,0.9785080001165625
8,Load base weight model.language_model.layers.16.mlp.shared_expert.up_proj.weight,0.7207369999377988
8,Load base weight model.language_model.layers.16.mlp.shared_expert.down_proj.weight,0.680768000165699
8,Load base weight model.language_model.layers.16.mlp.shared_expert_gate.weight,0.09539699749439023
8,MoE / MLP,109.44496400043136
8,Attention,2.6353670000389684
8,Load base weight model.language_model.layers.17.mlp.shared_expert.gate_proj.weight,0.980397999228444
8,Load base weight model.language_model.layers.17.mlp.shared_expert.up_proj.weight,0.6374260010488797
8,Load base weight model.language_model.layers.17.mlp.shared_expert.down_proj.weight,0.5813700008729938
8,Load base weight model.language_model.layers.17.mlp.shared_expert_gate.weight,0.08176499977707863
8,MoE / MLP,46.46993099959218
8,Attention,2.9791400011163205
8,Load base weight model.language_model.layers.18.mlp.shared_expert.gate_proj.weight,0.9750669996719807
8,Load base weight model.language_model.layers.18.mlp.shared_expert.up_proj.weight,0.6614839985559229
8,Load base weight model.language_model.layers.18.mlp.shared_expert.down_proj.weight,0.6790469997213222
8,Load base weight model.language_model.layers.18.mlp.shared_expert_gate.weight,0.08993000301416032
8,MoE / MLP,20.569139000144787
8,Attention,1.856958999269409
8,Load base weight model.language_model.layers.19.mlp.shared_expert.gate_proj.weight,0.9646719990996644
8,Load base weight model.language_model.layers.19.mlp.shared_expert.up_proj.weight,0.7783000000927132
8,Load base weight model.language_model.layers.19.mlp.shared_expert.down_proj.weight,0.7771929995215032
8,Load base weight model.language_model.layers.19.mlp.shared_expert_gate.weight,0.08043900015763938
8,MoE / MLP,87.65842999855522
8,Attention,2.636295997945126
8,Load base weight model.language_model.layers.20.mlp.shared_expert.gate_proj.weight,0.708645999111468
8,Load base weight model.language_model.layers.20.mlp.shared_expert.up_proj.weight,0.6555600011779461
8,Load base weight model.language_model.layers.20.mlp.shared_expert.down_proj.weight,0.5836700001964346
8,Load base weight model.language_model.layers.20.mlp.shared_expert_gate.weight,0.08911899931263179
8,MoE / MLP,31.54062899920973
8,Attention,2.6123409988940693
8,Load base weight model.language_model.layers.21.mlp.shared_expert.gate_proj.weight,0.9346869992441498
8,Load base weight model.language_model.layers.21.mlp.shared_expert.up_proj.weight,0.7498140003008302
8,Load base weight model.language_model.layers.21.mlp.shared_expert.down_proj.weight,0.6390320013451856
8,Load base weight model.language_model.layers.21.mlp.shared_expert_gate.weight,0.0857740014907904
8,MoE / MLP,58.37697700189892
8,Attention,2.7616480001597665
8,Load base weight model.language_model.layers.22.mlp.shared_expert.gate_proj.weight,0.906191002286505
8,Load base weight model.language_model.layers.22.mlp.shared_expert.up_proj.weight,0.6233690000954084
8,Load base weight model.language_model.layers.22.mlp.shared_expert.down_proj.weight,0.6489379993581679
8,Load base weight model.language_model.layers.22.mlp.shared_expert_gate.weight,0.0838289997773245
8,MoE / MLP,18.641108999872813
8,Attention,1.9705420017999131
8,Load base weight model.language_model.layers.23.mlp.shared_expert.gate_proj.weight,0.9251299998140894
8,Load base weight model.language_model.layers.23.mlp.shared_expert.up_proj.weight,0.6905189984536264
8,Load base weight model.language_model.layers.23.mlp.shared_expert.down_proj.weight,0.7260349993885029
8,Load base weight model.language_model.layers.23.mlp.shared_expert_gate.weight,0.09687200144981034
8,MoE / MLP,19.130305001453962
8,Attention,3.0919389973860234
8,Load base weight model.language_model.layers.24.mlp.shared_expert.gate_proj.weight,1.0172780021093786
8,Load base weight model.language_model.layers.24.mlp.shared_expert.up_proj.weight,0.7979389993124641
8,Load base weight model.language_model.layers.24.mlp.shared_expert.down_proj.weight,0.7858859971747734
8,Load base weight model.language_model.layers.24.mlp.shared_expert_gate.weight,0.09049199798027985
8,MoE / MLP,108.65608799940674
8,Attention,2.7297359993099235
8,Load base weight model.language_model.layers.25.mlp.shared_expert.gate_proj.weight,0.9609049993741792
8,Load base weight model.language_model.layers.25.mlp.shared_expert.up_proj.weight,0.7351530002779327
8,Load base weight model.language_model.layers.25.mlp.shared_expert.down_proj.weight,0.7161000030464493
8,Load base weight model.language_model.layers.25.mlp.shared_expert_gate.weight,0.08311900091939606
8,MoE / MLP,64.15659100093762
8,Attention,3.1685310023021884
8,Load base weight model.language_model.layers.26.mlp.shared_expert.gate_proj.weight,0.8917830018617678
8,Load base weight model.language_model.layers.26.mlp.shared_expert.up_proj.weight,0.7146269999793731
8,Load base weight model.language_model.layers.26.mlp.shared_expert.down_proj.weight,0.711050997779239
8,Load base weight model.language_model.layers.26.mlp.shared_expert_gate.weight,0.08977100151241757
8,MoE / MLP,23.38637499997276
8,Attention,1.8181199993705377
8,Load base weight model.language_model.layers.27.mlp.shared_expert.gate_proj.weight,0.8706629996595439
8,Load base weight model.language_model.layers.27.mlp.shared_expert.up_proj.weight,0.6573709979420528
8,Load base weight model.language_model.layers.27.mlp.shared_expert.down_proj.weight,0.7095279979694169
8,Load base weight model.language_model.layers.27.mlp.shared_expert_gate.weight,0.07819200254743919
8,MoE / MLP,19.84552499925485
8,Attention,2.256251998915104
8,Load base weight model.language_model.layers.28.mlp.shared_expert.gate_proj.weight,0.8332129982591141
8,Load base weight model.language_model.layers.28.mlp.shared_expert.up_proj.weight,0.719821997336112
8,Load base weight model.language_model.layers.28.mlp.shared_expert.down_proj.weight,0.7061080032144673
8,Load base weight model.language_model.layers.28.mlp.shared_expert_gate.weight,0.09001700163935311
8,MoE / MLP,19.195371998648625
8,Attention,2.2643179981969297
8,Load base weight model.language_model.layers.29.mlp.shared_expert.gate_proj.weight,0.8445499988738447
8,Load base weight model.language_model.layers.29.mlp.shared_expert.up_proj.weight,0.6919609986653086
8,Load base weight model.language_model.layers.29.mlp.shared_expert.down_proj.weight,0.687443000060739
8,Load base weight model.language_model.layers.29.mlp.shared_expert_gate.weight,0.07747799827484414
8,MoE / MLP,20.142645000305492
8,Attention,2.2832419999758713
8,Load base weight model.language_model.layers.30.mlp.shared_expert.gate_proj.weight,0.842823999846587
8,Load base weight model.language_model.layers.30.mlp.shared_expert.up_proj.weight,0.7038509975245688
8,Load base weight model.language_model.layers.30.mlp.shared_expert.down_proj.weight,0.6694719995721243
8,Load base weight model.language_model.layers.30.mlp.shared_expert_gate.weight,0.07943500168039463
8,MoE / MLP,21.580958000413375
8,Attention,1.67939099992509
8,Load base weight model.language_model.layers.31.mlp.shared_expert.gate_proj.weight,0.8306529998662882
8,Load base weight model.language_model.layers.31.mlp.shared_expert.up_proj.weight,0.6175689995870925
8,Load base weight model.language_model.layers.31.mlp.shared_expert.down_proj.weight,0.6484539990196936
8,Load base weight model.language_model.layers.31.mlp.shared_expert_gate.weight,0.08023799819056876
8,MoE / MLP,16.484080002555856
8,Attention,2.2009200001775753
8,Load base weight model.language_model.layers.32.mlp.shared_expert.gate_proj.weight,0.8248189988080412
8,Load base weight model.language_model.layers.32.mlp.shared_expert.up_proj.weight,0.7076670008245856
8,Load base weight model.language_model.layers.32.mlp.shared_expert.down_proj.weight,0.6855569990875665
8,Load base weight model.language_model.layers.32.mlp.shared_expert_gate.weight,0.08050500036915764
8,MoE / MLP,25.170621000143
8,Attention,2.1864529990125448
8,Load base weight model.language_model.layers.33.mlp.shared_expert.gate_proj.weight,0.8466050021525007
8,Load base weight model.language_model.layers.33.mlp.shared_expert.up_proj.weight,0.5728780015488155
8,Load base weight model.language_model.layers.33.mlp.shared_expert.down_proj.weight,0.6802579991926905
8,Load base weight model.language_model.layers.33.mlp.shared_expert_gate.weight,0.07456499952240847
8,MoE / MLP,16.21228899966809
8,Attention,2.017029000853654
8,Load base weight model.language_model.layers.34.mlp.shared_expert.gate_proj.weight,0.8362799999304116
8,Load base weight model.language_model.layers.34.mlp.shared_expert.up_proj.weight,0.6640950014116243
8,Load base weight model.language_model.layers.34.mlp.shared_expert.down_proj.weight,0.7085590004862752
8,Load base weight model.language_model.layers.34.mlp.shared_expert_gate.weight,0.08027899821172468
8,MoE / MLP,15.343571001722012
8,Attention,1.8346799988648854
8,Load base weight model.language_model.layers.35.mlp.shared_expert.gate_proj.weight,0.8751289969950449
8,Load base weight model.language_model.layers.35.mlp.shared_expert.up_proj.weight,0.6241539995244239
8,Load base weight model.language_model.layers.35.mlp.shared_expert.down_proj.weight,0.546171999303624
8,Load base weight model.language_model.layers.35.mlp.shared_expert_gate.weight,0.08132199945976026
8,MoE / MLP,21.89687700229115
8,Attention,2.5471759981883224
8,Load base weight model.language_model.layers.36.mlp.shared_expert.gate_proj.weight,0.9590539993951097
8,Load base weight model.language_model.layers.36.mlp.shared_expert.up_proj.weight,0.745664001442492
8,Load base weight model.language_model.layers.36.mlp.shared_expert.down_proj.weight,0.624260999757098
8,Load base weight model.language_model.layers.36.mlp.shared_expert_gate.weight,0.08046299990382977
8,MoE / MLP,15.418725997733418
8,Attention,1.9617489997472148
8,Load base weight model.language_model.layers.37.mlp.shared_expert.gate_proj.weight,0.7762339992041234
8,Load base weight model.language_model.layers.37.mlp.shared_expert.up_proj.weight,0.6204889978107531
8,Load base weight model.language_model.layers.37.mlp.shared_expert.down_proj.weight,0.5982460024824832
8,Load base weight model.language_model.layers.37.mlp.shared_expert_gate.weight,0.06532899715239182
8,MoE / MLP,14.854455999739002
8,Attention,1.8876989997806959
8,Load base weight model.language_model.layers.38.mlp.shared_expert.gate_proj.weight,0.7138100008887704
8,Load base weight model.language_model.layers.38.mlp.shared_expert.up_proj.weight,0.5925850018684287
8,Load base weight model.language_model.layers.38.mlp.shared_expert.down_proj.weight,0.5367240009945817
8,Load base weight model.language_model.layers.38.mlp.shared_expert_gate.weight,0.06787099846405908
8,MoE / MLP,16.609371999948053
8,Attention,1.1317070020595565
8,Load base weight model.language_model.layers.39.mlp.shared_expert.gate_proj.weight,0.5572730005951598
8,Load base weight model.language_model.layers.39.mlp.shared_expert.up_proj.weight,0.4979820005246438
8,Load base weight model.language_model.layers.39.mlp.shared_expert.down_proj.weight,0.46292900151456706
8,Load base weight model.language_model.layers.39.mlp.shared_expert_gate.weight,0.048085999878821895
8,MoE / MLP,16.687211998942075
8,Router,0.5263360142707825
8,MoE Decode Loop,218.8472900390625
8,Router,0.3911679983139038
8,MoE Decode Loop,36.997440338134766
8,Router,0.3614720106124878
8,MoE Decode Loop,20.357471466064453
8,Router,0.23244799673557281
8,MoE Decode Loop,17.63884735107422
8,Router,0.32864001393318176
8,MoE Decode Loop,25.104095458984375
8,Router,0.24662399291992188
8,MoE Decode Loop,42.990238189697266
8,Router,0.35199999809265137
8,MoE Decode Loop,157.45123291015625
8,Router,0.34508800506591797
8,MoE Decode Loop,77.55599975585938
8,Router,0.34406399726867676
8,MoE Decode Loop,22.55766487121582
8,Router,0.31436800956726074
8,MoE Decode Loop,105.81871795654297
8,Router,0.38918399810791016
8,MoE Decode Loop,55.22227096557617
8,Router,0.34303998947143555
8,MoE Decode Loop,45.24070358276367
8,Router,0.5231360197067261
8,MoE Decode Loop,35.531776428222656
8,Router,0.3617599904537201
8,MoE Decode Loop,51.921630859375
8,Router,0.3028480112552643
8,MoE Decode Loop,25.618879318237305
8,Router,0.31353598833084106
8,MoE Decode Loop,48.60745620727539
8,Router,0.35046398639678955
8,MoE Decode Loop,108.74508666992188
8,Router,0.32972800731658936
8,MoE Decode Loop,45.547969818115234
8,Router,0.4044800102710724
8,MoE Decode Loop,19.94963264465332
8,Router,0.3235839903354645
8,MoE Decode Loop,87.03590393066406
8,Router,0.3184640109539032
8,MoE Decode Loop,30.901023864746094
8,Router,0.3165439963340759
8,MoE Decode Loop,57.72502517700195
8,Router,0.3317759931087494
8,MoE Decode Loop,18.032928466796875
8,Router,0.32767999172210693
8,MoE Decode Loop,18.390047073364258
8,Router,0.39526399970054626
8,MoE Decode Loop,107.53929901123047
8,Router,0.32371199131011963
8,MoE Decode Loop,63.58892822265625
8,Router,0.39321601390838623
8,MoE Decode Loop,22.67532730102539
8,Router,0.3246079981327057
8,MoE Decode Loop,19.457056045532227
8,Router,0.27852800488471985
8,MoE Decode Loop,18.936927795410156
8,Router,0.2999039888381958
8,MoE Decode Loop,19.863136291503906
8,Router,0.2786880135536194
8,MoE Decode Loop,21.22697639465332
8,Router,0.2825919985771179
8,MoE Decode Loop,16.215360641479492
8,Router,0.2805759906768799
8,MoE Decode Loop,24.85113525390625
8,Router,0.29286399483680725
8,MoE Decode Loop,15.9716796875
8,Router,0.2590720057487488
8,MoE Decode Loop,14.977952003479004
8,Router,0.3164159953594208
8,MoE Decode Loop,21.28995132446289
8,Router,0.35839998722076416
8,MoE Decode Loop,15.03551959991455
8,Router,0.24063999950885773
8,MoE Decode Loop,14.713695526123047
8,Router,0.2184000015258789
8,MoE Decode Loop,16.719263076782227
8,Router,0.19148799777030945
8,MoE Decode Loop,16.772127151489258
8,Norm,0.18432000279426575
8,LM Head,6.330560207366943
9,Attention,2.2733949990652036
9,Load base weight model.language_model.layers.0.mlp.shared_expert.gate_proj.weight,0.7636219997948501
9,Load base weight model.language_model.layers.0.mlp.shared_expert.up_proj.weight,0.562411001737928
9,Load base weight model.language_model.layers.0.mlp.shared_expert.down_proj.weight,0.5374640022637323
9,Load base weight model.language_model.layers.0.mlp.shared_expert_gate.weight,0.07652100248378702
9,MoE / MLP,22.118905999377603
9,Attention,4.1105329983111005
9,Load base weight model.language_model.layers.1.mlp.shared_expert.gate_proj.weight,0.8515350018569734
9,Load base weight model.language_model.layers.1.mlp.shared_expert.up_proj.weight,0.5502219974005129
9,Load base weight model.language_model.layers.1.mlp.shared_expert.down_proj.weight,0.6180629970913287
9,Load base weight model.language_model.layers.1.mlp.shared_expert_gate.weight,0.14104200090514496
9,MoE / MLP,29.197206000389997
9,Attention,2.5459959979343694
9,Load base weight model.language_model.layers.2.mlp.shared_expert.gate_proj.weight,0.6700099984300323
9,Load base weight model.language_model.layers.2.mlp.shared_expert.up_proj.weight,0.5239759993855841
9,Load base weight model.language_model.layers.2.mlp.shared_expert.down_proj.weight,0.5262500017124694
9,Load base weight model.language_model.layers.2.mlp.shared_expert_gate.weight,0.09101999967242591
9,MoE / MLP,23.927457001263974
9,Attention,1.8494920004741289
9,Load base weight model.language_model.layers.3.mlp.shared_expert.gate_proj.weight,0.8254810018115677
9,Load base weight model.language_model.layers.3.mlp.shared_expert.up_proj.weight,0.5560149984376039
9,Load base weight model.language_model.layers.3.mlp.shared_expert.down_proj.weight,0.5186980015423615
9,Load base weight model.language_model.layers.3.mlp.shared_expert_gate.weight,0.09527799920761026
9,MoE / MLP,28.4652090012969
9,Attention,2.4672450017533265
9,Load base weight model.language_model.layers.4.mlp.shared_expert.gate_proj.weight,0.652705999527825
9,Load base weight model.language_model.layers.4.mlp.shared_expert.up_proj.weight,0.517115000548074
9,Load base weight model.language_model.layers.4.mlp.shared_expert.down_proj.weight,0.4450069973245263
9,Load base weight model.language_model.layers.4.mlp.shared_expert_gate.weight,0.06168799882289022
9,MoE / MLP,16.21648799846298
9,Attention,1.4846910016785841
9,Load base weight model.language_model.layers.5.mlp.shared_expert.gate_proj.weight,0.4949509966536425
9,Load base weight model.language_model.layers.5.mlp.shared_expert.up_proj.weight,0.4167319966654759
9,Load base weight model.language_model.layers.5.mlp.shared_expert.down_proj.weight,0.38203599979169667
9,Load base weight model.language_model.layers.5.mlp.shared_expert_gate.weight,0.04801600152859464
9,MoE / MLP,25.776491998840356
9,Attention,2.4291100016853306
9,Load base weight model.language_model.layers.6.mlp.shared_expert.gate_proj.weight,0.7013079994067084
9,Load base weight model.language_model.layers.6.mlp.shared_expert.up_proj.weight,0.5918999995628837
9,Load base weight model.language_model.layers.6.mlp.shared_expert.down_proj.weight,0.685347000398906
9,Load base weight model.language_model.layers.6.mlp.shared_expert_gate.weight,0.11962400094489567
9,MoE / MLP,22.423054000682896
9,Attention,1.9995239999843761
9,Load base weight model.language_model.layers.7.mlp.shared_expert.gate_proj.weight,0.7260589991346933
9,Load base weight model.language_model.layers.7.mlp.shared_expert.up_proj.weight,0.5103800031065475
9,Load base weight model.language_model.layers.7.mlp.shared_expert.down_proj.weight,0.5033550005464349
9,Load base weight model.language_model.layers.7.mlp.shared_expert_gate.weight,0.08515599984093569
9,MoE / MLP,19.988549000117928
9,Attention,2.377937998971902
9,Load base weight model.language_model.layers.8.mlp.shared_expert.gate_proj.weight,0.6853400009276811
9,Load base weight model.language_model.layers.8.mlp.shared_expert.up_proj.weight,0.5690960024367087
9,Load base weight model.language_model.layers.8.mlp.shared_expert.down_proj.weight,0.49832700096885674
9,Load base weight model.language_model.layers.8.mlp.shared_expert_gate.weight,0.08180800068657845
9,MoE / MLP,18.840587999875424
9,Attention,2.3029520016280003
9,Load base weight model.language_model.layers.9.mlp.shared_expert.gate_proj.weight,0.6598850013688207
9,Load base weight model.language_model.layers.9.mlp.shared_expert.up_proj.weight,0.5239050005911849
9,Load base weight model.language_model.layers.9.mlp.shared_expert.down_proj.weight,0.5349950006348081
9,Load base weight model.language_model.layers.9.mlp.shared_expert_gate.weight,0.08556700049666688
9,MoE / MLP,17.725247002090327
9,Attention,2.1159070020075887
9,Load base weight model.language_model.layers.10.mlp.shared_expert.gate_proj.weight,0.6293249971349724
9,Load base weight model.language_model.layers.10.mlp.shared_expert.up_proj.weight,0.49423900054534897
9,Load base weight model.language_model.layers.10.mlp.shared_expert.down_proj.weight,0.48778500058688223
9,Load base weight model.language_model.layers.10.mlp.shared_expert_gate.weight,0.08110000271699391
9,MoE / MLP,18.747976999293314
9,Attention,1.65998599914019
9,Load base weight model.language_model.layers.11.mlp.shared_expert.gate_proj.weight,0.6205120007507503
9,Load base weight model.language_model.layers.11.mlp.shared_expert.up_proj.weight,0.5022590012231376
9,Load base weight model.language_model.layers.11.mlp.shared_expert.down_proj.weight,0.48127300033229403
9,Load base weight model.language_model.layers.11.mlp.shared_expert_gate.weight,0.07632099732290953
9,MoE / MLP,15.612881998094963
9,Attention,2.333969001483638
9,Load base weight model.language_model.layers.12.mlp.shared_expert.gate_proj.weight,0.6265750016609672
9,Load base weight model.language_model.layers.12.mlp.shared_expert.up_proj.weight,0.5113480001455173
9,Load base weight model.language_model.layers.12.mlp.shared_expert.down_proj.weight,0.4435170012584422
9,Load base weight model.language_model.layers.12.mlp.shared_expert_gate.weight,0.07956699846545234
9,MoE / MLP,70.86609699763358
9,Attention,2.3679149999225046
9,Load base weight model.language_model.layers.13.mlp.shared_expert.gate_proj.weight,0.6125469990365673
9,Load base weight model.language_model.layers.13.mlp.shared_expert.up_proj.weight,0.4987209977116436
9,Load base weight model.language_model.layers.13.mlp.shared_expert.down_proj.weight,0.49944200145546347
9,Load base weight model.language_model.layers.13.mlp.shared_expert_gate.weight,0.08363799861399457
9,MoE / MLP,50.35169999973732
9,Attention,2.592367000033846
9,Load base weight model.language_model.layers.14.mlp.shared_expert.gate_proj.weight,0.6507219986815471
9,Load base weight model.language_model.layers.14.mlp.shared_expert.up_proj.weight,0.5428539989225101
9,Load base weight model.language_model.layers.14.mlp.shared_expert.down_proj.weight,0.5092879982839804
9,Load base weight model.language_model.layers.14.mlp.shared_expert_gate.weight,0.07963600000948645
9,MoE / MLP,52.23636099981377
9,Attention,1.7106689992942847
9,Load base weight model.language_model.layers.15.mlp.shared_expert.gate_proj.weight,0.6154879993118811
9,Load base weight model.language_model.layers.15.mlp.shared_expert.up_proj.weight,0.5576149997068569
9,Load base weight model.language_model.layers.15.mlp.shared_expert.down_proj.weight,0.4554839979391545
9,Load base weight model.language_model.layers.15.mlp.shared_expert_gate.weight,0.07277400072780438
9,MoE / MLP,86.93998500166344
9,Attention,2.699813001527218
9,Load base weight model.language_model.layers.16.mlp.shared_expert.gate_proj.weight,0.7576319985673763
9,Load base weight model.language_model.layers.16.mlp.shared_expert.up_proj.weight,0.613579002674669
9,Load base weight model.language_model.layers.16.mlp.shared_expert.down_proj.weight,0.8607710005890112
9,Load base weight model.language_model.layers.16.mlp.shared_expert_gate.weight,0.11292500130366534
9,MoE / MLP,11.994764001428848
9,Attention,2.5536579996696673
9,Load base weight model.language_model.layers.17.mlp.shared_expert.gate_proj.weight,0.6439950011554174
9,Load base weight model.language_model.layers.17.mlp.shared_expert.up_proj.weight,0.6351100018946454
9,Load base weight model.language_model.layers.17.mlp.shared_expert.down_proj.weight,0.5636500027321745
9,Load base weight model.language_model.layers.17.mlp.shared_expert_gate.weight,0.11724700016202405
9,MoE / MLP,19.162962002155837
9,Attention,2.4905880018195603
9,Load base weight model.language_model.layers.18.mlp.shared_expert.gate_proj.weight,0.6784350007364992
9,Load base weight model.language_model.layers.18.mlp.shared_expert.up_proj.weight,0.5393549981818069
9,Load base weight model.language_model.layers.18.mlp.shared_expert.down_proj.weight,0.5175799997232389
9,Load base weight model.language_model.layers.18.mlp.shared_expert_gate.weight,0.09307800064561889
9,MoE / MLP,25.663688997155987
9,Attention,1.9608090005931444
9,Load base weight model.language_model.layers.19.mlp.shared_expert.gate_proj.weight,0.6441010009439196
9,Load base weight model.language_model.layers.19.mlp.shared_expert.up_proj.weight,0.5823529972985853
9,Load base weight model.language_model.layers.19.mlp.shared_expert.down_proj.weight,0.47929999709594995
9,Load base weight model.language_model.layers.19.mlp.shared_expert_gate.weight,0.07221399937407114
9,MoE / MLP,17.17546600048081
9,Attention,1.9866850016114768
9,Load base weight model.language_model.layers.20.mlp.shared_expert.gate_proj.weight,0.6782649979868438
9,Load base weight model.language_model.layers.20.mlp.shared_expert.up_proj.weight,0.5344320015865378
9,Load base weight model.language_model.layers.20.mlp.shared_expert.down_proj.weight,0.5195830017328262
9,Load base weight model.language_model.layers.20.mlp.shared_expert_gate.weight,0.0602569998591207
9,MoE / MLP,16.336856002453715
9,Attention,1.7329630027234089
9,Load base weight model.language_model.layers.21.mlp.shared_expert.gate_proj.weight,0.4750320003950037
9,Load base weight model.language_model.layers.21.mlp.shared_expert.up_proj.weight,0.38983199920039624
9,Load base weight model.language_model.layers.21.mlp.shared_expert.down_proj.weight,0.9588169996277429
9,Load base weight model.language_model.layers.21.mlp.shared_expert_gate.weight,0.07769900184939615
9,MoE / MLP,11.066688999562757
9,Attention,1.2288409998291172
9,Load base weight model.language_model.layers.22.mlp.shared_expert.gate_proj.weight,0.3893979992426466
9,Load base weight model.language_model.layers.22.mlp.shared_expert.up_proj.weight,0.318156999128405
9,Load base weight model.language_model.layers.22.mlp.shared_expert.down_proj.weight,0.4370480019133538
9,Load base weight model.language_model.layers.22.mlp.shared_expert_gate.weight,0.046715998905710876
9,MoE / MLP,12.560916002257727
9,Attention,1.2244060017110314
9,Load base weight model.language_model.layers.23.mlp.shared_expert.gate_proj.weight,0.5253050003375392
9,Load base weight model.language_model.layers.23.mlp.shared_expert.up_proj.weight,0.39072800063877366
9,Load base weight model.language_model.layers.23.mlp.shared_expert.down_proj.weight,0.31832400054554455
9,Load base weight model.language_model.layers.23.mlp.shared_expert_gate.weight,0.04872700083069503
9,MoE / MLP,16.114969999762252
9,Attention,1.8925370022770949
9,Load base weight model.language_model.layers.24.mlp.shared_expert.gate_proj.weight,0.49490100354887545
9,Load base weight model.language_model.layers.24.mlp.shared_expert.up_proj.weight,0.42145600309595466
9,Load base weight model.language_model.layers.24.mlp.shared_expert.down_proj.weight,0.36758900023414753
9,Load base weight model.language_model.layers.24.mlp.shared_expert_gate.weight,0.05425400013336912
9,MoE / MLP,14.693695000460139
9,Attention,1.8503799983591307
9,Load base weight model.language_model.layers.25.mlp.shared_expert.gate_proj.weight,0.6115010000939947
9,Load base weight model.language_model.layers.25.mlp.shared_expert.up_proj.weight,0.46822299918858334
9,Load base weight model.language_model.layers.25.mlp.shared_expert.down_proj.weight,0.45636999857379124
9,Load base weight model.language_model.layers.25.mlp.shared_expert_gate.weight,0.07259899939526804
9,MoE / MLP,20.687865999207133
9,Attention,2.240008001535898
9,Load base weight model.language_model.layers.26.mlp.shared_expert.gate_proj.weight,0.571528998989379
9,Load base weight model.language_model.layers.26.mlp.shared_expert.up_proj.weight,0.4918390004604589
9,Load base weight model.language_model.layers.26.mlp.shared_expert.down_proj.weight,0.4082769992237445
9,Load base weight model.language_model.layers.26.mlp.shared_expert_gate.weight,0.058552999689709395
9,MoE / MLP,11.479884000436869
9,Attention,0.9333359994343482
9,Load base weight model.language_model.layers.27.mlp.shared_expert.gate_proj.weight,0.3952469996875152
9,Load base weight model.language_model.layers.27.mlp.shared_expert.up_proj.weight,0.3472319986030925
9,Load base weight model.language_model.layers.27.mlp.shared_expert.down_proj.weight,0.31516899980488233
9,Load base weight model.language_model.layers.27.mlp.shared_expert_gate.weight,0.04653100040741265
9,MoE / MLP,9.971661998861236
9,Attention,1.2092219985788688
9,Load base weight model.language_model.layers.28.mlp.shared_expert.gate_proj.weight,0.3896630005328916
9,Load base weight model.language_model.layers.28.mlp.shared_expert.up_proj.weight,0.3264639999542851
9,Load base weight model.language_model.layers.28.mlp.shared_expert.down_proj.weight,0.2976319992740173
9,Load base weight model.language_model.layers.28.mlp.shared_expert_gate.weight,0.04463699951884337
9,MoE / MLP,15.623226998286555
9,Attention,1.6227939995587803
9,Load base weight model.language_model.layers.29.mlp.shared_expert.gate_proj.weight,0.4571290010062512
9,Load base weight model.language_model.layers.29.mlp.shared_expert.up_proj.weight,0.3607740000006743
9,Load base weight model.language_model.layers.29.mlp.shared_expert.down_proj.weight,0.32755500069470145
9,Load base weight model.language_model.layers.29.mlp.shared_expert_gate.weight,0.046420998842222616
9,MoE / MLP,13.064028997177957
9,Attention,1.7810999997891486
9,Load base weight model.language_model.layers.30.mlp.shared_expert.gate_proj.weight,0.5334249981387984
9,Load base weight model.language_model.layers.30.mlp.shared_expert.up_proj.weight,0.42237800153088756
9,Load base weight model.language_model.layers.30.mlp.shared_expert.down_proj.weight,0.3972099984821398
9,Load base weight model.language_model.layers.30.mlp.shared_expert_gate.weight,0.06438199852709658
9,MoE / MLP,18.287537997821346
9,Attention,1.4617480010201689
9,Load base weight model.language_model.layers.31.mlp.shared_expert.gate_proj.weight,0.5905750003876165
9,Load base weight model.language_model.layers.31.mlp.shared_expert.up_proj.weight,0.45380699884844944
9,Load base weight model.language_model.layers.31.mlp.shared_expert.down_proj.weight,0.4529020006884821
9,Load base weight model.language_model.layers.31.mlp.shared_expert_gate.weight,0.07050500062177889
9,MoE / MLP,22.34773700183723
9,Attention,2.342916002817219
9,Load base weight model.language_model.layers.32.mlp.shared_expert.gate_proj.weight,0.6055880003259517
9,Load base weight model.language_model.layers.32.mlp.shared_expert.up_proj.weight,0.5052380001870915
9,Load base weight model.language_model.layers.32.mlp.shared_expert.down_proj.weight,0.429987001552945
9,Load base weight model.language_model.layers.32.mlp.shared_expert_gate.weight,0.05949600017629564
9,MoE / MLP,21.385949999967124
9,Attention,2.3115930016501807
9,Load base weight model.language_model.layers.33.mlp.shared_expert.gate_proj.weight,0.6928710026841145
9,Load base weight model.language_model.layers.33.mlp.shared_expert.up_proj.weight,0.4947039997205138
9,Load base weight model.language_model.layers.33.mlp.shared_expert.down_proj.weight,0.45979599963175133
9,Load base weight model.language_model.layers.33.mlp.shared_expert_gate.weight,0.06586700328625739
9,MoE / MLP,24.674517000676133
9,Attention,2.031361000263132
9,Load base weight model.language_model.layers.34.mlp.shared_expert.gate_proj.weight,0.6324229980236851
9,Load base weight model.language_model.layers.34.mlp.shared_expert.up_proj.weight,0.5109449994051829
9,Load base weight model.language_model.layers.34.mlp.shared_expert.down_proj.weight,0.4348030015535187
9,Load base weight model.language_model.layers.34.mlp.shared_expert_gate.weight,0.06105899956310168
9,MoE / MLP,26.895975999650545
9,Attention,1.648124001803808
9,Load base weight model.language_model.layers.35.mlp.shared_expert.gate_proj.weight,0.597459998971317
9,Load base weight model.language_model.layers.35.mlp.shared_expert.up_proj.weight,0.479373997222865
9,Load base weight model.language_model.layers.35.mlp.shared_expert.down_proj.weight,0.44741300007444806
9,Load base weight model.language_model.layers.35.mlp.shared_expert_gate.weight,0.06555899744853377
9,MoE / MLP,13.595049000286963
9,Attention,1.4600639988202602
9,Load base weight model.language_model.layers.36.mlp.shared_expert.gate_proj.weight,0.47171999904094264
9,Load base weight model.language_model.layers.36.mlp.shared_expert.up_proj.weight,0.37796499964315444
9,Load base weight model.language_model.layers.36.mlp.shared_expert.down_proj.weight,0.38846000097692013
9,Load base weight model.language_model.layers.36.mlp.shared_expert_gate.weight,0.046782999561401084
9,MoE / MLP,17.874815002869582
9,Attention,2.0326880003267433
9,Load base weight model.language_model.layers.37.mlp.shared_expert.gate_proj.weight,0.6432730006054044
9,Load base weight model.language_model.layers.37.mlp.shared_expert.up_proj.weight,0.4594130004988983
9,Load base weight model.language_model.layers.37.mlp.shared_expert.down_proj.weight,0.4354149969003629
9,Load base weight model.language_model.layers.37.mlp.shared_expert_gate.weight,0.0688700019964017
9,MoE / MLP,19.48127599825966
9,Attention,1.5090429988049436
9,Load base weight model.language_model.layers.38.mlp.shared_expert.gate_proj.weight,0.4154660018684808
9,Load base weight model.language_model.layers.38.mlp.shared_expert.up_proj.weight,0.3280119999544695
9,Load base weight model.language_model.layers.38.mlp.shared_expert.down_proj.weight,0.3332089981995523
9,Load base weight model.language_model.layers.38.mlp.shared_expert_gate.weight,0.044406999222701415
9,MoE / MLP,10.453128998051398
9,Attention,0.7463750007445924
9,Load base weight model.language_model.layers.39.mlp.shared_expert.gate_proj.weight,0.32990299951052293
9,Load base weight model.language_model.layers.39.mlp.shared_expert.up_proj.weight,0.2766389989119489
9,Load base weight model.language_model.layers.39.mlp.shared_expert.down_proj.weight,0.26257900026394054
9,Load base weight model.language_model.layers.39.mlp.shared_expert_gate.weight,0.03723800182342529
9,MoE / MLP,13.858491998689715
9,Router,0.2836480140686035
9,MoE Decode Loop,21.326784133911133
9,Router,0.5263360142707825
9,MoE Decode Loop,27.88150405883789
9,Router,0.32870399951934814
9,MoE Decode Loop,23.365280151367188
9,Router,0.31539198756217957
9,MoE Decode Loop,27.794431686401367
9,Router,0.2754560112953186
9,MoE Decode Loop,16.172191619873047
9,Router,0.18118399381637573
9,MoE Decode Loop,25.581119537353516
9,Router,0.3409920036792755
9,MoE Decode Loop,21.618623733520508
9,Router,0.324288010597229
9,MoE Decode Loop,19.327743530273438
9,Router,0.31356799602508545
9,MoE Decode Loop,18.455360412597656
9,Router,0.2979840040206909
9,MoE Decode Loop,17.409727096557617
9,Router,0.2926720082759857
9,MoE Decode Loop,18.41423988342285
9,Router,0.27344000339508057
9,MoE Decode Loop,15.244640350341797
9,Router,0.3070720136165619
9,MoE Decode Loop,70.3852767944336
9,Router,0.29388800263404846
9,MoE Decode Loop,49.825504302978516
9,Router,0.3563520014286041
9,MoE Decode Loop,51.781150817871094
9,Router,0.27955201268196106
9,MoE Decode Loop,86.36109161376953
9,Router,0.33583998680114746
9,MoE Decode Loop,11.558879852294922
9,Router,0.3266560137271881
9,MoE Decode Loop,18.572895050048828
9,Router,0.30822399258613586
9,MoE Decode Loop,25.044031143188477
9,Router,0.29392001032829285
9,MoE Decode Loop,16.765344619750977
9,Router,0.2333119958639145
9,MoE Decode Loop,16.32758331298828
9,Router,0.23337599635124207
9,MoE Decode Loop,11.284704208374023
9,Router,0.16675199568271637
9,MoE Decode Loop,12.794079780578613
9,Router,0.2242559939622879
9,MoE Decode Loop,15.994112014770508
9,Router,0.37088000774383545
9,MoE Decode Loop,14.56054401397705
9,Router,0.2561280131340027
9,MoE Decode Loop,20.24278450012207
9,Router,0.2794240117073059
9,MoE Decode Loop,11.670751571655273
9,Router,0.1525759994983673
9,MoE Decode Loop,10.4202241897583
9,Router,0.15462400019168854
9,MoE Decode Loop,15.824607849121094
9,Router,0.2107200026512146
9,MoE Decode Loop,13.119680404663086
9,Router,0.24051199853420258
9,MoE Decode Loop,18.193824768066406
9,Router,0.24963200092315674
9,MoE Decode Loop,21.875680923461914
9,Router,0.2754560112953186
9,MoE Decode Loop,21.009632110595703
9,Router,0.3266560137271881
9,MoE Decode Loop,24.218975067138672
9,Router,0.29286399483680725
9,MoE Decode Loop,26.46793556213379
9,Router,0.26419198513031006
9,MoE Decode Loop,13.625280380249023
9,Router,0.16486400365829468
9,MoE Decode Loop,17.95292854309082
9,Router,0.2999359965324402
9,MoE Decode Loop,19.2675838470459
9,Router,0.19776000082492828
9,MoE Decode Loop,10.918432235717773
9,Router,0.03481600061058998
9,MoE Decode Loop,14.316255569458008
9,Norm,0.026623999699950218
9,LM Head,6.237184047698975
10,Attention,1.069124999048654
10,Load base weight model.language_model.layers.0.mlp.shared_expert.gate_proj.weight,0.3893920002155937
10,Load base weight model.language_model.layers.0.mlp.shared_expert.up_proj.weight,0.3142950008623302
10,Load base weight model.language_model.layers.0.mlp.shared_expert.down_proj.weight,0.330852999468334
10,Load base weight model.language_model.layers.0.mlp.shared_expert_gate.weight,0.03908900180249475
10,MoE / MLP,81.23832300043432
10,Attention,1.360702997772023
10,Load base weight model.language_model.layers.1.mlp.shared_expert.gate_proj.weight,0.514827999722911
10,Load base weight model.language_model.layers.1.mlp.shared_expert.up_proj.weight,0.39099299829103984
10,Load base weight model.language_model.layers.1.mlp.shared_expert.down_proj.weight,0.4108609973627608
10,Load base weight model.language_model.layers.1.mlp.shared_expert_gate.weight,0.03883899989887141
10,MoE / MLP,15.374033999250969
10,Attention,1.143289999163244
10,Load base weight model.language_model.layers.2.mlp.shared_expert.gate_proj.weight,0.4469279992918018
10,Load base weight model.language_model.layers.2.mlp.shared_expert.up_proj.weight,0.4055900026287418
10,Load base weight model.language_model.layers.2.mlp.shared_expert.down_proj.weight,0.36434999856282957
10,Load base weight model.language_model.layers.2.mlp.shared_expert_gate.weight,0.03986399678979069
10,MoE / MLP,16.55963500161306
10,Attention,0.872906999575207
10,Load base weight model.language_model.layers.3.mlp.shared_expert.gate_proj.weight,0.3963310009567067
10,Load base weight model.language_model.layers.3.mlp.shared_expert.up_proj.weight,0.3176360005454626
10,Load base weight model.language_model.layers.3.mlp.shared_expert.down_proj.weight,0.33738799902494065
10,Load base weight model.language_model.layers.3.mlp.shared_expert_gate.weight,0.04181099939160049
10,MoE / MLP,12.466162999771768
10,Attention,1.0399790007795673
10,Load base weight model.language_model.layers.4.mlp.shared_expert.gate_proj.weight,0.3288179977971595
10,Load base weight model.language_model.layers.4.mlp.shared_expert.up_proj.weight,0.2745849997154437
10,Load base weight model.language_model.layers.4.mlp.shared_expert.down_proj.weight,0.2750649982772302
10,Load base weight model.language_model.layers.4.mlp.shared_expert_gate.weight,0.03724700218299404
10,MoE / MLP,11.822301999927731
10,Attention,0.9930950000125449
10,Load base weight model.language_model.layers.5.mlp.shared_expert.gate_proj.weight,0.3296879986010026
10,Load base weight model.language_model.layers.5.mlp.shared_expert.up_proj.weight,0.28445699717849493
10,Load base weight model.language_model.layers.5.mlp.shared_expert.down_proj.weight,0.2987569969263859
10,Load base weight model.language_model.layers.5.mlp.shared_expert_gate.weight,0.037324000004446134
10,MoE / MLP,12.368540999887045
10,Attention,1.0796720016514882
10,Load base weight model.language_model.layers.6.mlp.shared_expert.gate_proj.weight,0.3347370002302341
10,Load base weight model.language_model.layers.6.mlp.shared_expert.up_proj.weight,0.28406199999153614
10,Load base weight model.language_model.layers.6.mlp.shared_expert.down_proj.weight,0.28450799800339155
10,Load base weight model.language_model.layers.6.mlp.shared_expert_gate.weight,0.037523997889366
10,MoE / MLP,10.712245999457082
10,Attention,0.7743470014247578
10,Load base weight model.language_model.layers.7.mlp.shared_expert.gate_proj.weight,0.3287010003987234
10,Load base weight model.language_model.layers.7.mlp.shared_expert.up_proj.weight,0.28985500102862716
10,Load base weight model.language_model.layers.7.mlp.shared_expert.down_proj.weight,0.2787359990179539
10,Load base weight model.language_model.layers.7.mlp.shared_expert_gate.weight,0.03609899795264937
10,MoE / MLP,23.98348799761152
10,Attention,1.2284869990253355
10,Load base weight model.language_model.layers.8.mlp.shared_expert.gate_proj.weight,0.43799500053864904
10,Load base weight model.language_model.layers.8.mlp.shared_expert.up_proj.weight,0.3655479995359201
10,Load base weight model.language_model.layers.8.mlp.shared_expert.down_proj.weight,0.3583249999792315
10,Load base weight model.language_model.layers.8.mlp.shared_expert_gate.weight,0.041807001252891496
10,MoE / MLP,10.625491999235237
10,Attention,1.0898139989876654
10,Load base weight model.language_model.layers.9.mlp.shared_expert.gate_proj.weight,0.36607999936677516
10,Load base weight model.language_model.layers.9.mlp.shared_expert.up_proj.weight,0.2844679984264076
10,Load base weight model.language_model.layers.9.mlp.shared_expert.down_proj.weight,0.2843310030584689
10,Load base weight model.language_model.layers.9.mlp.shared_expert_gate.weight,0.03876200207741931
10,MoE / MLP,19.9777659981919
10,Attention,1.2101440006517805
10,Load base weight model.language_model.layers.10.mlp.shared_expert.gate_proj.weight,0.42355299956398085
10,Load base weight model.language_model.layers.10.mlp.shared_expert.up_proj.weight,0.378057000489207
10,Load base weight model.language_model.layers.10.mlp.shared_expert.down_proj.weight,0.35492200186126865
10,Load base weight model.language_model.layers.10.mlp.shared_expert_gate.weight,0.039285998354898766
10,MoE / MLP,17.711312997562345
10,Attention,1.0891840029216837
10,Load base weight model.language_model.layers.11.mlp.shared_expert.gate_proj.weight,0.5870829991181381
10,Load base weight model.language_model.layers.11.mlp.shared_expert.up_proj.weight,0.40998999975272454
10,Load base weight model.language_model.layers.11.mlp.shared_expert.down_proj.weight,0.32987700251396745
10,Load base weight model.language_model.layers.11.mlp.shared_expert_gate.weight,0.05069799954071641
10,MoE / MLP,12.981514999410138
10,Attention,1.1177749984199181
10,Load base weight model.language_model.layers.12.mlp.shared_expert.gate_proj.weight,0.34968200270668603
10,Load base weight model.language_model.layers.12.mlp.shared_expert.up_proj.weight,0.2899270002671983
10,Load base weight model.language_model.layers.12.mlp.shared_expert.down_proj.weight,0.29043600079603493
10,Load base weight model.language_model.layers.12.mlp.shared_expert_gate.weight,0.03913399996235967
10,MoE / MLP,11.56958499996108
10,Attention,1.2946130009368062
10,Load base weight model.language_model.layers.13.mlp.shared_expert.gate_proj.weight,0.3664290015876759
10,Load base weight model.language_model.layers.13.mlp.shared_expert.up_proj.weight,0.2989210006489884
10,Load base weight model.language_model.layers.13.mlp.shared_expert.down_proj.weight,0.2798610003083013
10,Load base weight model.language_model.layers.13.mlp.shared_expert_gate.weight,0.03737299994099885
10,MoE / MLP,7.2273799996764865
10,Attention,1.0615610008244403
10,Load base weight model.language_model.layers.14.mlp.shared_expert.gate_proj.weight,0.3395370004000142
10,Load base weight model.language_model.layers.14.mlp.shared_expert.up_proj.weight,0.2790179969451856
10,Load base weight model.language_model.layers.14.mlp.shared_expert.down_proj.weight,0.30716800029040314
10,Load base weight model.language_model.layers.14.mlp.shared_expert_gate.weight,0.0382329999411013
10,MoE / MLP,13.67879800091032
10,Attention,0.7925290010462049
10,Load base weight model.language_model.layers.15.mlp.shared_expert.gate_proj.weight,0.3548439999576658
10,Load base weight model.language_model.layers.15.mlp.shared_expert.up_proj.weight,0.2746779973676894
10,Load base weight model.language_model.layers.15.mlp.shared_expert.down_proj.weight,0.2828490032698028
10,Load base weight model.language_model.layers.15.mlp.shared_expert_gate.weight,0.0378420008928515
10,MoE / MLP,13.84461499765166
10,Attention,1.1931529988942202
10,Load base weight model.language_model.layers.16.mlp.shared_expert.gate_proj.weight,0.34552500073914416
10,Load base weight model.language_model.layers.16.mlp.shared_expert.up_proj.weight,0.297684997349279
10,Load base weight model.language_model.layers.16.mlp.shared_expert.down_proj.weight,0.2885389985749498
10,Load base weight model.language_model.layers.16.mlp.shared_expert_gate.weight,0.03794700023718178
10,MoE / MLP,13.011964998440817
10,Attention,1.144695001130458
10,Load base weight model.language_model.layers.17.mlp.shared_expert.gate_proj.weight,0.3398389999347273
10,Load base weight model.language_model.layers.17.mlp.shared_expert.up_proj.weight,0.2814600011333823
10,Load base weight model.language_model.layers.17.mlp.shared_expert.down_proj.weight,0.28056700102752075
10,Load base weight model.language_model.layers.17.mlp.shared_expert_gate.weight,0.04120599987800233
10,MoE / MLP,11.131231000035768
10,Attention,1.0407619993202388
10,Load base weight model.language_model.layers.18.mlp.shared_expert.gate_proj.weight,0.33517900010338053
10,Load base weight model.language_model.layers.18.mlp.shared_expert.up_proj.weight,0.3153870020469185
10,Load base weight model.language_model.layers.18.mlp.shared_expert.down_proj.weight,0.28255100187379867
10,Load base weight model.language_model.layers.18.mlp.shared_expert_gate.weight,0.0367559987353161
10,MoE / MLP,16.438645998277934
10,Attention,0.8914479985833168
10,Load base weight model.language_model.layers.19.mlp.shared_expert.gate_proj.weight,0.3479789993434679
10,Load base weight model.language_model.layers.19.mlp.shared_expert.up_proj.weight,0.28810400181100704
10,Load base weight model.language_model.layers.19.mlp.shared_expert.down_proj.weight,0.2763960001175292
10,Load base weight model.language_model.layers.19.mlp.shared_expert_gate.weight,0.038109003071440384
10,MoE / MLP,8.488851999572944
10,Attention,1.0986599991156254
10,Load base weight model.language_model.layers.20.mlp.shared_expert.gate_proj.weight,0.3413159975025337
10,Load base weight model.language_model.layers.20.mlp.shared_expert.up_proj.weight,0.2879429994209204
10,Load base weight model.language_model.layers.20.mlp.shared_expert.down_proj.weight,0.2694019967748318
10,Load base weight model.language_model.layers.20.mlp.shared_expert_gate.weight,0.03695600025821477
10,MoE / MLP,7.631461998244049
10,Attention,1.0516829970583785
10,Load base weight model.language_model.layers.21.mlp.shared_expert.gate_proj.weight,0.3368539983057417
10,Load base weight model.language_model.layers.21.mlp.shared_expert.up_proj.weight,0.2850110031431541
10,Load base weight model.language_model.layers.21.mlp.shared_expert.down_proj.weight,0.27133999901707284
10,Load base weight model.language_model.layers.21.mlp.shared_expert_gate.weight,0.038440000935224816
10,MoE / MLP,8.07658099802211
10,Attention,1.0179029995924793
10,Load base weight model.language_model.layers.22.mlp.shared_expert.gate_proj.weight,0.3455420010141097
10,Load base weight model.language_model.layers.22.mlp.shared_expert.up_proj.weight,0.2943700019386597
10,Load base weight model.language_model.layers.22.mlp.shared_expert.down_proj.weight,0.28698000096483156
10,Load base weight model.language_model.layers.22.mlp.shared_expert_gate.weight,0.038247002521529794
10,MoE / MLP,9.209530999214621
10,Attention,0.8038859996304382
10,Load base weight model.language_model.layers.23.mlp.shared_expert.gate_proj.weight,0.3507210021780338
10,Load base weight model.language_model.layers.23.mlp.shared_expert.up_proj.weight,0.29762299891444854
10,Load base weight model.language_model.layers.23.mlp.shared_expert.down_proj.weight,0.3243950013711583
10,Load base weight model.language_model.layers.23.mlp.shared_expert_gate.weight,0.038316000427585095
10,MoE / MLP,7.948954000312369
10,Attention,1.0608560005493928
10,Load base weight model.language_model.layers.24.mlp.shared_expert.gate_proj.weight,0.3506259999994654
10,Load base weight model.language_model.layers.24.mlp.shared_expert.up_proj.weight,0.28946399834239855
10,Load base weight model.language_model.layers.24.mlp.shared_expert.down_proj.weight,0.28648900115513243
10,Load base weight model.language_model.layers.24.mlp.shared_expert_gate.weight,0.03834499875665642
10,MoE / MLP,14.503534999676049
10,Attention,1.0757509990071412
10,Load base weight model.language_model.layers.25.mlp.shared_expert.gate_proj.weight,0.34602500090841204
10,Load base weight model.language_model.layers.25.mlp.shared_expert.up_proj.weight,0.284144000033848
10,Load base weight model.language_model.layers.25.mlp.shared_expert.down_proj.weight,0.2807079981721472
10,Load base weight model.language_model.layers.25.mlp.shared_expert_gate.weight,0.03656100307125598
10,MoE / MLP,9.533189000649145
10,Attention,0.9749099990585819
10,Load base weight model.language_model.layers.26.mlp.shared_expert.gate_proj.weight,0.33806299688876607
10,Load base weight model.language_model.layers.26.mlp.shared_expert.up_proj.weight,0.2795649998006411
10,Load base weight model.language_model.layers.26.mlp.shared_expert.down_proj.weight,0.27010399935534224
10,Load base weight model.language_model.layers.26.mlp.shared_expert_gate.weight,0.041493000026093796
10,MoE / MLP,15.252326000336325
10,Attention,0.8962040010374039
10,Load base weight model.language_model.layers.27.mlp.shared_expert.gate_proj.weight,0.4294220016163308
10,Load base weight model.language_model.layers.27.mlp.shared_expert.up_proj.weight,0.2957190008601174
10,Load base weight model.language_model.layers.27.mlp.shared_expert.down_proj.weight,0.31426400164491497
10,Load base weight model.language_model.layers.27.mlp.shared_expert_gate.weight,0.03764400025829673
10,MoE / MLP,20.107739997911267
10,Attention,2.2689670004183426
10,Load base weight model.language_model.layers.28.mlp.shared_expert.gate_proj.weight,0.39003500205581076
10,Load base weight model.language_model.layers.28.mlp.shared_expert.up_proj.weight,0.28964999728486873
10,Load base weight model.language_model.layers.28.mlp.shared_expert.down_proj.weight,0.28425900018191896
10,Load base weight model.language_model.layers.28.mlp.shared_expert_gate.weight,0.0483170006191358
10,MoE / MLP,11.13243399959174
10,Attention,1.0839739989023656
10,Load base weight model.language_model.layers.29.mlp.shared_expert.gate_proj.weight,0.3347530000610277
10,Load base weight model.language_model.layers.29.mlp.shared_expert.up_proj.weight,0.31339400084107183
10,Load base weight model.language_model.layers.29.mlp.shared_expert.down_proj.weight,0.2823370014084503
10,Load base weight model.language_model.layers.29.mlp.shared_expert_gate.weight,0.04129700027988292
10,MoE / MLP,12.770743000146467
10,Attention,1.0154509982385207
10,Load base weight model.language_model.layers.30.mlp.shared_expert.gate_proj.weight,0.34319499900448136
10,Load base weight model.language_model.layers.30.mlp.shared_expert.up_proj.weight,0.27848999889101833
10,Load base weight model.language_model.layers.30.mlp.shared_expert.down_proj.weight,0.2672320006240625
10,Load base weight model.language_model.layers.30.mlp.shared_expert_gate.weight,0.03691099846037105
10,MoE / MLP,10.973838001518743
10,Attention,1.224928997544339
10,Load base weight model.language_model.layers.31.mlp.shared_expert.gate_proj.weight,0.3695999985211529
10,Load base weight model.language_model.layers.31.mlp.shared_expert.up_proj.weight,0.297069000225747
10,Load base weight model.language_model.layers.31.mlp.shared_expert.down_proj.weight,0.2863219997379929
10,Load base weight model.language_model.layers.31.mlp.shared_expert_gate.weight,0.04246200114721432
10,MoE / MLP,7.929335999506293
10,Attention,1.0330689983675256
10,Load base weight model.language_model.layers.32.mlp.shared_expert.gate_proj.weight,0.3364589974808041
10,Load base weight model.language_model.layers.32.mlp.shared_expert.up_proj.weight,0.2745120000327006
10,Load base weight model.language_model.layers.32.mlp.shared_expert.down_proj.weight,0.26752700068755075
10,Load base weight model.language_model.layers.32.mlp.shared_expert_gate.weight,0.03820200072368607
10,MoE / MLP,13.177666001865873
10,Attention,1.0095510006067343
10,Load base weight model.language_model.layers.33.mlp.shared_expert.gate_proj.weight,0.33051900027203374
10,Load base weight model.language_model.layers.33.mlp.shared_expert.up_proj.weight,0.2835279992723372
10,Load base weight model.language_model.layers.33.mlp.shared_expert.down_proj.weight,0.2975229981529992
10,Load base weight model.language_model.layers.33.mlp.shared_expert_gate.weight,0.036211997212376446
10,MoE / MLP,47.47194700030377
10,Attention,1.3162329996703193
10,Load base weight model.language_model.layers.34.mlp.shared_expert.gate_proj.weight,0.457408998045139
10,Load base weight model.language_model.layers.34.mlp.shared_expert.up_proj.weight,0.3647029989224393
10,Load base weight model.language_model.layers.34.mlp.shared_expert.down_proj.weight,0.36161000025458634
10,Load base weight model.language_model.layers.34.mlp.shared_expert_gate.weight,0.04067000190843828
10,MoE / MLP,26.47729200180038
10,Attention,0.8727109998289961
10,Load base weight model.language_model.layers.35.mlp.shared_expert.gate_proj.weight,0.41998499727924354
10,Load base weight model.language_model.layers.35.mlp.shared_expert.up_proj.weight,0.36655800067819655
10,Load base weight model.language_model.layers.35.mlp.shared_expert.down_proj.weight,0.3500019993225578
10,Load base weight model.language_model.layers.35.mlp.shared_expert_gate.weight,0.039213999116327614
10,MoE / MLP,22.721547000401188
10,Attention,1.3572909992944915
10,Load base weight model.language_model.layers.36.mlp.shared_expert.gate_proj.weight,0.3446279988565948
10,Load base weight model.language_model.layers.36.mlp.shared_expert.up_proj.weight,0.28490899785538204
10,Load base weight model.language_model.layers.36.mlp.shared_expert.down_proj.weight,0.2848960029950831
10,Load base weight model.language_model.layers.36.mlp.shared_expert_gate.weight,0.044996999349677935
10,MoE / MLP,16.480167003464885
10,Attention,1.1031709982489701
10,Load base weight model.language_model.layers.37.mlp.shared_expert.gate_proj.weight,0.37127299947314896
10,Load base weight model.language_model.layers.37.mlp.shared_expert.up_proj.weight,0.2937439967354294
10,Load base weight model.language_model.layers.37.mlp.shared_expert.down_proj.weight,0.2810680016409606
10,Load base weight model.language_model.layers.37.mlp.shared_expert_gate.weight,0.03849299901048653
10,MoE / MLP,17.911464998178417
10,Attention,1.3859930004400667
10,Load base weight model.language_model.layers.38.mlp.shared_expert.gate_proj.weight,0.4967880013282411
10,Load base weight model.language_model.layers.38.mlp.shared_expert.up_proj.weight,0.3959519999625627
10,Load base weight model.language_model.layers.38.mlp.shared_expert.down_proj.weight,0.41581299956305884
10,Load base weight model.language_model.layers.38.mlp.shared_expert_gate.weight,0.04978300057700835
10,MoE / MLP,18.454049997671973
10,Attention,1.5089859989529941
10,Load base weight model.language_model.layers.39.mlp.shared_expert.gate_proj.weight,0.5868250009370968
10,Load base weight model.language_model.layers.39.mlp.shared_expert.up_proj.weight,0.45344699901761487
10,Load base weight model.language_model.layers.39.mlp.shared_expert.down_proj.weight,0.4466200007300358
10,Load base weight model.language_model.layers.39.mlp.shared_expert_gate.weight,0.06751199907739647
10,MoE / MLP,18.61344300050405
10,Router,0.14233599603176117
10,MoE Decode Loop,81.44255828857422
10,Router,0.16486400365829468
10,MoE Decode Loop,15.773407936096191
10,Router,0.14844800531864166
10,MoE Decode Loop,16.898624420166016
10,Router,0.14643199741840363
10,MoE Decode Loop,12.965824127197266
10,Router,0.03379200026392937
10,MoE Decode Loop,12.34505558013916
10,Router,0.03379200026392937
10,MoE Decode Loop,12.744959831237793
10,Router,0.1085439994931221
10,MoE Decode Loop,11.235551834106445
10,Router,0.03379200026392937
10,MoE Decode Loop,24.37401580810547
10,Router,0.159743994474411
10,MoE Decode Loop,11.12003231048584
10,Router,0.10047999769449234
10,MoE Decode Loop,20.408832550048828
10,Router,0.17308799922466278
10,MoE Decode Loop,18.02579116821289
10,Router,0.2088959962129593
10,MoE Decode Loop,13.291680335998535
10,Router,0.14233599603176117
10,MoE Decode Loop,11.972991943359375
10,Router,0.1515520066022873
10,MoE Decode Loop,7.769536018371582
10,Router,0.03379200026392937
10,MoE Decode Loop,14.175519943237305
10,Router,0.05632000043988228
10,MoE Decode Loop,14.334400177001953
10,Router,0.14105600118637085
10,MoE Decode Loop,13.472512245178223
10,Router,0.14643199741840363
10,MoE Decode Loop,11.629471778869629
10,Router,0.03379200026392937
10,MoE Decode Loop,16.888864517211914
10,Router,0.15052799880504608
10,MoE Decode Loop,8.992192268371582
10,Router,0.06969600170850754
10,MoE Decode Loop,8.198752403259277
10,Router,0.03481600061058998
10,MoE Decode Loop,8.62070369720459
10,Router,0.03379200026392937
10,MoE Decode Loop,9.682432174682617
10,Router,0.06681600213050842
10,MoE Decode Loop,8.462271690368652
10,Router,0.03996799886226654
10,MoE Decode Loop,15.00160026550293
10,Router,0.11980800330638885
10,MoE Decode Loop,10.092032432556152
10,Router,0.03174399957060814
10,MoE Decode Loop,15.579071998596191
10,Router,0.15142400562763214
10,MoE Decode Loop,20.12054443359375
10,Router,0.1576640009880066
10,MoE Decode Loop,11.578559875488281
10,Router,0.11980800330638885
10,MoE Decode Loop,13.308287620544434
10,Router,0.03174399957060814
10,MoE Decode Loop,11.061759948730469
10,Router,0.14847999811172485
10,MoE Decode Loop,8.427616119384766
10,Router,0.03174399957060814
10,MoE Decode Loop,13.712320327758789
10,Router,0.030719999223947525
10,MoE Decode Loop,47.78963088989258
10,Router,0.16790400445461273
10,MoE Decode Loop,26.8768310546875
10,Router,0.15769599378108978
10,MoE Decode Loop,23.12073516845703
10,Router,0.15971200168132782
10,MoE Decode Loop,16.805696487426758
10,Router,0.1343040019273758
10,MoE Decode Loop,18.270559310913086
10,Router,0.18822400271892548
10,MoE Decode Loop,18.445215225219727
10,Router,0.25702399015426636
10,MoE Decode Loop,18.485023498535156
10,Norm,0.1690240055322647
10,LM Head,6.305727958679199
11,Attention,1.6503510014445055
11,Load base weight model.language_model.layers.0.mlp.shared_expert.gate_proj.weight,0.6854309976915829
11,Load base weight model.language_model.layers.0.mlp.shared_expert.up_proj.weight,0.46074700003373437
11,Load base weight model.language_model.layers.0.mlp.shared_expert.down_proj.weight,0.5223189982643817
11,Load base weight model.language_model.layers.0.mlp.shared_expert_gate.weight,0.05140800203662366
11,MoE / MLP,31.536905000393745
11,Attention,2.554925998992985
11,Load base weight model.language_model.layers.1.mlp.shared_expert.gate_proj.weight,0.6549719983013347
11,Load base weight model.language_model.layers.1.mlp.shared_expert.up_proj.weight,0.5233240008237772
11,Load base weight model.language_model.layers.1.mlp.shared_expert.down_proj.weight,0.45049400068819523
11,Load base weight model.language_model.layers.1.mlp.shared_expert_gate.weight,0.0897089994396083
11,MoE / MLP,28.152351998869563
11,Attention,2.170266001485288
11,Load base weight model.language_model.layers.2.mlp.shared_expert.gate_proj.weight,0.5132340011186898
11,Load base weight model.language_model.layers.2.mlp.shared_expert.up_proj.weight,0.44489799984148704
11,Load base weight model.language_model.layers.2.mlp.shared_expert.down_proj.weight,0.40431100205751136
11,Load base weight model.language_model.layers.2.mlp.shared_expert_gate.weight,0.06300899985944852
11,MoE / MLP,19.57840899922303
11,Attention,1.6812110006867442
11,Load base weight model.language_model.layers.3.mlp.shared_expert.gate_proj.weight,0.5962430004728958
11,Load base weight model.language_model.layers.3.mlp.shared_expert.up_proj.weight,0.45945199963171035
11,Load base weight model.language_model.layers.3.mlp.shared_expert.down_proj.weight,0.4573420010274276
11,Load base weight model.language_model.layers.3.mlp.shared_expert_gate.weight,0.0627330009592697
11,MoE / MLP,22.546873999090167
11,Attention,2.60232200162136
11,Load base weight model.language_model.layers.4.mlp.shared_expert.gate_proj.weight,0.81948000297416
11,Load base weight model.language_model.layers.4.mlp.shared_expert.up_proj.weight,0.6584160000784323
11,Load base weight model.language_model.layers.4.mlp.shared_expert.down_proj.weight,0.6780190014978871
11,Load base weight model.language_model.layers.4.mlp.shared_expert_gate.weight,0.0884809996932745
11,MoE / MLP,24.6439599977748
11,Attention,2.2631009996985085
11,Load base weight model.language_model.layers.5.mlp.shared_expert.gate_proj.weight,0.6151490015326999
11,Load base weight model.language_model.layers.5.mlp.shared_expert.up_proj.weight,0.46020999798201956
11,Load base weight model.language_model.layers.5.mlp.shared_expert.down_proj.weight,0.4505300021264702
11,Load base weight model.language_model.layers.5.mlp.shared_expert_gate.weight,0.07516600089729764
11,MoE / MLP,35.02621000006911
11,Attention,2.37197800015565
11,Load base weight model.language_model.layers.6.mlp.shared_expert.gate_proj.weight,0.6713650000165217
11,Load base weight model.language_model.layers.6.mlp.shared_expert.up_proj.weight,0.5704159993911162
11,Load base weight model.language_model.layers.6.mlp.shared_expert.down_proj.weight,0.5362679985410068
11,Load base weight model.language_model.layers.6.mlp.shared_expert_gate.weight,0.0817279978946317
11,MoE / MLP,12.95350399959716
11,Attention,1.5503790018556174
11,Load base weight model.language_model.layers.7.mlp.shared_expert.gate_proj.weight,0.6181270000524819
11,Load base weight model.language_model.layers.7.mlp.shared_expert.up_proj.weight,0.4594430029101204
11,Load base weight model.language_model.layers.7.mlp.shared_expert.down_proj.weight,0.44278099812800065
11,Load base weight model.language_model.layers.7.mlp.shared_expert_gate.weight,0.06919800216564909
11,MoE / MLP,29.032297999947332
11,Attention,2.286416001879843
11,Load base weight model.language_model.layers.8.mlp.shared_expert.gate_proj.weight,0.5981600006634835
11,Load base weight model.language_model.layers.8.mlp.shared_expert.up_proj.weight,0.47612699927412905
11,Load base weight model.language_model.layers.8.mlp.shared_expert.down_proj.weight,0.4458800030988641
11,Load base weight model.language_model.layers.8.mlp.shared_expert_gate.weight,0.07732799713267013
11,MoE / MLP,27.1483359974809
11,Attention,2.224413001385983
11,Load base weight model.language_model.layers.9.mlp.shared_expert.gate_proj.weight,0.5777639998996165
11,Load base weight model.language_model.layers.9.mlp.shared_expert.up_proj.weight,0.4929749993607402
11,Load base weight model.language_model.layers.9.mlp.shared_expert.down_proj.weight,0.4538889988907613
11,Load base weight model.language_model.layers.9.mlp.shared_expert_gate.weight,0.07851999907870777
11,MoE / MLP,13.299726000695955
11,Attention,1.9238540007791016
11,Load base weight model.language_model.layers.10.mlp.shared_expert.gate_proj.weight,0.5783009983133525
11,Load base weight model.language_model.layers.10.mlp.shared_expert.up_proj.weight,0.49714600027073175
11,Load base weight model.language_model.layers.10.mlp.shared_expert.down_proj.weight,0.5034049972891808
11,Load base weight model.language_model.layers.10.mlp.shared_expert_gate.weight,0.06857399785076268
11,MoE / MLP,28.049417996953707
11,Attention,1.804113999241963
11,Load base weight model.language_model.layers.11.mlp.shared_expert.gate_proj.weight,0.6222170013643336
11,Load base weight model.language_model.layers.11.mlp.shared_expert.up_proj.weight,0.5053519998909906
11,Load base weight model.language_model.layers.11.mlp.shared_expert.down_proj.weight,0.5184700021345634
11,Load base weight model.language_model.layers.11.mlp.shared_expert_gate.weight,0.0666920022922568
11,MoE / MLP,23.736868999549188
11,Attention,2.2299689990177285
11,Load base weight model.language_model.layers.12.mlp.shared_expert.gate_proj.weight,0.6864590031909756
11,Load base weight model.language_model.layers.12.mlp.shared_expert.up_proj.weight,0.4707359985332005
11,Load base weight model.language_model.layers.12.mlp.shared_expert.down_proj.weight,0.4309840005589649
11,Load base weight model.language_model.layers.12.mlp.shared_expert_gate.weight,0.06816199675085954
11,MoE / MLP,16.818832998978905
11,Attention,2.1079879988974426
11,Load base weight model.language_model.layers.13.mlp.shared_expert.gate_proj.weight,0.5227280016697478
11,Load base weight model.language_model.layers.13.mlp.shared_expert.up_proj.weight,0.42158200085395947
11,Load base weight model.language_model.layers.13.mlp.shared_expert.down_proj.weight,0.39343899697996676
11,Load base weight model.language_model.layers.13.mlp.shared_expert_gate.weight,0.06186100290506147
11,MoE / MLP,14.816046998021193
11,Attention,1.9082740000158083
11,Load base weight model.language_model.layers.14.mlp.shared_expert.gate_proj.weight,0.5237599980318919
11,Load base weight model.language_model.layers.14.mlp.shared_expert.up_proj.weight,0.39715700040687807
11,Load base weight model.language_model.layers.14.mlp.shared_expert.down_proj.weight,0.38999399839667603
11,Load base weight model.language_model.layers.14.mlp.shared_expert_gate.weight,0.06259699875954539
11,MoE / MLP,16.525369999726536
11,Attention,1.660509002249455
11,Load base weight model.language_model.layers.15.mlp.shared_expert.gate_proj.weight,0.6381210005201865
11,Load base weight model.language_model.layers.15.mlp.shared_expert.up_proj.weight,0.46023999675526284
11,Load base weight model.language_model.layers.15.mlp.shared_expert.down_proj.weight,0.4449599982763175
11,Load base weight model.language_model.layers.15.mlp.shared_expert_gate.weight,0.0624999993306119
11,MoE / MLP,18.124278998584487
11,Attention,1.8208039982710034
11,Load base weight model.language_model.layers.16.mlp.shared_expert.gate_proj.weight,0.5666130018653348
11,Load base weight model.language_model.layers.16.mlp.shared_expert.up_proj.weight,0.5052449996583164
11,Load base weight model.language_model.layers.16.mlp.shared_expert.down_proj.weight,0.41775400313781574
11,Load base weight model.language_model.layers.16.mlp.shared_expert_gate.weight,0.060285998188192025
11,MoE / MLP,12.73193000088213
11,Attention,1.4504850005323533
11,Load base weight model.language_model.layers.17.mlp.shared_expert.gate_proj.weight,0.46804900193819776
11,Load base weight model.language_model.layers.17.mlp.shared_expert.up_proj.weight,0.4679969970311504
11,Load base weight model.language_model.layers.17.mlp.shared_expert.down_proj.weight,0.46651299999211915
11,Load base weight model.language_model.layers.17.mlp.shared_expert_gate.weight,0.07053999797790311
11,MoE / MLP,23.97927099809749
11,Attention,2.556267998443218
11,Load base weight model.language_model.layers.18.mlp.shared_expert.gate_proj.weight,0.6701589991280343
11,Load base weight model.language_model.layers.18.mlp.shared_expert.up_proj.weight,0.5301909986883402
11,Load base weight model.language_model.layers.18.mlp.shared_expert.down_proj.weight,0.4788940022990573
11,Load base weight model.language_model.layers.18.mlp.shared_expert_gate.weight,0.07430800178553909
11,MoE / MLP,19.615068998973584
11,Attention,1.630924001801759
11,Load base weight model.language_model.layers.19.mlp.shared_expert.gate_proj.weight,0.6252180028241128
11,Load base weight model.language_model.layers.19.mlp.shared_expert.up_proj.weight,0.48988200069288723
11,Load base weight model.language_model.layers.19.mlp.shared_expert.down_proj.weight,0.45988199781277217
11,Load base weight model.language_model.layers.19.mlp.shared_expert_gate.weight,0.0721869982953649
11,MoE / MLP,26.09971600031713
11,Attention,2.2434670026996173
11,Load base weight model.language_model.layers.20.mlp.shared_expert.gate_proj.weight,0.566107002669014
11,Load base weight model.language_model.layers.20.mlp.shared_expert.up_proj.weight,0.4578000007313676
11,Load base weight model.language_model.layers.20.mlp.shared_expert.down_proj.weight,0.44609999895328656
11,Load base weight model.language_model.layers.20.mlp.shared_expert_gate.weight,0.06219300121301785
11,MoE / MLP,36.04067100241082
11,Attention,2.38833900220925
11,Load base weight model.language_model.layers.21.mlp.shared_expert.gate_proj.weight,0.6893179997859988
11,Load base weight model.language_model.layers.21.mlp.shared_expert.up_proj.weight,0.5176760023459792
11,Load base weight model.language_model.layers.21.mlp.shared_expert.down_proj.weight,0.4762460011988878
11,Load base weight model.language_model.layers.21.mlp.shared_expert_gate.weight,0.06500399831566028
11,MoE / MLP,22.690407997288276
11,Attention,2.2151800003484823
11,Load base weight model.language_model.layers.22.mlp.shared_expert.gate_proj.weight,0.6232080013433006
11,Load base weight model.language_model.layers.22.mlp.shared_expert.up_proj.weight,0.4876689999946393
11,Load base weight model.language_model.layers.22.mlp.shared_expert.down_proj.weight,0.4281860019546002
11,Load base weight model.language_model.layers.22.mlp.shared_expert_gate.weight,0.06209499770193361
11,MoE / MLP,19.63924900337588
11,Attention,1.4325600022857543
11,Load base weight model.language_model.layers.23.mlp.shared_expert.gate_proj.weight,0.5081770032120403
11,Load base weight model.language_model.layers.23.mlp.shared_expert.up_proj.weight,0.4215480003040284
11,Load base weight model.language_model.layers.23.mlp.shared_expert.down_proj.weight,0.4051410032843705
11,Load base weight model.language_model.layers.23.mlp.shared_expert_gate.weight,0.06650399882346392
11,MoE / MLP,16.945946001214907
11,Attention,1.9566560004022904
11,Load base weight model.language_model.layers.24.mlp.shared_expert.gate_proj.weight,0.5367009980545845
11,Load base weight model.language_model.layers.24.mlp.shared_expert.up_proj.weight,0.4432159985299222
11,Load base weight model.language_model.layers.24.mlp.shared_expert.down_proj.weight,0.4610560026776511
11,Load base weight model.language_model.layers.24.mlp.shared_expert_gate.weight,0.06960999962757342
11,MoE / MLP,25.08934100114857
11,Attention,2.2670039979857393
11,Load base weight model.language_model.layers.25.mlp.shared_expert.gate_proj.weight,0.6789660001231823
11,Load base weight model.language_model.layers.25.mlp.shared_expert.up_proj.weight,0.47665400052210316
11,Load base weight model.language_model.layers.25.mlp.shared_expert.down_proj.weight,0.42926400055876
11,Load base weight model.language_model.layers.25.mlp.shared_expert_gate.weight,0.06710099842166528
11,MoE / MLP,29.25919200060889
11,Attention,2.384593000897439
11,Load base weight model.language_model.layers.26.mlp.shared_expert.gate_proj.weight,0.5895290014450438
11,Load base weight model.language_model.layers.26.mlp.shared_expert.up_proj.weight,0.5067130005045328
11,Load base weight model.language_model.layers.26.mlp.shared_expert.down_proj.weight,0.4519709982560016
11,Load base weight model.language_model.layers.26.mlp.shared_expert_gate.weight,0.08514100045431405
11,MoE / MLP,17.377362000843277
11,Attention,1.467086000047857
11,Load base weight model.language_model.layers.27.mlp.shared_expert.gate_proj.weight,0.562034998438321
11,Load base weight model.language_model.layers.27.mlp.shared_expert.up_proj.weight,0.44408400208340026
11,Load base weight model.language_model.layers.27.mlp.shared_expert.down_proj.weight,0.46021799789741635
11,Load base weight model.language_model.layers.27.mlp.shared_expert_gate.weight,0.06096200013416819
11,MoE / MLP,19.499179001286393
11,Attention,1.8830600020010024
11,Load base weight model.language_model.layers.28.mlp.shared_expert.gate_proj.weight,0.5862580001121387
11,Load base weight model.language_model.layers.28.mlp.shared_expert.up_proj.weight,0.4306470000301488
11,Load base weight model.language_model.layers.28.mlp.shared_expert.down_proj.weight,0.4648750000342261
11,Load base weight model.language_model.layers.28.mlp.shared_expert_gate.weight,0.06603300062124617
11,MoE / MLP,15.6731850001961
11,Attention,2.253508999274345
11,Load base weight model.language_model.layers.29.mlp.shared_expert.gate_proj.weight,0.7406629993056413
11,Load base weight model.language_model.layers.29.mlp.shared_expert.up_proj.weight,0.6169379994389601
11,Load base weight model.language_model.layers.29.mlp.shared_expert.down_proj.weight,0.5458000014186837
11,Load base weight model.language_model.layers.29.mlp.shared_expert_gate.weight,0.07539099897257984
11,MoE / MLP,17.419038998923497
11,Attention,2.5256920016545337
11,Load base weight model.language_model.layers.30.mlp.shared_expert.gate_proj.weight,0.6725380007992499
11,Load base weight model.language_model.layers.30.mlp.shared_expert.up_proj.weight,0.5393169994931668
11,Load base weight model.language_model.layers.30.mlp.shared_expert.down_proj.weight,0.4731840017484501
11,Load base weight model.language_model.layers.30.mlp.shared_expert_gate.weight,0.08251500184996985
11,MoE / MLP,21.628080001391936
11,Attention,1.7737710004439577
11,Load base weight model.language_model.layers.31.mlp.shared_expert.gate_proj.weight,0.635430002148496
11,Load base weight model.language_model.layers.31.mlp.shared_expert.up_proj.weight,0.49295999997411855
11,Load base weight model.language_model.layers.31.mlp.shared_expert.down_proj.weight,0.40012899989960715
11,Load base weight model.language_model.layers.31.mlp.shared_expert_gate.weight,0.07301399818970822
11,MoE / MLP,18.861496999306837
11,Attention,2.0538149983622134
11,Load base weight model.language_model.layers.32.mlp.shared_expert.gate_proj.weight,0.5411599995568395
11,Load base weight model.language_model.layers.32.mlp.shared_expert.up_proj.weight,0.4189430001133587
11,Load base weight model.language_model.layers.32.mlp.shared_expert.down_proj.weight,0.386255000194069
11,Load base weight model.language_model.layers.32.mlp.shared_expert_gate.weight,0.06764499994460493
11,MoE / MLP,22.29820100183133
11,Attention,1.912142997753108
11,Load base weight model.language_model.layers.33.mlp.shared_expert.gate_proj.weight,0.48676600272301584
11,Load base weight model.language_model.layers.33.mlp.shared_expert.up_proj.weight,0.43507800000952557
11,Load base weight model.language_model.layers.33.mlp.shared_expert.down_proj.weight,0.404104997869581
11,Load base weight model.language_model.layers.33.mlp.shared_expert_gate.weight,0.061509002989623696
11,MoE / MLP,15.33411799755413
11,Attention,2.0392890000948682
11,Load base weight model.language_model.layers.34.mlp.shared_expert.gate_proj.weight,0.6489379993581679
11,Load base weight model.language_model.layers.34.mlp.shared_expert.up_proj.weight,0.5135360006534029
11,Load base weight model.language_model.layers.34.mlp.shared_expert.down_proj.weight,0.4169610001554247
11,Load base weight model.language_model.layers.34.mlp.shared_expert_gate.weight,0.06340100298984908
11,MoE / MLP,23.935576999065233
11,Attention,1.706885999738006
11,Load base weight model.language_model.layers.35.mlp.shared_expert.gate_proj.weight,0.6152059977466706
11,Load base weight model.language_model.layers.35.mlp.shared_expert.up_proj.weight,0.4938810016028583
11,Load base weight model.language_model.layers.35.mlp.shared_expert.down_proj.weight,0.49098299859906547
11,Load base weight model.language_model.layers.35.mlp.shared_expert_gate.weight,0.07129699952201918
11,MoE / MLP,14.404534998902818
11,Attention,2.062896001007175
11,Load base weight model.language_model.layers.36.mlp.shared_expert.gate_proj.weight,0.6041790002200287
11,Load base weight model.language_model.layers.36.mlp.shared_expert.up_proj.weight,0.46488599764415994
11,Load base weight model.language_model.layers.36.mlp.shared_expert.down_proj.weight,0.4690380010288209
11,Load base weight model.language_model.layers.36.mlp.shared_expert_gate.weight,0.0711799984856043
11,MoE / MLP,17.946710002433974
11,Attention,2.167572998587275
11,Load base weight model.language_model.layers.37.mlp.shared_expert.gate_proj.weight,0.5060450021119323
11,Load base weight model.language_model.layers.37.mlp.shared_expert.up_proj.weight,0.4332549979153555
11,Load base weight model.language_model.layers.37.mlp.shared_expert.down_proj.weight,0.403342997742584
11,Load base weight model.language_model.layers.37.mlp.shared_expert_gate.weight,0.06479399962699972
11,MoE / MLP,18.176651999965543
11,Attention,1.8932439998025075
11,Load base weight model.language_model.layers.38.mlp.shared_expert.gate_proj.weight,0.5687369994120672
11,Load base weight model.language_model.layers.38.mlp.shared_expert.up_proj.weight,0.4747320017486345
11,Load base weight model.language_model.layers.38.mlp.shared_expert.down_proj.weight,0.4404130013426766
11,Load base weight model.language_model.layers.38.mlp.shared_expert_gate.weight,0.05864199920324609
11,MoE / MLP,12.870643997302977
11,Attention,1.1553830008779187
11,Load base weight model.language_model.layers.39.mlp.shared_expert.gate_proj.weight,0.46666299749631435
11,Load base weight model.language_model.layers.39.mlp.shared_expert.up_proj.weight,0.39203699998324737
11,Load base weight model.language_model.layers.39.mlp.shared_expert.down_proj.weight,0.36615300268749706
11,Load base weight model.language_model.layers.39.mlp.shared_expert_gate.weight,0.052012001106049865
11,MoE / MLP,20.29620400207932
11,Router,0.19763199985027313
11,MoE Decode Loop,30.962175369262695
11,Router,0.31254398822784424
11,MoE Decode Loop,27.6409912109375
11,Router,0.27980801463127136
11,MoE Decode Loop,19.202943801879883
11,Router,0.27107200026512146
11,MoE Decode Loop,22.10860824584961
11,Router,0.3328000009059906
11,MoE Decode Loop,24.081472396850586
11,Router,0.28908801078796387
11,MoE Decode Loop,34.604705810546875
11,Router,0.3051519989967346
11,MoE Decode Loop,12.677087783813477
11,Router,0.2590720057487488
11,MoE Decode Loop,28.685312271118164
11,Router,0.282368004322052
11,MoE Decode Loop,26.696352005004883
11,Router,0.2783359885215759
11,MoE Decode Loop,13.21132755279541
11,Router,0.27030399441719055
11,MoE Decode Loop,27.75971221923828
11,Router,0.2693760097026825
11,MoE Decode Loop,23.316768646240234
11,Router,0.28569599986076355
11,MoE Decode Loop,16.49465560913086
11,Router,0.26521599292755127
11,MoE Decode Loop,14.56281566619873
11,Router,0.2282560020685196
11,MoE Decode Loop,16.2728328704834
11,Router,0.24480000138282776
11,MoE Decode Loop,17.930591583251953
11,Router,0.22937600314617157
11,MoE Decode Loop,12.804415702819824
11,Router,0.21401600539684296
11,MoE Decode Loop,23.64143943786621
11,Router,0.2950400114059448
11,MoE Decode Loop,19.277376174926758
11,Router,0.2775999903678894
11,MoE Decode Loop,25.676576614379883
11,Router,0.2620159983634949
11,MoE Decode Loop,35.47635269165039
11,Router,0.3409920036792755
11,MoE Decode Loop,22.17215919494629
11,Router,0.3110080063343048
11,MoE Decode Loop,19.430879592895508
11,Router,0.21606400609016418
11,MoE Decode Loop,16.748031616210938
11,Router,0.23270399868488312
11,MoE Decode Loop,24.823551177978516
11,Router,0.2876800000667572
11,MoE Decode Loop,28.754304885864258
11,Router,0.2969599962234497
11,MoE Decode Loop,17.149503707885742
11,Router,0.2364480048418045
11,MoE Decode Loop,19.40889549255371
11,Router,0.23446400463581085
11,MoE Decode Loop,15.500160217285156
11,Router,0.28787198662757874
11,MoE Decode Loop,16.903488159179688
11,Router,0.3407039940357208
11,MoE Decode Loop,21.010303497314453
11,Router,0.35123199224472046
11,MoE Decode Loop,18.351680755615234
11,Router,0.23951999843120575
11,MoE Decode Loop,22.062847137451172
11,Router,0.22220799326896667
11,MoE Decode Loop,15.174495697021484
11,Router,0.2815999984741211
11,MoE Decode Loop,23.520416259765625
11,Router,0.30003198981285095
11,MoE Decode Loop,14.032416343688965
11,Router,0.2529279887676239
11,MoE Decode Loop,17.745695114135742
11,Router,0.25894400477409363
11,MoE Decode Loop,17.993247985839844
11,Router,0.2377920001745224
11,MoE Decode Loop,12.964672088623047
11,Router,0.1924159973859787
11,MoE Decode Loop,20.07379150390625
11,Norm,0.3723840117454529
11,LM Head,6.318079948425293
12,Attention,2.0215170006849803
12,Load base weight model.language_model.layers.0.mlp.shared_expert.gate_proj.weight,0.721985001291614
12,Load base weight model.language_model.layers.0.mlp.shared_expert.up_proj.weight,0.6408780027413741
12,Load base weight model.language_model.layers.0.mlp.shared_expert.down_proj.weight,0.5279329998302273
12,Load base weight model.language_model.layers.0.mlp.shared_expert_gate.weight,0.07192100019892678
12,MoE / MLP,29.852683997887652
12,Attention,2.115490999130998
12,Load base weight model.language_model.layers.1.mlp.shared_expert.gate_proj.weight,0.6281379974097945
12,Load base weight model.language_model.layers.1.mlp.shared_expert.up_proj.weight,0.5896170005144086
12,Load base weight model.language_model.layers.1.mlp.shared_expert.down_proj.weight,0.4836289990635123
12,Load base weight model.language_model.layers.1.mlp.shared_expert_gate.weight,0.07778399958624505
12,MoE / MLP,26.784833000419894
12,Attention,2.4596920011390466
12,Load base weight model.language_model.layers.2.mlp.shared_expert.gate_proj.weight,0.5646389981848188
12,Load base weight model.language_model.layers.2.mlp.shared_expert.up_proj.weight,0.43890300003113225
12,Load base weight model.language_model.layers.2.mlp.shared_expert.down_proj.weight,0.4197930029476993
12,Load base weight model.language_model.layers.2.mlp.shared_expert_gate.weight,0.06766500155208632
12,MoE / MLP,21.575648002908565
12,Attention,1.6909900004975498
12,Load base weight model.language_model.layers.3.mlp.shared_expert.gate_proj.weight,0.5153349993634038
12,Load base weight model.language_model.layers.3.mlp.shared_expert.up_proj.weight,0.43461799941724166
12,Load base weight model.language_model.layers.3.mlp.shared_expert.down_proj.weight,0.40919599996414036
12,Load base weight model.language_model.layers.3.mlp.shared_expert_gate.weight,0.06393200237653218
12,MoE / MLP,24.729163000301924
12,Attention,2.368292996834498
12,Load base weight model.language_model.layers.4.mlp.shared_expert.gate_proj.weight,0.6067020003683865
12,Load base weight model.language_model.layers.4.mlp.shared_expert.up_proj.weight,0.46044500049902126
12,Load base weight model.language_model.layers.4.mlp.shared_expert.down_proj.weight,0.4693080009019468
12,Load base weight model.language_model.layers.4.mlp.shared_expert_gate.weight,0.06780100011383183
12,MoE / MLP,17.643799998040777
12,Attention,2.0122109999647364
12,Load base weight model.language_model.layers.5.mlp.shared_expert.gate_proj.weight,0.6175799971970264
12,Load base weight model.language_model.layers.5.mlp.shared_expert.up_proj.weight,0.4781660027219914
12,Load base weight model.language_model.layers.5.mlp.shared_expert.down_proj.weight,0.4533280007308349
12,Load base weight model.language_model.layers.5.mlp.shared_expert_gate.weight,0.06846199903520755
12,MoE / MLP,27.23507399787195
12,Attention,2.3222300005727448
12,Load base weight model.language_model.layers.6.mlp.shared_expert.gate_proj.weight,0.6030570002621971
12,Load base weight model.language_model.layers.6.mlp.shared_expert.up_proj.weight,0.4446460006874986
12,Load base weight model.language_model.layers.6.mlp.shared_expert.down_proj.weight,0.4253129991411697
12,Load base weight model.language_model.layers.6.mlp.shared_expert_gate.weight,0.08371399962925352
12,MoE / MLP,28.093933000491234
12,Attention,1.90919600208872
12,Load base weight model.language_model.layers.7.mlp.shared_expert.gate_proj.weight,0.6378930011123884
12,Load base weight model.language_model.layers.7.mlp.shared_expert.up_proj.weight,0.4757830029120669
12,Load base weight model.language_model.layers.7.mlp.shared_expert.down_proj.weight,0.45183600013842806
12,Load base weight model.language_model.layers.7.mlp.shared_expert_gate.weight,0.08086799789452925
12,MoE / MLP,28.054301998054143
12,Attention,2.0680970010289457
12,Load base weight model.language_model.layers.8.mlp.shared_expert.gate_proj.weight,0.5482029991981108
12,Load base weight model.language_model.layers.8.mlp.shared_expert.up_proj.weight,0.4442610006663017
12,Load base weight model.language_model.layers.8.mlp.shared_expert.down_proj.weight,0.4464760022528935
12,Load base weight model.language_model.layers.8.mlp.shared_expert_gate.weight,0.05708699973183684
12,MoE / MLP,12.441596001735888
12,Attention,1.5507839998463169
12,Load base weight model.language_model.layers.9.mlp.shared_expert.gate_proj.weight,0.43783500223071314
12,Load base weight model.language_model.layers.9.mlp.shared_expert.up_proj.weight,0.3388840013940353
12,Load base weight model.language_model.layers.9.mlp.shared_expert.down_proj.weight,0.3165729976899456
12,Load base weight model.language_model.layers.9.mlp.shared_expert_gate.weight,0.04722399899037555
12,MoE / MLP,7.969225996930618
12,Attention,1.4604610005335417
12,Load base weight model.language_model.layers.10.mlp.shared_expert.gate_proj.weight,0.4660539998440072
12,Load base weight model.language_model.layers.10.mlp.shared_expert.up_proj.weight,0.3499930026009679
12,Load base weight model.language_model.layers.10.mlp.shared_expert.down_proj.weight,0.3375950000190642
12,Load base weight model.language_model.layers.10.mlp.shared_expert_gate.weight,0.04800800161319785
12,MoE / MLP,16.38419899973087
12,Attention,1.4003279975440819
12,Load base weight model.language_model.layers.11.mlp.shared_expert.gate_proj.weight,0.519408997206483
12,Load base weight model.language_model.layers.11.mlp.shared_expert.up_proj.weight,0.41576099829399027
12,Load base weight model.language_model.layers.11.mlp.shared_expert.down_proj.weight,0.38501000017276965
12,Load base weight model.language_model.layers.11.mlp.shared_expert_gate.weight,0.05814699761685915
12,MoE / MLP,15.79538299847627
12,Attention,1.8747060021269135
12,Load base weight model.language_model.layers.12.mlp.shared_expert.gate_proj.weight,0.5416570020315703
12,Load base weight model.language_model.layers.12.mlp.shared_expert.up_proj.weight,0.40301799890585244
12,Load base weight model.language_model.layers.12.mlp.shared_expert.down_proj.weight,0.40220200025942177
12,Load base weight model.language_model.layers.12.mlp.shared_expert_gate.weight,0.06687999848509207
12,MoE / MLP,19.03923500140081
12,Attention,2.068584999506129
12,Load base weight model.language_model.layers.13.mlp.shared_expert.gate_proj.weight,0.5340749994502403
12,Load base weight model.language_model.layers.13.mlp.shared_expert.up_proj.weight,0.41791599869611673
12,Load base weight model.language_model.layers.13.mlp.shared_expert.down_proj.weight,0.4046750000270549
12,Load base weight model.language_model.layers.13.mlp.shared_expert_gate.weight,0.06402999861165881
12,MoE / MLP,20.962369002518244
12,Attention,2.114137001626659
12,Load base weight model.language_model.layers.14.mlp.shared_expert.gate_proj.weight,0.5086940000182949
12,Load base weight model.language_model.layers.14.mlp.shared_expert.up_proj.weight,0.4162359982728958
12,Load base weight model.language_model.layers.14.mlp.shared_expert.down_proj.weight,0.4027290015073959
12,Load base weight model.language_model.layers.14.mlp.shared_expert_gate.weight,0.06959299935260788
12,MoE / MLP,16.703256998880534
12,Attention,1.173442000435898
12,Load base weight model.language_model.layers.15.mlp.shared_expert.gate_proj.weight,0.4824349998671096
12,Load base weight model.language_model.layers.15.mlp.shared_expert.up_proj.weight,0.3480890009086579
12,Load base weight model.language_model.layers.15.mlp.shared_expert.down_proj.weight,0.338396002916852
12,Load base weight model.language_model.layers.15.mlp.shared_expert_gate.weight,0.053749001381220296
12,MoE / MLP,9.598239998013014
12,Attention,1.3979399991512764
12,Load base weight model.language_model.layers.16.mlp.shared_expert.gate_proj.weight,0.4031709977425635
12,Load base weight model.language_model.layers.16.mlp.shared_expert.up_proj.weight,0.33300300128757954
12,Load base weight model.language_model.layers.16.mlp.shared_expert.down_proj.weight,0.34349700217717327
12,Load base weight model.language_model.layers.16.mlp.shared_expert_gate.weight,0.06263800241868012
12,MoE / MLP,12.241156997333746
12,Attention,1.4980199994170107
12,Load base weight model.language_model.layers.17.mlp.shared_expert.gate_proj.weight,0.42863000271609053
12,Load base weight model.language_model.layers.17.mlp.shared_expert.up_proj.weight,0.3568499996617902
12,Load base weight model.language_model.layers.17.mlp.shared_expert.down_proj.weight,0.3298459996585734
12,Load base weight model.language_model.layers.17.mlp.shared_expert_gate.weight,0.050557002396089956
12,MoE / MLP,17.72068699938245
12,Attention,2.2022730008757208
12,Load base weight model.language_model.layers.18.mlp.shared_expert.gate_proj.weight,0.623004998487886
12,Load base weight model.language_model.layers.18.mlp.shared_expert.up_proj.weight,0.4704200000560377
12,Load base weight model.language_model.layers.18.mlp.shared_expert.down_proj.weight,0.4914319979434367
12,Load base weight model.language_model.layers.18.mlp.shared_expert_gate.weight,0.06879899956402369
12,MoE / MLP,17.93405799980974
12,Attention,1.7845080001279712
12,Load base weight model.language_model.layers.19.mlp.shared_expert.gate_proj.weight,0.6025939983373974
12,Load base weight model.language_model.layers.19.mlp.shared_expert.up_proj.weight,0.5319650008459575
12,Load base weight model.language_model.layers.19.mlp.shared_expert.down_proj.weight,0.4305520014895592
12,Load base weight model.language_model.layers.19.mlp.shared_expert_gate.weight,0.06293600017670542
12,MoE / MLP,10.226343998510856
12,Attention,1.257782001630403
12,Load base weight model.language_model.layers.20.mlp.shared_expert.gate_proj.weight,0.47129100130405277
12,Load base weight model.language_model.layers.20.mlp.shared_expert.up_proj.weight,0.3761489970202092
12,Load base weight model.language_model.layers.20.mlp.shared_expert.down_proj.weight,0.3798040015681181
12,Load base weight model.language_model.layers.20.mlp.shared_expert_gate.weight,0.045298002078197896
12,MoE / MLP,14.338082997710444
12,Attention,1.4200919977156445
12,Load base weight model.language_model.layers.21.mlp.shared_expert.gate_proj.weight,0.4116300005989615
12,Load base weight model.language_model.layers.21.mlp.shared_expert.up_proj.weight,0.33801800236687995
12,Load base weight model.language_model.layers.21.mlp.shared_expert.down_proj.weight,0.3690310004458297
12,Load base weight model.language_model.layers.21.mlp.shared_expert_gate.weight,0.05023199992137961
12,MoE / MLP,17.15603800039389
12,Attention,1.9098340017080773
12,Load base weight model.language_model.layers.22.mlp.shared_expert.gate_proj.weight,0.4955990007147193
12,Load base weight model.language_model.layers.22.mlp.shared_expert.up_proj.weight,0.37486499786609784
12,Load base weight model.language_model.layers.22.mlp.shared_expert.down_proj.weight,0.3676410015032161
12,Load base weight model.language_model.layers.22.mlp.shared_expert_gate.weight,0.0582350003242027
12,MoE / MLP,22.08142599920393
12,Attention,1.806405998650007
12,Load base weight model.language_model.layers.23.mlp.shared_expert.gate_proj.weight,0.5593589994532522
12,Load base weight model.language_model.layers.23.mlp.shared_expert.up_proj.weight,0.46211999870138243
12,Load base weight model.language_model.layers.23.mlp.shared_expert.down_proj.weight,0.39763699896866456
12,Load base weight model.language_model.layers.23.mlp.shared_expert_gate.weight,0.06534500062116422
12,MoE / MLP,22.895377998793265
12,Attention,2.2809849979239516
12,Load base weight model.language_model.layers.24.mlp.shared_expert.gate_proj.weight,0.5780059982498642
12,Load base weight model.language_model.layers.24.mlp.shared_expert.up_proj.weight,0.48481300109415315
12,Load base weight model.language_model.layers.24.mlp.shared_expert.down_proj.weight,0.42196200229227543
12,Load base weight model.language_model.layers.24.mlp.shared_expert_gate.weight,0.05880699973204173
12,MoE / MLP,22.235336000449024
12,Attention,1.87824399836245
12,Load base weight model.language_model.layers.25.mlp.shared_expert.gate_proj.weight,0.5576920011662878
12,Load base weight model.language_model.layers.25.mlp.shared_expert.up_proj.weight,0.44561399772646837
12,Load base weight model.language_model.layers.25.mlp.shared_expert.down_proj.weight,0.4741480006487109
12,Load base weight model.language_model.layers.25.mlp.shared_expert_gate.weight,0.06391099668690003
12,MoE / MLP,15.847954000491882
12,Attention,2.4242030012828764
12,Load base weight model.language_model.layers.26.mlp.shared_expert.gate_proj.weight,0.7074669993016869
12,Load base weight model.language_model.layers.26.mlp.shared_expert.up_proj.weight,0.5093729996588081
12,Load base weight model.language_model.layers.26.mlp.shared_expert.down_proj.weight,0.5103010007587727
12,Load base weight model.language_model.layers.26.mlp.shared_expert_gate.weight,0.09306500214734115
12,MoE / MLP,20.080435002455488
12,Attention,1.7679140000836924
12,Load base weight model.language_model.layers.27.mlp.shared_expert.gate_proj.weight,0.6260219997784588
12,Load base weight model.language_model.layers.27.mlp.shared_expert.up_proj.weight,0.4675489981309511
12,Load base weight model.language_model.layers.27.mlp.shared_expert.down_proj.weight,0.4129490007471759
12,Load base weight model.language_model.layers.27.mlp.shared_expert_gate.weight,0.06813800064264797
12,MoE / MLP,12.75057100065169
12,Attention,2.013558001635829
12,Load base weight model.language_model.layers.28.mlp.shared_expert.gate_proj.weight,0.5593869973381516
12,Load base weight model.language_model.layers.28.mlp.shared_expert.up_proj.weight,0.4860190019826405
12,Load base weight model.language_model.layers.28.mlp.shared_expert.down_proj.weight,0.4153970003244467
12,Load base weight model.language_model.layers.28.mlp.shared_expert_gate.weight,0.06933500117156655
12,MoE / MLP,15.16411199918366
12,Attention,1.9866930015268736
12,Load base weight model.language_model.layers.29.mlp.shared_expert.gate_proj.weight,0.5082299976493232
12,Load base weight model.language_model.layers.29.mlp.shared_expert.up_proj.weight,0.4429740001796745
12,Load base weight model.language_model.layers.29.mlp.shared_expert.down_proj.weight,0.45841500104870647
12,Load base weight model.language_model.layers.29.mlp.shared_expert_gate.weight,0.06053499964764342
12,MoE / MLP,24.192321998270927
12,Attention,2.5149579996650573
12,Load base weight model.language_model.layers.30.mlp.shared_expert.gate_proj.weight,0.6724240010953508
12,Load base weight model.language_model.layers.30.mlp.shared_expert.up_proj.weight,0.5364429998735432
12,Load base weight model.language_model.layers.30.mlp.shared_expert.down_proj.weight,0.46218900024541654
12,Load base weight model.language_model.layers.30.mlp.shared_expert_gate.weight,0.0671620000503026
12,MoE / MLP,29.364500001975102
12,Attention,1.6331480001099408
12,Load base weight model.language_model.layers.31.mlp.shared_expert.gate_proj.weight,0.580413998250151
12,Load base weight model.language_model.layers.31.mlp.shared_expert.up_proj.weight,0.45058799878461286
12,Load base weight model.language_model.layers.31.mlp.shared_expert.down_proj.weight,0.4588209994835779
12,Load base weight model.language_model.layers.31.mlp.shared_expert_gate.weight,0.06205600220710039
12,MoE / MLP,12.151695998909418
12,Attention,1.3854190001438837
12,Load base weight model.language_model.layers.32.mlp.shared_expert.gate_proj.weight,0.3977449996455107
12,Load base weight model.language_model.layers.32.mlp.shared_expert.up_proj.weight,0.334782998834271
12,Load base weight model.language_model.layers.32.mlp.shared_expert.down_proj.weight,0.32023900348576717
12,Load base weight model.language_model.layers.32.mlp.shared_expert_gate.weight,0.05246699947747402
12,MoE / MLP,12.71639900005539
12,Attention,1.271514000109164
12,Load base weight model.language_model.layers.33.mlp.shared_expert.gate_proj.weight,0.3953320010623429
12,Load base weight model.language_model.layers.33.mlp.shared_expert.up_proj.weight,0.31366400071419775
12,Load base weight model.language_model.layers.33.mlp.shared_expert.down_proj.weight,0.315301997034112
12,Load base weight model.language_model.layers.33.mlp.shared_expert_gate.weight,0.046403998567257077
12,MoE / MLP,14.305415999842808
12,Attention,2.0004200014227536
12,Load base weight model.language_model.layers.34.mlp.shared_expert.gate_proj.weight,0.5211689967836719
12,Load base weight model.language_model.layers.34.mlp.shared_expert.up_proj.weight,0.4173599991190713
12,Load base weight model.language_model.layers.34.mlp.shared_expert.down_proj.weight,0.4007639981864486
12,Load base weight model.language_model.layers.34.mlp.shared_expert_gate.weight,0.0674620023346506
12,MoE / MLP,10.811457999807317
12,Attention,0.911647999600973
12,Load base weight model.language_model.layers.35.mlp.shared_expert.gate_proj.weight,0.44523700125864707
12,Load base weight model.language_model.layers.35.mlp.shared_expert.up_proj.weight,0.6271839993132744
12,Load base weight model.language_model.layers.35.mlp.shared_expert.down_proj.weight,0.36054000156582333
12,Load base weight model.language_model.layers.35.mlp.shared_expert_gate.weight,0.04430399712873623
12,MoE / MLP,16.361432000849163
12,Attention,2.272427002026234
12,Load base weight model.language_model.layers.36.mlp.shared_expert.gate_proj.weight,0.6499709998024628
12,Load base weight model.language_model.layers.36.mlp.shared_expert.up_proj.weight,0.5020950011385139
12,Load base weight model.language_model.layers.36.mlp.shared_expert.down_proj.weight,0.45193700134404935
12,Load base weight model.language_model.layers.36.mlp.shared_expert_gate.weight,0.07445300070685335
12,MoE / MLP,19.08684599766275
12,Attention,2.6216709993605036
12,Load base weight model.language_model.layers.37.mlp.shared_expert.gate_proj.weight,0.6325579997792374
12,Load base weight model.language_model.layers.37.mlp.shared_expert.up_proj.weight,0.5030009997426532
12,Load base weight model.language_model.layers.37.mlp.shared_expert.down_proj.weight,0.45985900214873254
12,Load base weight model.language_model.layers.37.mlp.shared_expert_gate.weight,0.07837399971322156
12,MoE / MLP,24.507909001840744
12,Attention,2.5332080003863666
12,Load base weight model.language_model.layers.38.mlp.shared_expert.gate_proj.weight,0.7213329990918282
12,Load base weight model.language_model.layers.38.mlp.shared_expert.up_proj.weight,0.49897400094778277
12,Load base weight model.language_model.layers.38.mlp.shared_expert.down_proj.weight,0.4967740023857914
12,Load base weight model.language_model.layers.38.mlp.shared_expert_gate.weight,0.07455200102413073
12,MoE / MLP,18.13986400156864
12,Attention,1.78684499769588
12,Load base weight model.language_model.layers.39.mlp.shared_expert.gate_proj.weight,0.597570000536507
12,Load base weight model.language_model.layers.39.mlp.shared_expert.up_proj.weight,0.4624129978765268
12,Load base weight model.language_model.layers.39.mlp.shared_expert.down_proj.weight,0.4490450010052882
12,Load base weight model.language_model.layers.39.mlp.shared_expert_gate.weight,0.07219599865493365
12,MoE / MLP,18.48524800152518
12,Router,0.3041279911994934
12,MoE Decode Loop,29.481599807739258
12,Router,0.2499839961528778
12,MoE Decode Loop,26.3272647857666
12,Router,0.3041279911994934
12,MoE Decode Loop,21.094655990600586
12,Router,0.270112007856369
12,MoE Decode Loop,24.229631423950195
12,Router,0.2744320034980774
12,MoE Decode Loop,17.523231506347656
12,Router,0.24371199309825897
12,MoE Decode Loop,26.776159286499023
12,Router,0.319487988948822
12,MoE Decode Loop,27.63363265991211
12,Router,0.32870399951934814
12,MoE Decode Loop,27.567424774169922
12,Router,0.2549760043621063
12,MoE Decode Loop,12.46070384979248
12,Router,0.19139200448989868
12,MoE Decode Loop,8.210559844970703
12,Router,0.187391996383667
12,MoE Decode Loop,16.369312286376953
12,Router,0.21728000044822693
12,MoE Decode Loop,15.769503593444824
12,Router,0.2479040026664734
12,MoE Decode Loop,18.733728408813477
12,Router,0.3694080114364624
12,MoE Decode Loop,20.474496841430664
12,Router,0.2696959972381592
12,MoE Decode Loop,16.653791427612305
12,Router,0.1884160041809082
12,MoE Decode Loop,9.85587215423584
12,Router,0.1945279985666275
12,MoE Decode Loop,12.447711944580078
12,Router,0.1921599954366684
12,MoE Decode Loop,17.465280532836914
12,Router,0.2961600124835968
12,MoE Decode Loop,17.5100154876709
12,Router,0.2987839877605438
12,MoE Decode Loop,10.31004810333252
12,Router,0.15769599378108978
12,MoE Decode Loop,14.638143539428711
12,Router,0.1812479943037033
12,MoE Decode Loop,17.179616928100586
12,Router,0.2242880016565323
12,MoE Decode Loop,21.72368049621582
12,Router,0.27881601452827454
12,MoE Decode Loop,22.460159301757812
12,Router,0.25702399015426636
12,MoE Decode Loop,22.022432327270508
12,Router,0.23347200453281403
12,MoE Decode Loop,15.411775588989258
12,Router,0.32870399951934814
12,MoE Decode Loop,19.66339111328125
12,Router,0.2815999984741211
12,MoE Decode Loop,12.57420825958252
12,Router,0.2611199915409088
12,MoE Decode Loop,14.906975746154785
12,Router,0.24358400702476501
12,MoE Decode Loop,23.778079986572266
12,Router,0.3033599853515625
12,MoE Decode Loop,28.855648040771484
12,Router,0.26214399933815
12,MoE Decode Loop,12.274368286132812
12,Router,0.15958400070667267
12,MoE Decode Loop,13.104607582092285
12,Router,0.159743994474411
12,MoE Decode Loop,14.430015563964844
12,Router,0.26105600595474243
12,MoE Decode Loop,11.01683235168457
12,Router,0.16249600052833557
12,MoE Decode Loop,16.374431610107422
12,Router,0.29308798909187317
12,MoE Decode Loop,18.662399291992188
12,Router,0.3235839903354645
12,MoE Decode Loop,24.035615921020508
12,Router,0.3164159953594208
12,MoE Decode Loop,17.610559463500977
12,Router,0.2967680096626282
12,MoE Decode Loop,17.949600219726562
12,Norm,0.40252798795700073
12,LM Head,6.325247764587402
13,Attention,2.163868000934599
13,Load base weight model.language_model.layers.0.mlp.shared_expert.gate_proj.weight,0.691948996973224
13,Load base weight model.language_model.layers.0.mlp.shared_expert.up_proj.weight,0.485164000565419
13,Load base weight model.language_model.layers.0.mlp.shared_expert.down_proj.weight,0.5030259999330156
13,Load base weight model.language_model.layers.0.mlp.shared_expert_gate.weight,0.06847999975434504
13,MoE / MLP,33.09460699892952
13,Attention,2.4466199974995106
13,Load base weight model.language_model.layers.1.mlp.shared_expert.gate_proj.weight,0.6532469997182488
13,Load base weight model.language_model.layers.1.mlp.shared_expert.up_proj.weight,0.4412239977682475
13,Load base weight model.language_model.layers.1.mlp.shared_expert.down_proj.weight,0.42930899871862493
13,Load base weight model.language_model.layers.1.mlp.shared_expert_gate.weight,0.07657099922653288
13,MoE / MLP,27.05696200064267
13,Attention,2.6830319984583184
13,Load base weight model.language_model.layers.2.mlp.shared_expert.gate_proj.weight,0.679395001498051
13,Load base weight model.language_model.layers.2.mlp.shared_expert.up_proj.weight,0.5737270003010053
13,Load base weight model.language_model.layers.2.mlp.shared_expert.down_proj.weight,0.5244490021141246
13,Load base weight model.language_model.layers.2.mlp.shared_expert_gate.weight,0.0697899995429907
13,MoE / MLP,40.44876700208988
13,Attention,1.6824119993543718
13,Load base weight model.language_model.layers.3.mlp.shared_expert.gate_proj.weight,0.7160889981605578
13,Load base weight model.language_model.layers.3.mlp.shared_expert.up_proj.weight,0.48323700320906937
13,Load base weight model.language_model.layers.3.mlp.shared_expert.down_proj.weight,0.4644820000976324
13,Load base weight model.language_model.layers.3.mlp.shared_expert_gate.weight,0.06663800013484433
13,MoE / MLP,20.135568996920483
13,Attention,2.1297279999998864
13,Load base weight model.language_model.layers.4.mlp.shared_expert.gate_proj.weight,0.5672850020346232
13,Load base weight model.language_model.layers.4.mlp.shared_expert.up_proj.weight,0.5418379987531807
13,Load base weight model.language_model.layers.4.mlp.shared_expert.down_proj.weight,0.5316940005286597
13,Load base weight model.language_model.layers.4.mlp.shared_expert_gate.weight,0.06615800157305785
13,MoE / MLP,19.90453300095396
13,Attention,2.1840199988218956
13,Load base weight model.language_model.layers.5.mlp.shared_expert.gate_proj.weight,0.6520679999084678
13,Load base weight model.language_model.layers.5.mlp.shared_expert.up_proj.weight,0.4950160000589676
13,Load base weight model.language_model.layers.5.mlp.shared_expert.down_proj.weight,0.4980160010745749
13,Load base weight model.language_model.layers.5.mlp.shared_expert_gate.weight,0.07241099956445396
13,MoE / MLP,36.380036999617005
13,Attention,2.3318780004046857
13,Load base weight model.language_model.layers.6.mlp.shared_expert.gate_proj.weight,0.629906000540359
13,Load base weight model.language_model.layers.6.mlp.shared_expert.up_proj.weight,0.5272080015856773
13,Load base weight model.language_model.layers.6.mlp.shared_expert.down_proj.weight,0.48077699830173515
13,Load base weight model.language_model.layers.6.mlp.shared_expert_gate.weight,0.09174800288747065
13,MoE / MLP,29.672860000573564
13,Attention,1.8965229974128306
13,Load base weight model.language_model.layers.7.mlp.shared_expert.gate_proj.weight,0.6913930010341574
13,Load base weight model.language_model.layers.7.mlp.shared_expert.up_proj.weight,0.5359940005291719
13,Load base weight model.language_model.layers.7.mlp.shared_expert.down_proj.weight,0.5073339998489246
13,Load base weight model.language_model.layers.7.mlp.shared_expert_gate.weight,0.08517499736626633
13,MoE / MLP,20.011124997836305
13,Attention,2.466469999490073
13,Load base weight model.language_model.layers.8.mlp.shared_expert.gate_proj.weight,0.6574610015377402
13,Load base weight model.language_model.layers.8.mlp.shared_expert.up_proj.weight,0.5528330002562143
13,Load base weight model.language_model.layers.8.mlp.shared_expert.down_proj.weight,0.502049002534477
13,Load base weight model.language_model.layers.8.mlp.shared_expert_gate.weight,0.08190299922716804
13,MoE / MLP,42.60696599885705
13,Attention,2.4174120007955935
13,Load base weight model.language_model.layers.9.mlp.shared_expert.gate_proj.weight,0.6470369989983737
13,Load base weight model.language_model.layers.9.mlp.shared_expert.up_proj.weight,0.4908150003757328
13,Load base weight model.language_model.layers.9.mlp.shared_expert.down_proj.weight,0.4506539989961311
13,Load base weight model.language_model.layers.9.mlp.shared_expert_gate.weight,0.07854800060158595
13,MoE / MLP,21.912093998253113
13,Attention,2.1759699993708637
13,Load base weight model.language_model.layers.10.mlp.shared_expert.gate_proj.weight,0.5694979990948923
13,Load base weight model.language_model.layers.10.mlp.shared_expert.up_proj.weight,0.42213699998683296
13,Load base weight model.language_model.layers.10.mlp.shared_expert.down_proj.weight,0.4084920001332648
13,Load base weight model.language_model.layers.10.mlp.shared_expert_gate.weight,0.0704100020811893
13,MoE / MLP,26.39677300248877
13,Attention,1.4817390001553576
13,Load base weight model.language_model.layers.11.mlp.shared_expert.gate_proj.weight,0.5688279998139478
13,Load base weight model.language_model.layers.11.mlp.shared_expert.up_proj.weight,0.43944199933321215
13,Load base weight model.language_model.layers.11.mlp.shared_expert.down_proj.weight,0.41842900100164115
13,Load base weight model.language_model.layers.11.mlp.shared_expert_gate.weight,0.06785000005038455
13,MoE / MLP,34.8829829999886
13,Attention,2.200655002525309
13,Load base weight model.language_model.layers.12.mlp.shared_expert.gate_proj.weight,0.671204998070607
13,Load base weight model.language_model.layers.12.mlp.shared_expert.up_proj.weight,0.4920680003124289
13,Load base weight model.language_model.layers.12.mlp.shared_expert.down_proj.weight,0.46272400140878744
13,Load base weight model.language_model.layers.12.mlp.shared_expert_gate.weight,0.06354600191116333
13,MoE / MLP,22.78917700095917
13,Attention,2.3769619983795565
13,Load base weight model.language_model.layers.13.mlp.shared_expert.gate_proj.weight,0.6818080000812188
13,Load base weight model.language_model.layers.13.mlp.shared_expert.up_proj.weight,0.5019980017095804
13,Load base weight model.language_model.layers.13.mlp.shared_expert.down_proj.weight,0.4524140022112988
13,Load base weight model.language_model.layers.13.mlp.shared_expert_gate.weight,0.07183300112956204
13,MoE / MLP,20.73679000022821
13,Attention,1.903256998048164
13,Load base weight model.language_model.layers.14.mlp.shared_expert.gate_proj.weight,0.5926550002186559
13,Load base weight model.language_model.layers.14.mlp.shared_expert.up_proj.weight,0.4454420013644267
13,Load base weight model.language_model.layers.14.mlp.shared_expert.down_proj.weight,0.45429799865814857
13,Load base weight model.language_model.layers.14.mlp.shared_expert_gate.weight,0.06603600195376202
13,MoE / MLP,11.077761002525222
13,Attention,1.4077020023250952
13,Load base weight model.language_model.layers.15.mlp.shared_expert.gate_proj.weight,0.574656998651335
13,Load base weight model.language_model.layers.15.mlp.shared_expert.up_proj.weight,0.44526700003189035
13,Load base weight model.language_model.layers.15.mlp.shared_expert.down_proj.weight,0.4747239981952589
13,Load base weight model.language_model.layers.15.mlp.shared_expert_gate.weight,0.0642970007902477
13,MoE / MLP,21.209038997767493
13,Attention,2.104414001223631
13,Load base weight model.language_model.layers.16.mlp.shared_expert.gate_proj.weight,0.5562409969570581
13,Load base weight model.language_model.layers.16.mlp.shared_expert.up_proj.weight,0.45749299897579476
13,Load base weight model.language_model.layers.16.mlp.shared_expert.down_proj.weight,0.4426890009199269
13,Load base weight model.language_model.layers.16.mlp.shared_expert_gate.weight,0.06602299981750548
13,MoE / MLP,15.160524999373592
13,Attention,1.8393600003037136
13,Load base weight model.language_model.layers.17.mlp.shared_expert.gate_proj.weight,0.710924003215041
13,Load base weight model.language_model.layers.17.mlp.shared_expert.up_proj.weight,0.47485100003541447
13,Load base weight model.language_model.layers.17.mlp.shared_expert.down_proj.weight,0.5510829978447873
13,Load base weight model.language_model.layers.17.mlp.shared_expert_gate.weight,0.06737299918313511
13,MoE / MLP,13.076377999823308
13,Attention,2.029077000770485
13,Load base weight model.language_model.layers.18.mlp.shared_expert.gate_proj.weight,0.5504430009750649
13,Load base weight model.language_model.layers.18.mlp.shared_expert.up_proj.weight,0.41981100002885796
13,Load base weight model.language_model.layers.18.mlp.shared_expert.down_proj.weight,0.41144500210066326
13,Load base weight model.language_model.layers.18.mlp.shared_expert_gate.weight,0.07105600161594339
13,MoE / MLP,16.628144003334455
13,Attention,1.4923019989510067
13,Load base weight model.language_model.layers.19.mlp.shared_expert.gate_proj.weight,0.5470960022648796
13,Load base weight model.language_model.layers.19.mlp.shared_expert.up_proj.weight,0.4319539984862786
13,Load base weight model.language_model.layers.19.mlp.shared_expert.down_proj.weight,0.41438499829382636
13,Load base weight model.language_model.layers.19.mlp.shared_expert_gate.weight,0.06817399844294414
13,MoE / MLP,22.057611000491306
13,Attention,2.0302349985286128
13,Load base weight model.language_model.layers.20.mlp.shared_expert.gate_proj.weight,0.5346400030248333
13,Load base weight model.language_model.layers.20.mlp.shared_expert.up_proj.weight,0.42600899905664846
13,Load base weight model.language_model.layers.20.mlp.shared_expert.down_proj.weight,0.39563500104122795
13,Load base weight model.language_model.layers.20.mlp.shared_expert_gate.weight,0.06873600068502128
13,MoE / MLP,22.7070190012455
13,Attention,1.632876999792643
13,Load base weight model.language_model.layers.21.mlp.shared_expert.gate_proj.weight,0.47044399980222806
13,Load base weight model.language_model.layers.21.mlp.shared_expert.up_proj.weight,0.41184000292560086
13,Load base weight model.language_model.layers.21.mlp.shared_expert.down_proj.weight,0.381452999135945
13,Load base weight model.language_model.layers.21.mlp.shared_expert_gate.weight,0.04870900011155754
13,MoE / MLP,28.586943000846077
13,Attention,2.4870059969543945
13,Load base weight model.language_model.layers.22.mlp.shared_expert.gate_proj.weight,0.7564109982922673
13,Load base weight model.language_model.layers.22.mlp.shared_expert.up_proj.weight,0.5177860002731904
13,Load base weight model.language_model.layers.22.mlp.shared_expert.down_proj.weight,0.4985679988749325
13,Load base weight model.language_model.layers.22.mlp.shared_expert_gate.weight,0.08165799954440445
13,MoE / MLP,45.68058799850405
13,Attention,1.8367320008110255
13,Load base weight model.language_model.layers.23.mlp.shared_expert.gate_proj.weight,0.655567000649171
13,Load base weight model.language_model.layers.23.mlp.shared_expert.up_proj.weight,1.9381259990041144
13,Load base weight model.language_model.layers.23.mlp.shared_expert.down_proj.weight,0.5004810009268112
13,Load base weight model.language_model.layers.23.mlp.shared_expert_gate.weight,0.08646399874123745
13,MoE / MLP,49.03936299888301
13,Attention,3.7195459990471136
13,Load base weight model.language_model.layers.24.mlp.shared_expert.gate_proj.weight,0.9678390015324112
13,Load base weight model.language_model.layers.24.mlp.shared_expert.up_proj.weight,0.7518330021412112
13,Load base weight model.language_model.layers.24.mlp.shared_expert.down_proj.weight,0.6838350018369965
13,Load base weight model.language_model.layers.24.mlp.shared_expert_gate.weight,0.1707480005279649
13,MoE / MLP,24.756571001489647
13,Attention,2.867481001885608
13,Load base weight model.language_model.layers.25.mlp.shared_expert.gate_proj.weight,0.6873670026834588
13,Load base weight model.language_model.layers.25.mlp.shared_expert.up_proj.weight,0.535840998054482
13,Load base weight model.language_model.layers.25.mlp.shared_expert.down_proj.weight,0.5163970017747488
13,Load base weight model.language_model.layers.25.mlp.shared_expert_gate.weight,0.08614500256953761
13,MoE / MLP,25.411541002540616
13,Attention,2.1763539989478886
13,Load base weight model.language_model.layers.26.mlp.shared_expert.gate_proj.weight,0.5824879990541376
13,Load base weight model.language_model.layers.26.mlp.shared_expert.up_proj.weight,0.44734000039170496
13,Load base weight model.language_model.layers.26.mlp.shared_expert.down_proj.weight,0.45411300015985034
13,Load base weight model.language_model.layers.26.mlp.shared_expert_gate.weight,0.06681300146738067
13,MoE / MLP,13.612553000712069
13,Attention,1.5174020008998923
13,Load base weight model.language_model.layers.27.mlp.shared_expert.gate_proj.weight,0.5957559988019057
13,Load base weight model.language_model.layers.27.mlp.shared_expert.up_proj.weight,0.5028699997637887
13,Load base weight model.language_model.layers.27.mlp.shared_expert.down_proj.weight,0.5317029972502496
13,Load base weight model.language_model.layers.27.mlp.shared_expert_gate.weight,0.0701870012562722
13,MoE / MLP,22.15162599895848
13,Attention,2.4108170000545215
13,Load base weight model.language_model.layers.28.mlp.shared_expert.gate_proj.weight,0.6667400011792779
13,Load base weight model.language_model.layers.28.mlp.shared_expert.up_proj.weight,0.49501700050313957
13,Load base weight model.language_model.layers.28.mlp.shared_expert.down_proj.weight,0.4527279998001177
13,Load base weight model.language_model.layers.28.mlp.shared_expert_gate.weight,0.08327000250574201
13,MoE / MLP,19.47221899899887
13,Attention,2.252253998449305
13,Load base weight model.language_model.layers.29.mlp.shared_expert.gate_proj.weight,0.6017449995852076
13,Load base weight model.language_model.layers.29.mlp.shared_expert.up_proj.weight,0.4568130025290884
13,Load base weight model.language_model.layers.29.mlp.shared_expert.down_proj.weight,0.4364300002634991
13,Load base weight model.language_model.layers.29.mlp.shared_expert_gate.weight,0.09045399929163978
13,MoE / MLP,21.485055000084685
13,Attention,2.323025000805501
13,Load base weight model.language_model.layers.30.mlp.shared_expert.gate_proj.weight,0.6385599990608171
13,Load base weight model.language_model.layers.30.mlp.shared_expert.up_proj.weight,0.5127629992784932
13,Load base weight model.language_model.layers.30.mlp.shared_expert.down_proj.weight,0.4747259990836028
13,Load base weight model.language_model.layers.30.mlp.shared_expert_gate.weight,0.07583200203953311
13,MoE / MLP,22.32794500014279
13,Attention,1.737081998726353
13,Load base weight model.language_model.layers.31.mlp.shared_expert.gate_proj.weight,0.6460959994001314
13,Load base weight model.language_model.layers.31.mlp.shared_expert.up_proj.weight,0.5073339998489246
13,Load base weight model.language_model.layers.31.mlp.shared_expert.down_proj.weight,0.47845899825915694
13,Load base weight model.language_model.layers.31.mlp.shared_expert_gate.weight,0.07796999852871522
13,MoE / MLP,36.09710100135999
13,Attention,2.675623996765353
13,Load base weight model.language_model.layers.32.mlp.shared_expert.gate_proj.weight,0.7544709987996612
13,Load base weight model.language_model.layers.32.mlp.shared_expert.up_proj.weight,0.5389060024754144
13,Load base weight model.language_model.layers.32.mlp.shared_expert.down_proj.weight,0.5159970023669302
13,Load base weight model.language_model.layers.32.mlp.shared_expert_gate.weight,0.08861700189299881
13,MoE / MLP,27.205496000533458
13,Attention,2.9500880009436514
13,Load base weight model.language_model.layers.33.mlp.shared_expert.gate_proj.weight,0.6909340008860454
13,Load base weight model.language_model.layers.33.mlp.shared_expert.up_proj.weight,0.5364130011002999
13,Load base weight model.language_model.layers.33.mlp.shared_expert.down_proj.weight,0.47522100066998973
13,Load base weight model.language_model.layers.33.mlp.shared_expert_gate.weight,0.08310100020025857
13,MoE / MLP,39.64131700195139
13,Attention,2.473668002494378
13,Load base weight model.language_model.layers.34.mlp.shared_expert.gate_proj.weight,0.6506509998871479
13,Load base weight model.language_model.layers.34.mlp.shared_expert.up_proj.weight,0.5672429979313165
13,Load base weight model.language_model.layers.34.mlp.shared_expert.down_proj.weight,0.5242650004220195
13,Load base weight model.language_model.layers.34.mlp.shared_expert_gate.weight,0.07977099812706001
13,MoE / MLP,118.00053300248692
13,Attention,2.479880000464618
13,Load base weight model.language_model.layers.35.mlp.shared_expert.gate_proj.weight,0.8977949983091094
13,Load base weight model.language_model.layers.35.mlp.shared_expert.up_proj.weight,0.6452510024246294
13,Load base weight model.language_model.layers.35.mlp.shared_expert.down_proj.weight,0.5954100015514996
13,Load base weight model.language_model.layers.35.mlp.shared_expert_gate.weight,0.11959499897784553
13,MoE / MLP,21.117522999702487
13,Attention,2.4626300000818446
13,Load base weight model.language_model.layers.36.mlp.shared_expert.gate_proj.weight,0.7369810009549838
13,Load base weight model.language_model.layers.36.mlp.shared_expert.up_proj.weight,0.6589990007341839
13,Load base weight model.language_model.layers.36.mlp.shared_expert.down_proj.weight,0.5357959998946171
13,Load base weight model.language_model.layers.36.mlp.shared_expert_gate.weight,0.08887299918569624
13,MoE / MLP,31.37565599899972
13,Attention,2.3875879996921867
13,Load base weight model.language_model.layers.37.mlp.shared_expert.gate_proj.weight,0.64061800003401
13,Load base weight model.language_model.layers.37.mlp.shared_expert.up_proj.weight,0.5205460001889151
13,Load base weight model.language_model.layers.37.mlp.shared_expert.down_proj.weight,0.5087190002086572
13,Load base weight model.language_model.layers.37.mlp.shared_expert_gate.weight,0.07384699711110443
13,MoE / MLP,27.79109199764207
13,Attention,2.331714000320062
13,Load base weight model.language_model.layers.38.mlp.shared_expert.gate_proj.weight,0.6306100003712345
13,Load base weight model.language_model.layers.38.mlp.shared_expert.up_proj.weight,0.49146300079883076
13,Load base weight model.language_model.layers.38.mlp.shared_expert.down_proj.weight,0.5025700011174195
13,Load base weight model.language_model.layers.38.mlp.shared_expert_gate.weight,0.07455399827449583
13,MoE / MLP,22.058769998693606
13,Attention,1.7197489978570957
13,Load base weight model.language_model.layers.39.mlp.shared_expert.gate_proj.weight,0.5906450023758225
13,Load base weight model.language_model.layers.39.mlp.shared_expert.up_proj.weight,0.48581800001556985
13,Load base weight model.language_model.layers.39.mlp.shared_expert.down_proj.weight,0.4491060026339255
13,Load base weight model.language_model.layers.39.mlp.shared_expert_gate.weight,0.07419499888783321
13,MoE / MLP,25.713262999488506
13,Router,0.2887679934501648
13,MoE Decode Loop,32.66774368286133
13,Router,0.297760009765625
13,MoE Decode Loop,26.540864944458008
13,Router,0.3203200101852417
13,MoE Decode Loop,39.92620849609375
13,Router,0.31219199299812317
13,MoE Decode Loop,19.653919219970703
13,Router,0.24697600305080414
13,MoE Decode Loop,19.70172882080078
13,Router,0.2754560112953186
13,MoE Decode Loop,35.99033737182617
13,Router,0.31539198756217957
13,MoE Decode Loop,29.148544311523438
13,Router,0.31334400177001953
13,MoE Decode Loop,19.534847259521484
13,Router,0.2876800000667572
13,MoE Decode Loop,41.990177154541016
13,Router,0.30003198981285095
13,MoE Decode Loop,21.34931182861328
13,Router,0.254720002412796
13,MoE Decode Loop,26.194944381713867
13,Router,0.25283199548721313
13,MoE Decode Loop,34.47993469238281
13,Router,0.3020800054073334
13,MoE Decode Loop,22.263456344604492
13,Router,0.3084479868412018
13,MoE Decode Loop,20.44393539428711
13,Router,0.24063999950885773
13,MoE Decode Loop,11.013952255249023
13,Router,0.2385919988155365
13,MoE Decode Loop,20.99395179748535
13,Router,0.2428479939699173
13,MoE Decode Loop,15.05519962310791
13,Router,0.23244799673557281
13,MoE Decode Loop,12.915136337280273
13,Router,0.24780799448490143
13,MoE Decode Loop,16.502944946289062
13,Router,0.2478400021791458
13,MoE Decode Loop,21.819360733032227
13,Router,0.2662400007247925
13,MoE Decode Loop,22.601119995117188
13,Router,0.19353599846363068
13,MoE Decode Loop,28.29702377319336
13,Router,0.3320319950580597
13,MoE Decode Loop,45.16681671142578
13,Router,0.3092480003833771
13,MoE Decode Loop,48.35887908935547
13,Router,0.7393280267715454
13,MoE Decode Loop,23.155839920043945
13,Router,0.34303998947143555
13,MoE Decode Loop,24.880064010620117
13,Router,0.28467199206352234
13,MoE Decode Loop,13.400032043457031
13,Router,0.2662400007247925
13,MoE Decode Loop,21.810720443725586
13,Router,0.30003198981285095
13,MoE Decode Loop,19.09823989868164
13,Router,0.3019840121269226
13,MoE Decode Loop,21.06003189086914
13,Router,0.2959359884262085
13,MoE Decode Loop,21.899263381958008
13,Router,0.29388800263404846
13,MoE Decode Loop,35.57136154174805
13,Router,0.3431040048599243
13,MoE Decode Loop,26.52672004699707
13,Router,0.34508800506591797
13,MoE Decode Loop,38.96681594848633
13,Router,0.31334400177001953
13,MoE Decode Loop,117.18038177490234
13,Router,0.4044800102710724
13,MoE Decode Loop,20.400928497314453
13,Router,0.3246079981327057
13,MoE Decode Loop,30.814720153808594
13,Router,0.3020800054073334
13,MoE Decode Loop,27.30499267578125
13,Router,0.2940160036087036
13,MoE Decode Loop,21.649919509887695
13,Router,0.317440003156662
13,MoE Decode Loop,25.261695861816406
13,Norm,0.3491840064525604
13,LM Head,6.323200225830078
14,Attention,2.4948879981820937
14,Load base weight model.language_model.layers.0.mlp.shared_expert.gate_proj.weight,0.8341530010511633
14,Load base weight model.language_model.layers.0.mlp.shared_expert.up_proj.weight,0.5299600015860051
14,Load base weight model.language_model.layers.0.mlp.shared_expert.down_proj.weight,0.5380809998314362
14,Load base weight model.language_model.layers.0.mlp.shared_expert_gate.weight,0.08003699986147694
14,MoE / MLP,28.793315999791957
14,Attention,2.5024339993251488
14,Load base weight model.language_model.layers.1.mlp.shared_expert.gate_proj.weight,0.703491001331713
14,Load base weight model.language_model.layers.1.mlp.shared_expert.up_proj.weight,0.5488579990924336
14,Load base weight model.language_model.layers.1.mlp.shared_expert.down_proj.weight,0.4970699992554728
14,Load base weight model.language_model.layers.1.mlp.shared_expert_gate.weight,0.09851600043475628
14,MoE / MLP,39.92131999984849
14,Attention,2.403508999123005
14,Load base weight model.language_model.layers.2.mlp.shared_expert.gate_proj.weight,0.6206870020832866
14,Load base weight model.language_model.layers.2.mlp.shared_expert.up_proj.weight,0.5685220021405257
14,Load base weight model.language_model.layers.2.mlp.shared_expert.down_proj.weight,0.504920997627778
14,Load base weight model.language_model.layers.2.mlp.shared_expert_gate.weight,0.10472100257175043
14,MoE / MLP,25.154041999485344
14,Attention,2.541777997976169
14,Load base weight model.language_model.layers.3.mlp.shared_expert.gate_proj.weight,0.7244389998959377
14,Load base weight model.language_model.layers.3.mlp.shared_expert.up_proj.weight,0.5943360010860488
14,Load base weight model.language_model.layers.3.mlp.shared_expert.down_proj.weight,0.5707169984816574
14,Load base weight model.language_model.layers.3.mlp.shared_expert_gate.weight,0.08598999920650385
14,MoE / MLP,28.087762999348342
14,Attention,2.4197539969463833
14,Load base weight model.language_model.layers.4.mlp.shared_expert.gate_proj.weight,0.8170690016413573
14,Load base weight model.language_model.layers.4.mlp.shared_expert.up_proj.weight,0.6493790024251211
14,Load base weight model.language_model.layers.4.mlp.shared_expert.down_proj.weight,0.6370679984684102
14,Load base weight model.language_model.layers.4.mlp.shared_expert_gate.weight,0.0770070000726264
14,MoE / MLP,24.596875002316665
14,Attention,2.242111000668956
14,Load base weight model.language_model.layers.5.mlp.shared_expert.gate_proj.weight,0.5875490023754537
14,Load base weight model.language_model.layers.5.mlp.shared_expert.up_proj.weight,0.5243739979050588
14,Load base weight model.language_model.layers.5.mlp.shared_expert.down_proj.weight,0.49958100134972483
14,Load base weight model.language_model.layers.5.mlp.shared_expert_gate.weight,0.07423900024150498
14,MoE / MLP,20.289477000915213
14,Attention,2.2360550028679427
14,Load base weight model.language_model.layers.6.mlp.shared_expert.gate_proj.weight,0.6429940003727097
14,Load base weight model.language_model.layers.6.mlp.shared_expert.up_proj.weight,0.49247999777435325
14,Load base weight model.language_model.layers.6.mlp.shared_expert.down_proj.weight,0.5573169983108528
14,Load base weight model.language_model.layers.6.mlp.shared_expert_gate.weight,0.07619300231453963
14,MoE / MLP,29.069788000924746
14,Attention,1.9046720008191187
14,Load base weight model.language_model.layers.7.mlp.shared_expert.gate_proj.weight,0.6830059974163305
14,Load base weight model.language_model.layers.7.mlp.shared_expert.up_proj.weight,0.49690100058796816
14,Load base weight model.language_model.layers.7.mlp.shared_expert.down_proj.weight,0.498052999319043
14,Load base weight model.language_model.layers.7.mlp.shared_expert_gate.weight,0.07695900058024563
14,MoE / MLP,28.19556399845169
14,Attention,2.4664880002092104
14,Load base weight model.language_model.layers.8.mlp.shared_expert.gate_proj.weight,0.7906020000518765
14,Load base weight model.language_model.layers.8.mlp.shared_expert.up_proj.weight,0.6694860021525528
14,Load base weight model.language_model.layers.8.mlp.shared_expert.down_proj.weight,0.5879420023120474
14,Load base weight model.language_model.layers.8.mlp.shared_expert_gate.weight,0.07607799852848984
14,MoE / MLP,23.394746000121813
14,Attention,2.437858001940185
14,Load base weight model.language_model.layers.9.mlp.shared_expert.gate_proj.weight,0.6911939999554306
14,Load base weight model.language_model.layers.9.mlp.shared_expert.up_proj.weight,0.6372110001393594
14,Load base weight model.language_model.layers.9.mlp.shared_expert.down_proj.weight,0.5726480012526736
14,Load base weight model.language_model.layers.9.mlp.shared_expert_gate.weight,0.07745200127828866
14,MoE / MLP,20.968319000530755
14,Attention,1.916178000101354
14,Load base weight model.language_model.layers.10.mlp.shared_expert.gate_proj.weight,0.5486730005941354
14,Load base weight model.language_model.layers.10.mlp.shared_expert.up_proj.weight,0.4608109993569087
14,Load base weight model.language_model.layers.10.mlp.shared_expert.down_proj.weight,0.43200799700571224
14,Load base weight model.language_model.layers.10.mlp.shared_expert_gate.weight,0.062322000303538516
14,MoE / MLP,27.35749600105919
14,Attention,1.7630690017540473
14,Load base weight model.language_model.layers.11.mlp.shared_expert.gate_proj.weight,0.5728789983550087
14,Load base weight model.language_model.layers.11.mlp.shared_expert.up_proj.weight,0.4590559983626008
14,Load base weight model.language_model.layers.11.mlp.shared_expert.down_proj.weight,0.44833499850938097
14,Load base weight model.language_model.layers.11.mlp.shared_expert_gate.weight,0.06596000093850307
14,MoE / MLP,20.26275999742211
14,Attention,1.9857910010614432
14,Load base weight model.language_model.layers.12.mlp.shared_expert.gate_proj.weight,0.5341120013326872
14,Load base weight model.language_model.layers.12.mlp.shared_expert.up_proj.weight,0.4723470010503661
14,Load base weight model.language_model.layers.12.mlp.shared_expert.down_proj.weight,0.44607100062421523
14,Load base weight model.language_model.layers.12.mlp.shared_expert_gate.weight,0.06336699880193919
14,MoE / MLP,18.37285099827568
14,Attention,1.833624999562744
14,Load base weight model.language_model.layers.13.mlp.shared_expert.gate_proj.weight,0.5781420004495885
14,Load base weight model.language_model.layers.13.mlp.shared_expert.up_proj.weight,0.4128639993723482
14,Load base weight model.language_model.layers.13.mlp.shared_expert.down_proj.weight,0.4043279986944981
14,Load base weight model.language_model.layers.13.mlp.shared_expert_gate.weight,0.06567399759660475
14,MoE / MLP,13.833475000865292
14,Attention,1.970253997569671
14,Load base weight model.language_model.layers.14.mlp.shared_expert.gate_proj.weight,0.5506240013346542
14,Load base weight model.language_model.layers.14.mlp.shared_expert.up_proj.weight,0.4167990009591449
14,Load base weight model.language_model.layers.14.mlp.shared_expert.down_proj.weight,0.4023669971502386
14,Load base weight model.language_model.layers.14.mlp.shared_expert_gate.weight,0.0718930023140274
14,MoE / MLP,37.094300001626834
14,Attention,1.6176240023924038
14,Load base weight model.language_model.layers.15.mlp.shared_expert.gate_proj.weight,0.5503690008481499
14,Load base weight model.language_model.layers.15.mlp.shared_expert.up_proj.weight,0.4377549994387664
14,Load base weight model.language_model.layers.15.mlp.shared_expert.down_proj.weight,0.4137070027354639
14,Load base weight model.language_model.layers.15.mlp.shared_expert_gate.weight,0.06485999983851798
14,MoE / MLP,18.87856100074714
14,Attention,1.4769139997952152
14,Load base weight model.language_model.layers.16.mlp.shared_expert.gate_proj.weight,0.4357110010460019
14,Load base weight model.language_model.layers.16.mlp.shared_expert.up_proj.weight,0.36141999953542836
14,Load base weight model.language_model.layers.16.mlp.shared_expert.down_proj.weight,0.3139469990856014
14,Load base weight model.language_model.layers.16.mlp.shared_expert_gate.weight,0.05791500007035211
14,MoE / MLP,14.874577998853056
14,Attention,2.0987280004192144
14,Load base weight model.language_model.layers.17.mlp.shared_expert.gate_proj.weight,0.578278999455506
14,Load base weight model.language_model.layers.17.mlp.shared_expert.up_proj.weight,0.5235520002315752
14,Load base weight model.language_model.layers.17.mlp.shared_expert.down_proj.weight,0.4849209981330205
14,Load base weight model.language_model.layers.17.mlp.shared_expert_gate.weight,0.06768199818907306
14,MoE / MLP,25.726683998072986
14,Attention,2.1575219980149996
14,Load base weight model.language_model.layers.18.mlp.shared_expert.gate_proj.weight,0.5967459983367007
14,Load base weight model.language_model.layers.18.mlp.shared_expert.up_proj.weight,0.4899460000160616
14,Load base weight model.language_model.layers.18.mlp.shared_expert.down_proj.weight,0.45803999819327146
14,Load base weight model.language_model.layers.18.mlp.shared_expert_gate.weight,0.060758000472560525
14,MoE / MLP,31.93620199817815
14,Attention,1.8216270000266377
14,Load base weight model.language_model.layers.19.mlp.shared_expert.gate_proj.weight,0.6674489995930344
14,Load base weight model.language_model.layers.19.mlp.shared_expert.up_proj.weight,0.46455000119749457
14,Load base weight model.language_model.layers.19.mlp.shared_expert.down_proj.weight,0.4691399990406353
14,Load base weight model.language_model.layers.19.mlp.shared_expert_gate.weight,0.0783039977250155
14,MoE / MLP,32.26170999914757
14,Attention,2.876332000596449
14,Load base weight model.language_model.layers.20.mlp.shared_expert.gate_proj.weight,0.6763269993825816
14,Load base weight model.language_model.layers.20.mlp.shared_expert.up_proj.weight,0.5089549995318521
14,Load base weight model.language_model.layers.20.mlp.shared_expert.down_proj.weight,0.5003199985367246
14,Load base weight model.language_model.layers.20.mlp.shared_expert_gate.weight,0.08654300108901225
14,MoE / MLP,35.22554799928912
14,Attention,2.296381997439312
14,Load base weight model.language_model.layers.21.mlp.shared_expert.gate_proj.weight,0.5785309986094944
14,Load base weight model.language_model.layers.21.mlp.shared_expert.up_proj.weight,0.4454159970919136
14,Load base weight model.language_model.layers.21.mlp.shared_expert.down_proj.weight,0.4525920012383722
14,Load base weight model.language_model.layers.21.mlp.shared_expert_gate.weight,0.06107800072641112
14,MoE / MLP,16.31749999796739
14,Attention,2.3102590021153446
14,Load base weight model.language_model.layers.22.mlp.shared_expert.gate_proj.weight,0.6686970009468496
14,Load base weight model.language_model.layers.22.mlp.shared_expert.up_proj.weight,0.6255619991861749
14,Load base weight model.language_model.layers.22.mlp.shared_expert.down_proj.weight,0.5031709988543298
14,Load base weight model.language_model.layers.22.mlp.shared_expert_gate.weight,0.07772600292810239
14,MoE / MLP,35.64926699982607
14,Attention,1.963040998816723
14,Load base weight model.language_model.layers.23.mlp.shared_expert.gate_proj.weight,0.647217999357963
14,Load base weight model.language_model.layers.23.mlp.shared_expert.up_proj.weight,0.5146479998074938
14,Load base weight model.language_model.layers.23.mlp.shared_expert.down_proj.weight,0.46918999942135997
14,Load base weight model.language_model.layers.23.mlp.shared_expert_gate.weight,0.08094299846561626
14,MoE / MLP,27.505175999976927
14,Attention,2.454453999234829
14,Load base weight model.language_model.layers.24.mlp.shared_expert.gate_proj.weight,0.6425780011340976
14,Load base weight model.language_model.layers.24.mlp.shared_expert.up_proj.weight,0.49326600128551945
14,Load base weight model.language_model.layers.24.mlp.shared_expert.down_proj.weight,0.4594730016833637
14,Load base weight model.language_model.layers.24.mlp.shared_expert_gate.weight,0.07877700045355596
14,MoE / MLP,17.063098999642534
14,Attention,2.24459400124033
14,Load base weight model.language_model.layers.25.mlp.shared_expert.gate_proj.weight,0.6100989994592965
14,Load base weight model.language_model.layers.25.mlp.shared_expert.up_proj.weight,0.4768959988723509
14,Load base weight model.language_model.layers.25.mlp.shared_expert.down_proj.weight,0.4417929994815495
14,Load base weight model.language_model.layers.25.mlp.shared_expert_gate.weight,0.07634299981873482
14,MoE / MLP,23.85003499875893
14,Attention,2.254079001431819
14,Load base weight model.language_model.layers.26.mlp.shared_expert.gate_proj.weight,0.6357410020427778
14,Load base weight model.language_model.layers.26.mlp.shared_expert.up_proj.weight,0.5734489968745038
14,Load base weight model.language_model.layers.26.mlp.shared_expert.down_proj.weight,0.49486699936096556
14,Load base weight model.language_model.layers.26.mlp.shared_expert_gate.weight,0.07242300125653856
14,MoE / MLP,29.452177001076052
14,Attention,2.470703999279067
14,Load base weight model.language_model.layers.27.mlp.shared_expert.gate_proj.weight,0.779598001827253
14,Load base weight model.language_model.layers.27.mlp.shared_expert.up_proj.weight,0.6210679966898169
14,Load base weight model.language_model.layers.27.mlp.shared_expert.down_proj.weight,0.5378899986681063
14,Load base weight model.language_model.layers.27.mlp.shared_expert_gate.weight,0.0915810014703311
14,MoE / MLP,17.14867000191589
14,Attention,2.9225219986983575
14,Load base weight model.language_model.layers.28.mlp.shared_expert.gate_proj.weight,0.707688999682432
14,Load base weight model.language_model.layers.28.mlp.shared_expert.up_proj.weight,0.5608410028798971
14,Load base weight model.language_model.layers.28.mlp.shared_expert.down_proj.weight,0.46853499952703714
14,Load base weight model.language_model.layers.28.mlp.shared_expert_gate.weight,0.0886269990587607
14,MoE / MLP,27.060325002821628
14,Attention,2.586080998298712
14,Load base weight model.language_model.layers.29.mlp.shared_expert.gate_proj.weight,0.6453880014305469
14,Load base weight model.language_model.layers.29.mlp.shared_expert.up_proj.weight,0.47224700028891675
14,Load base weight model.language_model.layers.29.mlp.shared_expert.down_proj.weight,0.4874049991485663
14,Load base weight model.language_model.layers.29.mlp.shared_expert_gate.weight,0.0653810020594392
14,MoE / MLP,13.855223998689326
14,Attention,1.555811999423895
14,Load base weight model.language_model.layers.30.mlp.shared_expert.gate_proj.weight,0.4079489990544971
14,Load base weight model.language_model.layers.30.mlp.shared_expert.up_proj.weight,0.3463849971012678
14,Load base weight model.language_model.layers.30.mlp.shared_expert.down_proj.weight,0.3224459978810046
14,Load base weight model.language_model.layers.30.mlp.shared_expert_gate.weight,0.04910500138066709
14,MoE / MLP,20.47690600011265
14,Attention,1.1239399973419495
14,Load base weight model.language_model.layers.31.mlp.shared_expert.gate_proj.weight,0.4223020005156286
14,Load base weight model.language_model.layers.31.mlp.shared_expert.up_proj.weight,0.3354279979248531
14,Load base weight model.language_model.layers.31.mlp.shared_expert.down_proj.weight,0.32512399775441736
14,Load base weight model.language_model.layers.31.mlp.shared_expert_gate.weight,0.04816599903278984
14,MoE / MLP,14.480257999821333
14,Attention,2.10487599906628
14,Load base weight model.language_model.layers.32.mlp.shared_expert.gate_proj.weight,0.5464120004035067
14,Load base weight model.language_model.layers.32.mlp.shared_expert.up_proj.weight,0.4255540006852243
14,Load base weight model.language_model.layers.32.mlp.shared_expert.down_proj.weight,0.39711600038572215
14,Load base weight model.language_model.layers.32.mlp.shared_expert_gate.weight,0.0643640014459379
14,MoE / MLP,20.703639998828294
14,Attention,1.9637789991975296
14,Load base weight model.language_model.layers.33.mlp.shared_expert.gate_proj.weight,0.6005930008541327
14,Load base weight model.language_model.layers.33.mlp.shared_expert.up_proj.weight,0.5356900001061149
14,Load base weight model.language_model.layers.33.mlp.shared_expert.down_proj.weight,0.4707019979832694
14,Load base weight model.language_model.layers.33.mlp.shared_expert_gate.weight,0.07037799878162332
14,MoE / MLP,17.385029001161456
14,Attention,2.1056609984952956
14,Load base weight model.language_model.layers.34.mlp.shared_expert.gate_proj.weight,0.6430140019801911
14,Load base weight model.language_model.layers.34.mlp.shared_expert.up_proj.weight,0.5025680002290756
14,Load base weight model.language_model.layers.34.mlp.shared_expert.down_proj.weight,0.470523998956196
14,Load base weight model.language_model.layers.34.mlp.shared_expert_gate.weight,0.07314500180655159
14,MoE / MLP,22.132484999019653
14,Attention,1.6851580003276467
14,Load base weight model.language_model.layers.35.mlp.shared_expert.gate_proj.weight,0.651221998850815
14,Load base weight model.language_model.layers.35.mlp.shared_expert.up_proj.weight,0.5065129989816342
14,Load base weight model.language_model.layers.35.mlp.shared_expert.down_proj.weight,0.49898199722520076
14,Load base weight model.language_model.layers.35.mlp.shared_expert_gate.weight,0.07836900113034062
14,MoE / MLP,20.95665500019095
14,Attention,2.4661089992150664
14,Load base weight model.language_model.layers.36.mlp.shared_expert.gate_proj.weight,0.7245090018841438
14,Load base weight model.language_model.layers.36.mlp.shared_expert.up_proj.weight,0.5455200007418171
14,Load base weight model.language_model.layers.36.mlp.shared_expert.down_proj.weight,0.48964700181386434
14,Load base weight model.language_model.layers.36.mlp.shared_expert_gate.weight,0.09110500104725361
14,MoE / MLP,23.327518996666186
14,Attention,3.5481569975672755
14,Load base weight model.language_model.layers.37.mlp.shared_expert.gate_proj.weight,0.8573429986427072
14,Load base weight model.language_model.layers.37.mlp.shared_expert.up_proj.weight,0.5687989978468977
14,Load base weight model.language_model.layers.37.mlp.shared_expert.down_proj.weight,0.5111760001454968
14,Load base weight model.language_model.layers.37.mlp.shared_expert_gate.weight,0.09441100337426178
14,MoE / MLP,25.598049000109313
14,Attention,2.412432000710396
14,Load base weight model.language_model.layers.38.mlp.shared_expert.gate_proj.weight,0.6696109994663857
14,Load base weight model.language_model.layers.38.mlp.shared_expert.up_proj.weight,0.5507030000444502
14,Load base weight model.language_model.layers.38.mlp.shared_expert.down_proj.weight,0.5305199993017595
14,Load base weight model.language_model.layers.38.mlp.shared_expert_gate.weight,0.07182799890870228
14,MoE / MLP,22.977300999627914
14,Attention,1.5046590015117545
14,Load base weight model.language_model.layers.39.mlp.shared_expert.gate_proj.weight,0.5807809975522105
14,Load base weight model.language_model.layers.39.mlp.shared_expert.up_proj.weight,0.45023699931334704
14,Load base weight model.language_model.layers.39.mlp.shared_expert.down_proj.weight,0.5844289989909157
14,Load base weight model.language_model.layers.39.mlp.shared_expert_gate.weight,0.0651299997116439
14,MoE / MLP,15.371884997875895
14,Router,0.3031040132045746
14,MoE Decode Loop,28.306848526000977
14,Router,0.30822399258613586
14,MoE Decode Loop,39.450111389160156
14,Router,0.3184959888458252
14,MoE Decode Loop,24.40889549255371
14,Router,0.33980798721313477
14,MoE Decode Loop,27.499488830566406
14,Router,0.35020801424980164
14,MoE Decode Loop,24.166048049926758
14,Router,0.28569599986076355
14,MoE Decode Loop,19.965919494628906
14,Router,0.3102720081806183
14,MoE Decode Loop,28.493728637695312
14,Router,0.33881598711013794
14,MoE Decode Loop,27.636768341064453
14,Router,0.3164159953594208
14,MoE Decode Loop,22.909503936767578
14,Router,0.3142080008983612
14,MoE Decode Loop,20.622655868530273
14,Router,0.23971199989318848
14,MoE Decode Loop,26.967327117919922
14,Router,0.25804799795150757
14,MoE Decode Loop,19.98793601989746
14,Router,0.23455999791622162
14,MoE Decode Loop,18.29596710205078
14,Router,0.23427200317382812
14,MoE Decode Loop,13.5665922164917
14,Router,0.2396160066127777
14,MoE Decode Loop,36.744319915771484
14,Router,0.24985599517822266
14,MoE Decode Loop,18.84182357788086
14,Router,0.18223999440670013
14,MoE Decode Loop,14.851807594299316
14,Router,0.2516480088233948
14,MoE Decode Loop,25.37241554260254
14,Router,0.26009601354599
14,MoE Decode Loop,31.495807647705078
14,Router,0.29795199632644653
14,MoE Decode Loop,31.662208557128906
14,Router,0.32767999172210693
14,MoE Decode Loop,34.64944076538086
14,Router,0.2529279887676239
14,MoE Decode Loop,16.025087356567383
14,Router,0.30822399258613586
14,MoE Decode Loop,35.09795379638672
14,Router,0.3072640001773834
14,MoE Decode Loop,26.96246337890625
14,Router,0.3070720136165619
14,MoE Decode Loop,16.674240112304688
14,Router,0.28569599986076355
14,MoE Decode Loop,23.49126434326172
14,Router,0.2826240062713623
14,MoE Decode Loop,28.858495712280273
14,Router,0.36880001425743103
14,MoE Decode Loop,16.333215713500977
14,Router,0.3184640109539032
14,MoE Decode Loop,26.356447219848633
14,Router,0.2876479923725128
14,MoE Decode Loop,13.805888175964355
14,Router,0.19350400567054749
14,MoE Decode Loop,20.58576011657715
14,Router,0.17715199291706085
14,MoE Decode Loop,14.528608322143555
14,Router,0.23347200453281403
14,MoE Decode Loop,20.552576065063477
14,Router,0.26316800713539124
14,MoE Decode Loop,17.13164710998535
14,Router,0.2733120024204254
14,MoE Decode Loop,21.874271392822266
14,Router,0.2783359885215759
14,MoE Decode Loop,20.52035140991211
14,Router,0.31324800848960876
14,MoE Decode Loop,22.831199645996094
14,Router,0.37990400195121765
14,MoE Decode Loop,24.841503143310547
14,Router,0.29388800263404846
14,MoE Decode Loop,22.564224243164062
14,Router,0.25407999753952026
14,MoE Decode Loop,15.129504203796387
14,Norm,0.340256005525589
14,LM Head,6.321152210235596
